:02000004701872
:1000000042E3FACFF40FE73D39F21D4701F5DDC0B9
:10001000F01A4241FAE9D8FFFDF715D3C91419D8EF
:100020000FEED2EA00303AD60019FFDC27F5F9CD01
:10003000CCFE11FA1DF7E5DD0CD9CDEE2C192C2CD8
:1000400023361EF4D62ECBC0E705F83710B1ED4F9E
:10005000F5E4F4FD1F22DE1139120E03FADAF9235A
:100060002911CD0EF3B821F4FAC0C40714D62AE83A
:1000700001F815F8E5F935CB48C4EFDA1DC4F5EF02
:100080001AB7FB1918C8016005EE4B5CD627BCDD1A
:10009000E4D7E7FF3903C92013410846F4F2C6E16B
:1000A0000FE41C4907C6FD1BF5DA1819F9F9E3E25C
:1000B000343AEA22CBDAFA382E0CF306260E21095E
:1000C000B2FDDDD8E1040FC6FAE70EF43320F2F7F3
:1000D00024F90AEECA3519AD1135E0F90F2E34F4C2
:1000E000FEDAC1CFD0DA26DE302120EB31C7234142
:1000F00016F5DD28D23505E51A1F171921D2CD07CF
:10010000F9F43D354C0AF3F7A4E52325D4ED26C0D8
:10011000DBE112333BEDD6378DE64374E7DEFF9922
:100120009EF0F9530DC607EEA52BEE38FEFA30D03F
:10013000EF2AF327CB16E7C8FF1FE3211018FBCAED
:10014000D6FFE11BF604E9331028411D34F43CC00E
:10015000DBD0E415CDED1AE2F7F145E20DD725EF3E
:100160002E17DA07EEE3E8E8D14C212E2E0DF4FC31
:10017000CAB7F7CBFEB91DFFF4332FC7D9491A1BF5
:10018000324320F23BF849B0EEFFFE02F310242286
:10019000BDC4EDE1F2E2D6C781FAD1EDD7EA0BE2B8
:1001A000F0FA4FF508500FDCBC988AB4DFF6101F48
:1001B0002802EBC20D163B0B14EC1224E9EF0BD412
:1001C000FE98BC0129AF9A6AE71927E8E7082CC90D
:1001D00010A2B63AFCC3D459E41115130F341533E9
:1001E00034CB14F719D9FAEA2FF90C35D41D532C56
:1001F00004E702F411C3BE28595E4EBAFF505A06F6
:10020000F406DDE30EE6FDB9E605EED81BB7CBEE4E
:10021000E0AA050FFAFFFBC5CABBD6E4FFA7BDBC29
:10022000DF061A062F3A1ADACDE7ED2810FEB105DF
:10023000F75AF5DC11201EFD113FEA14E4F668EED2
:1002400018DD470CFA19E15A0712FDE4C9BBDEFAC2
:100250000A8D0C4504A9DCFF1444E50614F08B0953
:100260003F2C11EFC6173D09DD04F3E6FBF9B8FB9F
:10027000DD10F9D4D123EBAE3768F814CCD01313CA
:10028000D6330FEB20DFC50B3481FF3FF9E4CA40C2
:10029000F3F9E4E72DE3FD1CA70910FD0415D3BE17
:1002A0001329C0E8D306EDB929160BF43D4946F5EC
:1002B0001C60D52AFC0715F9011ACB1E000F0ACBCA
:1002C000F3D92D3BD735FAE82C0D06D8D71C00E919
:1002D00010D11D122A2ADD2D430A29000A0CEFE055
:1002E0003A4222E1DD214502422DF8C941FA0FE3ED
:1002F0002B35D9272113F8CA2FD0FAE706B520DA13
:1003000015E5F9F20BDBFDB32AFDDA3D10DCEE0D4D
:1003100024F7094917EB23DF30FC2C300623FB4779
:1003200019D2D515B625F4C75DD9E101F2233A3AC1
:10033000E002D6E504D31EEB27D716D6FD2C0E44DB
:10034000ED2728CFF318EEBCE21623CF2DDDE5EF25
:1003500051EFFD2A170C156025E606DAF423245127
:1003600034C70FE2FED6374A13D14014CD182EE819
:100370003310F71424F4F2A413E20FB7C2C8EB143D
:10038000FBE131502203DA4ED9C7D15C4030D81896
:10039000F7F6F72522E3D20BF6C816462CCCD91F68
:1003A00033D608E91003E7043025D10227F8E7BB6C
:1003B00028FCD1DDDBC8DB21FCDF050D12E71E07C1
:1003C00033562CF612E425F6A6F33BE51E0014E3A3
:1003D0004809F63624F0F55110DBEE15E8E6F13267
:1003E00016D616FC0903D574EFD91C39E8BFF023E3
:1003F000E5351DFFBE082FE33306E82909FEDC447E
:10040000E0142D571426EA04D2D1F5023CDE29214E
:100410002B23D6F4172A0AF6CCE6DB4024D7EC2CA3
:10042000A881D6594DB947E538EBB5B7DF000D08BF
:10043000E7EB1CF4E4F103FAE3CD2F2FECC10158F4
:100440000D2FD99BEC12F3ECE01DDF12D5C9EFE6BE
:1004500037F6171AFC1D23FAA0F2300911ABD5ECC0
:10046000E82ACC1ACE253027C0E0231FDCB9F9FDDD
:100470004DC0BFFFD92D3E0EBFFA181111DBCB3195
:10048000C04A422E1839C8D8DE1404CAEDBF2A115A
:100490002D0EF6FDEC1AE3E30440C0DEFF4F0034FE
:1004A000F14834FFDF50B7E47F18A1D1FB5514DBCE
:1004B000CD2914C2222CEDD4F2BC042D12CBEC3188
:1004C000280BDF2107D60FE7C0D3FFC5E1B6DB2538
:1004D00031A9D942DADA3E29C70ACB14F0BD24EC9F
:1004E000D1D2F81A11C520E6D7031317FED2E15076
:1004F000EED0CDF2D1EFFF7FC95620BA20D9BD9AF8
:10050000FE17151847F306C3FFB0D93BF2D418F411
:10051000381A2DF802C710AC3EFBD8D4EA46480A78
:10052000024D1CE00B45F91324E92CF2C2D53640EC
:10053000FE4113CCC3231C3A0F080129F3EDB93750
:10054000B104F828222BE30205FB1B453EE11EF611
:10055000DEC5C3EBD5223A62F4C50D0CD9B615152C
:100560000BD616C607E9D85A28B6EC17FEBDE9DB4C
:10057000D6E0FA26EBE32C472DFF02E8FEECEABAC0
:10058000F6281FFD2D0CD6CE1D0E26FF33B5EA0E24
:1005900016FE211E1FDFDEEE18C5040EE7EEC2E4D4
:1005A0001EE5F3FA02272DFDE7AC2B3D32FC19FDC9
:1005B0002CF0D6FAF20FE80E1C1FC7CD08DEF207AA
:1005C000BDCDF9090BF429CADB340707F4F2AA14EC
:1005D000CBBF170414F52F50E512E804DBFCEF48FD
:1005E000DEE9BAC3DC17D6050F4B27BCBBC8F0EA5F
:1005F000DCF4CD07F52CE0100F43FDD9E129EBDB4E
:10060000E9150FD36658C940A338127FE60CD6FC13
:10061000D401F0521B3CFB1D3142E8C4D928972F6E
:100620003FE6F0FCD2EFA604B901E92C09E0C7FAD5
:100630002536E8CC36EDBADAFBEADDC0CC0D1A215E
:10064000BDE4255FF3EE39D8D413093645F0E44014
:10065000EF4611F2021D9F321001EAED0215C7218B
:100660001FD8CDDF0ABEC3D3EECDE9B0FFEEF7E26F
:10067000E5ADF634C7B51DC80CEC21B10D08F50485
:10068000EB0F3E160FE108D1C5F0E23FE8D1F6EFDF
:10069000F30C1331F203ED330102FB2DE9D9ECF534
:1006A00012D9E219133941ECF4CCE246000B4F2485
:1006B0002ADE19DBDBC709BB3DDBF1C8E829EDEB1E
:1006C000D847FF3C062B4C17F7B049EDFBEEDB1982
:1006D000F8AAEC26A9D006DBDC03F700D9F4B3CAEC
:1006E000DAC9E90B0907D81D000500F8FABF03F3C2
:1006F0001FD10FD9FE1063E80CE605EE321EE0FEB6
:10070000C6D1421737E61440D92D231A07313AEAE9
:10071000D7062C33305AF1D80FF4E047BCCD15EA98
:1007200017EB3756F8F660191949100FB10D7FE035
:100730001D1A2BE4E3B7DCF8C20DC31AD405E8C5D3
:100740001F67D80FD108230A15F5FED736F3B8FD79
:10075000C9E6E021DB2F6314E6C0D1E705E810C14C
:1007600032F3E5F8FDE5EBE2EAC9F7E7F5DDCBE9C1
:10077000063EE4C4033534F4F5E3152A3423AD19F9
:10078000C4B43DF112DEC114283F270BCD1D07F77D
:10079000D8312933E2550A0D4F100A29023352038A
:1007A000DED721E900E4F6EB33F301F9F94BF83930
:1007B00035F024E2DE2847E5F3D60D1C12F8303080
:1007C000CF090B04D4E4DD37F24BFC0635F7A1E486
:1007D000281FC206F81FFB2243EFB6FB0AE2C9BC82
:1007E000BDDBE3E01507EC273517F2D116E4EE1771
:1007F000FC0EC91D23DBDE1CD931E8051ED80EDE38
:10080000D34310EA264BDFD2F3D0E91BE7D5D8F06B
:10081000C2C7F63604EF232DF4D42446DD2441125A
:10082000161DDBE70643D32E11A0E7131AEFF2D40F
:100830004C05FAEF2AE5FCEA05DEB807FCF5E9DC31
:10084000E9EB0E1FF0BAD1CD252A39E92FDBE91FDC
:10085000CEE91518CE07D9CA09C3EBE926D1B932BA
:10086000DAD1FEBCFFADE33428DFEE0E1848CC1918
:10087000CEFA1022F3E6EFD3D54110EE0F270E3B50
:100880005327F8F9084E0B1407A61DF2E9F5D4CC4E
:10089000D12A2706F905F313EFBE043614FBFFED4A
:1008A0001E32F526F54CD7E2EAB6EB10E1D8D1BC02
:1008B0000E3B2DD8DC1E010C4AF6260DF54FE61630
:1008C0000AF9CD11C8F3EEE0DE2FF701FBBF1836B1
:1008D000D5B0EF15F018EEAC0BEC000CECD72F16E2
:1008E000DD0ECEC2C6FA37D4112D18F0F903213827
:1008F000031CCA2207C7E8C6092DE8A02FEBCB4B83
:1009000004FFE1E417DB1E7FD708E1FFF4F99A2C1E
:10091000E7ED063CD905CC2B3B3935501BE7B93404
:10092000102C00FAF30EECC01122ED4EDB11A229BF
:10093000154209FD02F5C3D8DB22F409450101D2B5
:1009400029F0F24028341BDF18DFC4E0FE043C4EDF
:1009500000323652C71CE6DDF30405292D130AB711
:10096000DCEFFE0623F1D8F8311E06CCDACADFD858
:10097000E10D39FDF645FE0CD6F3FBD5EB1534F24F
:1009800045EDF0DE2AB5E640EF1208E928E82A1026
:100990001708F4EE3718182D0506FD1DDA0D21D2C3
:1009A00008F5E411D80F0BD00839CBFC255D1DEFFD
:1009B000D332D226C11930EE011EE340191DBA25EB
:1009C000FDF82419E54139E4CC3930074D0B304AA4
:1009D00007FD1148C808D9C0C730E8081B05061034
:1009E000DE43D7E6DDBBC08C161DE62821C0FCEE39
:1009F0000F35F80ADD241519F828E4E4D61225DCB1
:100A0000050CEBB5EAE8F748ED25213A3B27E82746
:100A1000F6C5204618EF02EA0EF722F2FA2730F365
:100A2000E7E8B2F939D1161B0F4D08070908EDB6F2
:100A3000E0F4CBCDC73255ABDD2BB8E2212239CE65
:100A4000D016E20BE906DEFFD72E25D2EEBBC81981
:100A500006DD2C22E74D1C14CA36DBD2F3F50BB4AD
:100A600030D3E601AF37DBF4E406E511D60E2FF9FB
:100A700046F80006FEEA2438CBFB0E09022501F5F4
:100A800012D430FCEAB5C6FE3A3EF83D130ABAE28B
:100A9000FEFE0FD6EDCD94FC4AEFEF07EBB2A0E8D7
:100AA0002B11D4F828E2CB3443461D420BDDF6E788
:100AB000EFA2D9F93606E979AEB7D39DC43439D45B
:100AC000D104E01B40E5CCEF2EFA11170DDC2F18F6
:100AD0001725F2FC23E117F8E712EB10FF023BE5C4
:100AE000D1AACB9E023BEB24D218FEDABF1D5922BD
:100AF000250681E910B08F1ED8CCECDEF20F1D6EFA
:100B000017434DE8160E0F11E91EE5E0F2A5ECE8DB
:100B1000D7310E3A07F6F8CED522CF3430FFE6E2D1
:100B20000E384A010C0ED31AE8FDD827EFB1D922AE
:100B3000250C365117D1A3F215063C03E60F4E459E
:100B400029BBEA062B5F390C1CF7F106F504DBE440
:100B5000F2F7BAD2FEFDD62701FEF9DA2DF2D0E87F
:100B60001A96B7B1E32D7FF6F1412D1EE13F21E545
:100B7000FEE7F4EBE0DFFEF2EF06D5034116D7BF48
:100B8000097C2EC507E3390205F1AEFCE2B7C62A9F
:100B90003842E4E1C3FFDA1125D3C703FEFC111B81
:100BA0003E5040ECF64E59CC13A3132CCFFDDC4B3A
:100BB0003E5C0A17750ADFDAF80220FBFE5AFFB026
:100BC000399F3BEC1F36C937CA03F7FA06DB42BD33
:100BD00006EB073A12AEC4112AE2EC1EEF266CCEE9
:100BE0003711134612F222F9FD3302B5E2565A08C4
:100BF000EE16FEF3E0FB0C1C1028EA29F60A23206F
:100C000025D21A2A15ED001DA8F5D8DBFAEFF43924
:100C10000C1FECE533DC09EEF010181F04F6B41DD0
:100C200025F30EF64918BCEBF60B13EA01DD031EA3
:100C300047D8FDE3F227FAE525120506DE0DD3F7C6
:100C4000DE4627EF2CF1FBD2E305CFFDF9FB4B0984
:100C5000FA1203FC16070139F724F7021525BB68C1
:100C60000C343304EE23EC4F30110EF8F71EE2C8BB
:100C700008FAF3D8453EFD1E3DD109F1F8F91748B1
:100C80002A1706CDDC2C19C8F9D5FB1D271A1A1214
:100C9000D03CDAFE27EE04FEDE42EEB1F5391B133E
:100CA000B05922AC06252AAFE16F08C03F2E021AC8
:100CB0002416E703E3293219FA2B2ABC0C3DC2287B
:100CC0000F1DDB1E1D042BEDEBBE184CC3E4FD2FE6
:100CD000C33FE0C81337C8231F3525EEF92837FC7A
:100CE000461D131BF8EEE2D40FE707150EFC20108B
:100CF000F8452A111F2C05A20BD3DB32D8090016A8
:100D0000EB0F112FD9BF12489C2900F7FFFFF323E7
:100D100020EDCA242EC70FB7DD1714C223D5C5BFD7
:100D20003AF302E4071AFD35C21E3C132AD0C10F64
:100D30001D0A1D48F70317C33B26FBD0CC74E909F5
:100D4000382005D7301529A7C9ADF85802F1CBF4E2
:100D5000EF6645B5384518FBFCDC01F5222FF31A88
:100D60001D401112F8F5D41E0712FF0DBEDBF31261
:100D70004325EFDEE9EDF51A0F9E47501F222305AC
:100D8000C7BC0FE7F0A7E9FBFF11C7EA141DF13656
:100D9000EE151E1835F0F303CD0DDDE816FDDDC8A8
:100DA000FEE61D3EDBACF727C7C720EFE80102D700
:100DB0000AA8C32A0ECC324834240910EBFAFDDB12
:100DC00032CAF83C1DCE0ED52EF2C0CB12211A200D
:100DD0004A5AE0FE0427E90D2725A6EDD9082A1E68
:100DE0003E3210F113571B1B2A5215B51D2DF7511A
:100DF0004F06EECAE155105A1324C0C0141E01BE9E
:100E0000A5D2F4DCD6B6CBF8B91EFB04322EF41210
:100E1000F90DC8EC02EFCCA83B051F18021650468E
:100E20008FC83AEA20211B41FB17FCF407FF21E998
:100E3000D6E7FBD8E1144B41D34843F217C1C6179C
:100E40000A13C830FF1D18E50EE0B907FCF927DAD0
:100E500049EB31C9FDC91E062CEDFFDEE7DC233D61
:100E6000282F01C9DD001DF252192BDAF6CE2F30E2
:100E700040DB4DDCCDE93810F634AAC0D33309D2BB
:100E8000C913C8DF26241DAD1E211621253D190DCD
:100E90003BD4F6D5F60CE79637091E02FC62FF93A9
:100EA000D6D7E4DF020EDDA8EB19032E342F12286B
:100EB0009DCAD9EC3E2818BD192E43ED32EC3517EA
:100EC000D5E6064804DC07FBFCF913E2FA0ED23142
:100ED00026064F2F19E5F41DE70CD6FAE64AC92875
:100EE00018FC3046FEE5FF454336D7DFB430DFC798
:100EF00027DF2F2ADEE5F44201F5CCE9EA2614FCCF
:100F00001DC0BB19263EFAF6E01DF81F0D434F2207
:100F1000FAD5FB2F1B07E0FEB9D506083320DED03B
:100F2000EDC5D465E004342AB529FF52232557D8EE
:100F30000BE4BF0ED42D231AF8F7BEF1CD04E1D493
:100F40000936204110061BFC1A1816A61720D93C9A
:100F5000FC2F34101BF3F314D40ED7F71D1FF9E345
:100F6000F220EFD9D005EAD72ADDD7DA3423C9E653
:100F70000BFF0E1BDF20E8FD4019F2A90A12EFF863
:100F800036F6CAF1274F5617100939F104D925BE94
:100F90001B28322825F9391FCDA9F31323C914FFC3
:100FA000DBCCDBDA0F0F3A3F2F13E446F8F2260CC6
:100FB00004F1D0EEF429F400BCD7B4E72D4CCD12E7
:100FC0000DE1E7E600380500D00FFDC608D7ACE11B
:100FD000B607FE4EF20750E02AEDE9F703B70B41E2
:100FE000003FCA3E1C6DEB3CD7C803F2F0DBE4D4F3
:100FF000F918021DCB000B29C8C412273114C103F4
:10100000ECF81CE63500CF0204C3160AF4B2E20B7A
:10101000C00027F7F629C9C93A2C230D1006C0488D
:10102000E72C2DCA3922D71CE109F00C031BCCE4B4
:1010300004FBFAC3F8D62DE731D2FB2DFD231A416C
:10104000F924E7ECEA3646CEE7DDDAD2E2FF0EB964
:1010500034D3132309EF3610FCDC2B01F70D2DFAE6
:101060000E36D029131F32212AF1331CF5ECFE0174
:10107000E11EDD1A194B451C1EF92B28271116BE3F
:1010800022FAF0E8F6080BCD36E41208CEEEF8C7E7
:101090001A1EF4FCE51D2513E32C0DE1353FDF3668
:1010A00001B2201D03FEA612D76AC822FA5342FAE3
:1010B000FE03F512070FF4DBD312FF042DC2EAEC96
:1010C0001C1DF734F9EA25DEE925D5B8D2DA1FC0B0
:1010D0000234DCEF19F1F51804DAE107242CDC31D5
:1010E0001E431916F9DB754DDBC5F6F2F10C0D1038
:1010F000F4E2E03419F310413B5EDE120D3C47C5CB
:1011000035070DEB1EB92FDF18221323E751B61751
:10111000FE691E13F82E4712E6261F0D021428F74B
:10112000D1F5BFC813B9CCC6F8D80AEE15F1FA0B41
:1011300061CCD841B1E40B8132C62CEEE8C8B0EAEC
:1011400081DAFDEB1F97DB1428E639082DE829EF3B
:1011500010E4F308210AC7E8FDC52508E611E2BD41
:10116000AFAF4A1006B60ED9F4F914FF111FE0DC38
:10117000F3DE1E2113D308CEFC06FBE3F15114125B
:101180001226F5C118D02EF0BD19250C3E5B0E3C81
:10119000C72109CEFDDC3C2DF445F61834194E5913
:1011A00025381716E00048D6F806FCF6ECDDEDF021
:1011B00029FA0915BFDE0ACA6B07D61BD81505ED3B
:1011C00085A3391CF3A423D01E0EEB071F12143C79
:1011D000C9F01029D4170D39CEE819E2E5D91E342B
:1011E0001FBFDD2916D3B3DD3BF431C7152FCAEB82
:1011F000C3D21D0617E2EB040305FD3AE017DF2416
:101200002EBB30991EDE20CEF7E7CBA8E4C2341403
:1012100005EBDEC328D415E80B42F128AB19061DF7
:10122000DFFE0C05CE47223B1040E9F607CDF71F45
:10123000FC182DF4032FE60DEFE301411F2211F0FE
:10124000DCDC0ECE0EF6FDD7420634AB43F9DC1FD4
:1012500039FA2AEC0A15E716E11C15F6EF02D1015E
:1012600006E0F64E295EF5E7E5ECFDF11742101FAA
:10127000CDEBEE2602F1ECDE2120F22B26D9D42193
:10128000EC1E21A5E7A22AB3FAE8D5E3EC0E3C2E2A
:101290001FC8E4F13D38234819F9ECB03F0838473E
:1012A000002124982AC9403211D9D6391F28D247A3
:1012B000F7D11AF632031EFDFC32F9D2F3D5BD196F
:1012C000F718213D20FFE20304F309E90EC4F205FB
:1012D0004DE6EABE2D11FD1A2C26F11E33201D1AF3
:1012E0003D1F05020E2BCA0A580C19F3EE241FD11C
:1012F000FADAE3D121320DF64D07221B0CDBF4E2C2
:10130000240D09C916E4162ECE0835F308F41F087B
:101310001429DA5CD018BD1FB00AFAE008F4293DA0
:1013200026C30D0619D7B76FC9F4E807C4042B0DFF
:101330003AEA0EF128EF2DDC0F11D3001AF2E2EC9D
:10134000ECF6EEF1F3080A3AD7FB1DF6B73DC8B04C
:10135000D428D91F06ED3560E6D9C0953EC20F38B6
:101360005020D0FCE5190CFD2CECEDA6052C0B173C
:1013700001FB012FEBECC4E8E1EAFF0C1C0019B4FF
:10138000F3CDF12E2551EDDBD648EE3A13DEBE0B40
:10139000D44708E4F1322048051A122B39EDD0FF6A
:1013A0001114B66EC5F79CE00DDB1734CEF2F6E2F1
:1013B00010F0EE5C350BB7FF06D4B9C8F2F3EA00C3
:1013C000221E0ED3031AE3FAD838F403BA35D1B487
:1013D000F4FD1EFEE2DCDF35E2ECF32CCADFF8DFC1
:1013E0003EE00397F8041FEAD7CDEDF3F2BEB7E76E
:1013F00020150BC934CAB309CFE4EFD7D44418AED3
:10140000D70C0AEDC72C4BDCD3471015160B22D88E
:10141000DF3B0A1DB81972252E24FE2AD53911C0CA
:10142000F700EC13E7E4EBDF3A4FCFE2F1EC05E82D
:10143000DD01E118EEDCDFF71DBBEE19F019A12686
:1014400046BB083FFBF110D0142B149800F7E1AF16
:1014500038EBE5F41DFCAF0DE5E9C4F2F4C4EFC8C8
:10146000DDBFB3EAD8F9B759EFC3102034D81BF960
:1014700006FDBD1C00D1EEFF140EFDCE26D3FCBF31
:10148000070B4BE1F27F163D055AFD13EB0AEC9773
:1014900033675B0C22392DEA3D0C440814D545080E
:1014A000E22B34BF00241F0BE4F5D63808E2B3105A
:1014B0003BF40FBEE433281D3BA7222A1B3EF00954
:1014C00018F9D911B6C1EA2EC7E5F7F7F32C4C2964
:1014D000E25AC0142881CE3603DA310A20E224FB16
:1014E000C9C4CA100DDEDCEA319BDE49FC2219F5C5
:1014F00011FCFC1825F2146340BA19CB43083C23B5
:1015000022F6DB31D9CA21AD40F1EB4BECE91C34BA
:10151000D9E3E946DB1E38B2E1EEDF43F4FF4E309B
:10152000DD1DC40A03F9E7A752B8FA4ACFCA304B07
:10153000C6ED13B9EA2EF723F02EEBB6321DFACB27
:10154000CBF3401833C9C82DFFC7102002D7F8CEFF
:1015500032DAF6E4FE382825EE3C15D02BDFBD56F6
:1015600009EC520838C2B5ECF5153EBA0730FFE673
:101570001D0BE1E21CF5CBB236332FED0C28CD3933
:101580001A1B2736D020E1E852D9DC3BD72F71CC8B
:10159000FFFBCE100FD9073423C9DE6C12DD03B474
:1015A0004E0AD9EEC3B4E0EED6E216EB0DD9CCBAB2
:1015B00018F93E16DB1FADFBA82E211B0DCD0749E8
:1015C00001E62E14F9D1EED1E91E20D3B8F8DB04E0
:1015D000E8000804FAF911BFD3492A34C6EDE23114
:1015E000BF28FAE2031D812F0B571BED092012249F
:1015F00019E5EFF71C00D8F0D8010DDF1CED00D97C
:101600003EE82BF0F1390AC7E5CC02061CF63DBCDA
:1016100038FAC3EC44D94AEC2DDDB643ECBBFEDC12
:101620000A03FF1EC224C80E39F7BBDAFFF9EEE841
:1016300047461B3608C0C7FFFA48EB10B7EFA907AB
:10164000E3F0C9E9170305D9F01C6DBC05E7E6F026
:101650002AC5A72A21BC2EE91ADEFD0DCFAD23161F
:10166000D868E8B7F106A9D817D9EE3D0D1C1C11B2
:101670000D400913412BEA31DB5C74DDBE3E1725BA
:101680002F08FC0D1FEF23100AB2A5143509200402
:1016900009C6DACDF72B1F2C1EF9DDEE3352112FC0
:1016A000DCC620F1FF1F1B4B12F3FF03F62FC7A967
:1016B000F21F61DC07F8EEDE1E0DD713D4F4461BD3
:1016C000EFCCCA312FD9E1C3CC1B08E60B4B140F6A
:1016D000B911E3E228DC092BD6FECDE228D3D0599C
:1016E000252B7F1FCBEE9E2C0D300F1C211BE14ABA
:1016F0001F12411FD5FBBE11E4F8031504CE0EDC0A
:10170000DD23F10FEFF307D8F5C7E2D31CEA1DDAAA
:10171000CAF1BBE82221FE393EFFC5B60D4428239D
:10172000032009D2FC33F01A0013AB08370212D1A0
:101730000625563E05F815FDB9FCE8E41C4E262C9E
:101740001119C41C3C05CFFF3CEB6434042118F193
:1017500019F1BDEB193C192CE3EBE4D8273E07AB9C
:10176000151D2316F901FE0C0E0F06F8E6E510C64E
:10177000E62827CC0F3B0B47CB1A4FE81817CBE6D0
:101780003EC6E7531DA104460DF781ACE51225497D
:1017900024BEF904D0D8194B29ABEB75F2D0F3E293
:1017A000EBF2FF3114E222CBF924ADCF1120086413
:1017B00015C3022B06F2E08927FEFD17501A0AEA2C
:1017C000332B6A0FF414F7BF173D3B130201E4FB00
:1017D0001417E4B8DF3AEB4AD804F004EA401EE3F9
:1017E000132B34302B0AE8CAC6CFB955532508232A
:1017F000101A1955DF24DD4B2119EFFF3B1023C3CD
:1018000036F001C6C8D704EDD230E4FB2454B41B33
:10181000E5D315CCF0D13BE8BDFCF73AD4E3E2D4F4
:10182000F711FB0CBDD00EFBFA342F2C63420A4596
:10183000F5BCE121F8C7351EE1981033BBBB0EC5DE
:10184000C6F2122D240A09113D34E8CB434D0B207A
:10185000FFE3F42808F0D92A2DCEE314D91115207E
:101860001C14C319E6321AB9E8D5AC301F0A2B2C68
:10187000EAFA1F1A1ED406F2FED8D81B2E0C160F39
:10188000DF78CFF44218F82DBC0A0A05D5B9112F1C
:101890000CFC210AE0ED0A1C06F33113E4F1D01C24
:1018A0003F7DFF0BC62415E308F61605F2EDF8069A
:1018B000232CDD43FBED13E7EFB9F250E3321C1BA1
:1018C000D9D21FFFDEECE1D8EEE402E4311BF6359D
:1018D000CA3FE8180FC2F72DD5FBEDF2D41A122833
:1018E0000CC5D358073F43DE3031F3F2FC38E248F1
:1018F0002CC5FBEC2500E1D4C10905313A4336F390
:10190000FDFDCDD7534A260B19CD3BE200A4271F7E
:10191000D8DF2E15D30F16D7032AF6C81B14F69B53
:101920002D0AAAD33A5FDBE101FB08EC06D00AE6F8
:10193000F92329EFD85D2629DF42DD120638DB576F
:101940000B25D71B2BC7FC1905EE01F01000F40F77
:10195000C8383B22BCDAF0FF26F11BE12860040105
:101960001C02F215F04228ECF52E01F7C923FA1DEE
:101970003DF91405F2FCF0DF4A08262138471048EB
:10198000D2AF1425F8A5F0CE350BEBE208B1F194F7
:10199000E2E91519280CE3E93BF9EB15DB2E32D00F
:1019A000F50200C708BA07C607ECF810D92ADEE32B
:1019B00006DE15EF49FAC0111DE20EE2E82B1422F3
:1019C000243FF42EE6420427D700C305EBCDD236E0
:1019D000D018F5211C2DE6141CD20103DFD605EA30
:1019E000E7E62834137F027E0C2B20010016F9F263
:1019F000DBD9252E1C6B263CE4E6CDEAF0D9F8377E
:101A000004F22400DCB10DFE42F21ADECE5FD7B73D
:101A1000033E0DEDC7BFE914FAC628E4BDEFE0DED2
:101A200025D734E6F5A008D0EADB1A19C1F8DECED6
:101A30000C19E6011CC5CF20E4F6E6E1D59A3EBBC1
:101A4000C73BF025FDE82DD51C042713F8162D21E2
:101A5000D5F902FF02FF1DD5CD0BE1FCBC12E5DB81
:101A6000CAC3E613D4F218EB4102E7FE23121DF4B9
:101A7000A6D927E903CEE53A2A30F538F929C6E98F
:101A8000D5ADFA0D39FDE4F0F6E4FB09ED49371563
:101A90003412E1E81ED9FA1B88E322E40E02C62EB6
:101AA000CAF4CBD716B8270F1504FB0B29D8FE367E
:101AB000A617E8ECE2C5A92AFFE8F4F316C2FDC0B8
:101AC0004C2E3E0432C91DFBE90EE6C907D82B1E79
:101AD0001B4C01E10BFEEE5EA234FCEAF1E3F52FB4
:101AE000F933EE2BEF240B17A3BD0320D8D1F50754
:101AF0000DC40518EEF4E925B115DA3A162E131FB8
:101B00004406070B1E3E104B141AECECF4AECEB795
:101B1000E9C619C347D22736E30332C6E2E123EA16
:101B2000C6F4E309FAFAFFF420ECE2B2F6BBF7E7F9
:101B3000DD09F64AA7184A190F350328FC1644E8B0
:101B40003003160A4A3A1F033AD4CC451E49EA2606
:101B5000C930E9E7ECE7EFD2F3391B30DB330E3D58
:101B6000CD1827F8B21A07C73104F9CEC730F727C6
:101B700017F021CC2ADC32204752052C09031CF730
:101B8000D2D405322F18AB15F0C2E60502CDCA0D2E
:101B9000E0E430CE3139E0CFE1C20E2668F4220E07
:101BA0000817071506331116D9FBF72F3701F4F87C
:101BB000DF0F0FB84E4A63402CD829C1105B1AF3CF
:101BC000D62209DC2736DCC549DC072BE724E0F008
:101BD000BFDF0D2B39C125BBF2E502F36635752A4F
:101BE000EE10F4C6BC680530DFFBF8DEE736EB2705
:101BF000EA051321FFEF0DE3560FF1CF2CDD2E0286
:101C00002FCA183F01F40F34D8FDD6E003DEFFD30E
:101C10000A220500C8D6D9A4E749246BC014D0CA4B
:101C20006DFAF737FCE3B8D0E41E21FEEDD8148737
:101C30002FD010252E1EBA2DAC14090F01F34C1015
:101C40002DE5E6E21AECE6030BBFE1C603222140D4
:101C5000EE2A234804E809BB0E0A09090109FA4FD4
:101C6000EEE0FE2BFD2E35221F15CAF5E5FD2D32C7
:101C7000FD422537E209FC131A090EC6FBF0287D48
:101C80000AFAE3F5E63EF008B3E4F5E30917A9BC68
:101C9000C930FF8DD1083F1B24FC1AEACB0DE207A7
:101CA0004BE6CD9DDC30E892F41E060CE9ED2A31BE
:101CB0004D49E0FD20F3E7174F27F01F08CBF8F759
:101CC0000A2FE5DCE5FCD8E8B5B2D7F01D2DDE2003
:101CD000F3311B010BF1D414EF1CFBFD0A28E2FACF
:101CE000F9DE0E1855EE4F5C53C8FA06CB23E81008
:101CF0003E2C13D22227172602DCF020F007DE4903
:101D0000A805FADCCCFBC51AF1CBFFE20D0602C632
:101D1000E1ED410D05E611212D171C0DF23B1D1EB5
:101D20001BFBD7DD18124B09E4FD1107CB1F50D95F
:101D30003922C8E50BE1FF48030CB7D124FFD109D4
:101D40000767F14ADFB3069CC6EBDD1237EBE15EB5
:101D50003E4410D6D6E724F8F113F9B1D4C4D9D54E
:101D60005DF105554CCE06EBB6CD0E401B1FFB3189
:101D7000F82F010C1915E3FB0600D2FD0ED0F6F486
:101D8000B6F92A0C4437D3D53529FD05050C52D7B1
:101D9000C9B824AFD5283506261807C752481924D4
:101DA00006300B0D071DF41D121EF110242115CF56
:101DB000CCCB2E47F2F1020DF6EAE72CFAF13B0FFD
:101DC000F729C319F7B529980FDDF8411C16FC3522
:101DD00003440303130A1A391B3F024A0D0CDADDD0
:101DE000F4CEE1500DDED0ECFCF2070A2C4BD70903
:101DF00036160731BEF3C9EAE8E2DDFA1A04F33316
:101E00003233181867DBEE21031147DEDC08F023BC
:101E10003A21DF0ECE1C33AD5BD5F31A10A9E12FAA
:101E200048D5BA2FF4E321EFD7F91D0BE5F0CE0921
:101E30002F2518F2192417F3CA3FCB01F615DE3609
:101E40001AEFD727E8102BA4D7300AC6F236F1D301
:101E50000AC5DA40F3E12353100546F247D3C231F5
:101E60000E0404015B13F139EA1B4CF611E9FE1272
:101E70000BF81043C8B827EEF207150E1937ED23FB
:101E8000E5DEC0F62FCCE6D9E82AF827EA3A16D7DD
:101E900026F4199EDD4D2B0F4E29FFB5DC0105DF21
:101EA0001F0F2A024D30DE2BE21108BA05270CDD88
:101EB000F712E54957F2F8B633CB34385EF5B22164
:101EC0002C050FF100D532D3E904EBFDFA330DFEFA
:101ED000FD04EFE7191825F56015D06734E80726EB
:101EE000E7110CF87F2106B015C808675B229BF547
:101EF000E734E0CE17D72EF924E80A2246C6DEFBE7
:101F000004393B10C20C2839FB04FFA7E238060352
:101F1000E7221AD3F73938C9E7F10EB606E81DE50E
:101F2000B1EAD20E0435DD4DF8F003C1CBCF1FD698
:101F3000F0F1B730191BFA49260C10ED1628154D93
:101F40002DE9E636171408A50002FCDCF1EC131CA1
:101F5000F9CDBDE708262005370BFBE30BE8F11DA3
:101F600048CEF75F5EF4B41B6543D8F51DFAE6CDA5
:101F700015EACFE0320331F736D7DD42C1FF25F84D
:101F80000624F2F90CFF1607BE3CE20AEAEE26F53B
:101F9000451F064EFEF3E7C806D839053705EF237F
:101FA000C8E451DFBDE003B200E40DE7F314D7B598
:101FB0001103CDE5E80BD40CB8060A0A1CFEE55661
:101FC00012FEF4E4F1C34805E2EDA1DC141744D19C
:101FD000F6FCE2DAF602EBB1D207E2DE1B1FDA080A
:101FE0006124990832180444E50BFBFB111EFCDD4B
:101FF00034E0D7EC2EE6FEF128EFC8CE51CFD82B37
:102000002A32E636C926DF1816F1140803254F08D0
:10201000240622EEDBBD1A22181BF9341DCEF9BAB4
:102020003CFFEED8ECD3F81B1E2D1AC10BEF371076
:102030003503B2D4F1340DB62AFDCDCF3913C5B96D
:10204000D7D32DD4D9DAC94A03DCF92DE8362B1DB4
:10205000101310F3E829F3DDE415E8EEFDE2161B9A
:10206000FED0EB02EBE2F56105DEEDDBF735E924AE
:10207000E9101A1ED41F232604D71AE60E3525FBB5
:10208000FCE51B441EB823B80DDF4EECB0BFE93FA2
:102090000B147316DDEFF2B300F965602DB0F9484B
:1020A000FB1904E516BD2D3446DB35260E20A0F4C1
:1020B000FF178C54DA261CB6C408D648C34C17E167
:1020C000FBF5E3A9D2D21133F921DCE4170722236F
:1020D00049F6C3ECED1ACCCFE0F4D442D2D9CA50C1
:1020E0001FECB6FC37521BDC0AC5F20B0D03DCBA41
:1020F00017DC31FD0AF2D733D5CDC9D4F914F4FF7A
:1021000041FEC420C2D63EC1003B131B24043DB295
:102110000F07F2C4D1ED18E7DDFC32171D36EB31A5
:1021200020E81EB9E3D3D70DF35744094DF7271E16
:10213000C4BD0D2835C60141CDD4120011D9E2200D
:10214000E502DD3818EDE4C92F09B8FC052CFBF7D2
:10215000E7392607791CDE5830FDC9F62A1CCFFF67
:10216000E0B2E817F7C607F330AB211DDADDDAF38A
:10217000EAD325D7F32A22E558C9F501F51ACC0987
:10218000F3FAD5ECA234E2E1ADEF220C242CFDEA07
:10219000E808EB12EE2D20CFD0260BB70B2623FF3D
:1021A000FED80CC202E325CBA7C54CE84E00F54E85
:1021B00035D917FECD0F08B6EBE705E054F9B7ECBB
:1021C000D817D92C0E262DF4B72CD348BB1E182AAD
:1021D000D83850DA002C34221328E3E523DFCBC6AD
:1021E0002E21DC2CF2D61914320DCB0ACD27F4E2C5
:1021F0001B0E2DDC43D1C6E2DA20D315EFD8E8F16F
:10220000A9350A24C7DECD19272141CFFEC7DC51ED
:102210003831E0FDE7E5280CD6F94200D217180363
:10222000E04F07F3D51B3E0E2015FD01FED2DB3437
:102230000650EEB6F0F541AB0A23F5130B3531E746
:102240000CDD282CFFE3EBCF38E2EC44DAE619F2A0
:10225000C4BA25C20BCCD5F51E2CD2D53102FCD484
:1022600022D5EA0AE00BB4B80F1CF7D80B4D0115C4
:10227000C8DBDAD813E9EE0BD8272829C23B34157E
:10228000050E1C4E054307FC17040D0A39BE3442E7
:10229000101B233E05020F1A23431BF01F05BBF33F
:1022A0004CCCF046D80A172E273602CC1CE0EEC3E1
:1022B0001934F82F01101C1EDA27FBE91A08CF0881
:1022C000DA1911E5F6F307F2F8DFE137CFE1D9C902
:1022D000080624F0E6DBD9DB50D4E021DCB808EABC
:1022E000E91104F520275BC548ECED07091FC32F52
:1022F0002D350107ED3AF0ECF2AD0E10060FCFC60A
:10230000DFF9F5EF22C612E8CFF50804065918CB1D
:10231000D63F0F0231DBF737AE38ED34E4070FF666
:10232000E4D0DF2BD8E11EDF0623070118283CF993
:102330008EE12B1BE3F22AEC1A1C000E242A142B2C
:10234000F353F4FBF1CB17242AF1D53E1A220EA544
:10235000F3FE2FE8D31EFB35020E1DFA2A5F0F1D78
:1023600044CA23CEBDBC0DBEF6183B05E31D24CDEB
:10237000BF3207D2D3DA0707F0BB3A2C0B3935D17D
:1023800011BED5E2000B1CD1F8DFE8163EF2F022B8
:1023900033C511070D28F9E206EFF02C1BB711CC5D
:1023A000D101F9FD14AEFCEB283A0627F617123FCF
:1023B000BAF01EEBEEED41EF8D2F2BFAE51A09E294
:1023C0004CE04BFAE9DED616E9C101CCC6F4CB1DD0
:1023D000CD1607015724F438F821EDF126E0350732
:1023E0004AB32EF12809012CAC44010DE9E3E5DEE6
:1023F000C612E7F009BB0500E3081EFBA5D1372E86
:1024000010102A1FD5FE3AD243F6E649E660E60CE4
:10241000FDC703CE5642261439C1D034F10110490C
:10242000E9CD14FAE3C526331720ED3BDE61C16820
:102430003206280BD1CFF5040E281A1308F229D83A
:10244000E0DD2A044B44F018E61728F6E538E9C623
:102450000522D8DAE431C60305FCF6BFD91ADED569
:1024600023DD30A3FDCA3FEECAD7FFCCBCFA1EC79E
:10247000F1BD132AF134D9EE041C242B00FD2FE208
:102480001C00FB521E6D26F329FBD8012706F940DC
:10249000F72AF328CE15F92B3012C4D11F260A33A0
:1024A00030530442DEDCFCB308052EE933262A2A29
:1024B000D7331C0A41EB15C3350CF4D8F2202FF1A9
:1024C000FCB4E5DB29D5DAEEDEFFF93A1716172B57
:1024D00000EAF6FCF9EFE501282B2DE31A0CF9EBE5
:1024E0001D0522AC38F028CDD4E720FD11EE0E02F8
:1024F000CE22FEF9F2C50AC2CD271EFA5BF5001FF7
:102500000FF8E605EEEAD51206C2CBF6CAEA0030AD
:1025100010C00B11F8EC2D3A35C8E219AEEFE02AE5
:10252000193F0529EA1810011618D3C2013AD53A05
:10253000140AFE4D260ABC05DEED1BC9F3240099E2
:10254000DAE013F80737D506EED70434E90D46E68E
:102550002821E80EB1F6E430C3D5ECE7D41299B3E4
:10256000F619E8124A24FCDD15E8F7D5F0BC02E0C4
:10257000E2303D3D1B0012A6BFF0253331D22DA71E
:10258000D1D0F8DA3C1514563DEBE1E6F8280557B2
:10259000F6CFDF170FDC1D2827F3C426E9313F23D0
:1025A00034D8B5C236F0650B0528022B2343DC086E
:1025B0000E0ACC113E19F9F232E7E2E0EB0CE90524
:1025C000BE1EFD13E5F8C6B4F1FDD63BF624142774
:1025D000C7FBEAFAD8D50BC7FADE05172312D3C614
:1025E000D31E374732D2FCCAF233F500DCE6E22EC6
:1025F000F22139FA075DEF02092D24591DF202ED8F
:10260000371114243304E123FCEBF31626E63501DD
:10261000BFD6EAEA1D39080A18EA20E7F4AF1BC260
:1026200005C509E3E7E62421FA161BFE2DD61C3862
:10263000232101E501D604503A42ED15293025FB4E
:10264000033D18EE09F4C7CF18DE08031D1AEF1179
:10265000D5D4F6C5D0140B07CFE2D61E13C123BCC8
:102660001121DAB71AE0CABE0FF2D7330BF7310BDC
:1026700009EAEC0602D0EDB6D4062805EF4EDAF7EB
:10268000B3F9E01DFDE2DADEFDDCFC2FCBEEC2DBB0
:10269000F8A9EB32AE37F7B6F5E2DD131F2A01FEDB
:1026A000F0E11003E416CDCB4D11341D050531FECC
:1026B000F9F829134A0E2120FE2131E43E961B4DE4
:1026C0001511F8E2CBFD42E3FD3B22EAD62214EBE2
:1026D00017E2191C02E9F60D26350A33EBFCEE0A67
:1026E000632DD0E8F115FF3514ECF43EEBB71A2C4E
:1026F00027FC182B161B14CF2C352207022432CEB0
:10270000E72ECAD2EA01553207CB17EA64FBF71D60
:102710003CD336D5EB3B30FC2FCFFF060114340FF2
:10272000B713C622F0DA19F6EFB151D468FBF94EAF
:10273000130CC32AE0F5EA3C04F7D41EA7E7D1EE58
:1027400013F7E00E231E04CB01F017110540BE570E
:1027500044C15C1B0CE9D23A113526E9F53D09D894
:1027600021F5C34D1411D20F17DC1709C808CD523B
:10277000E40EFC41D60645FBBF30EC080729C1E555
:10278000CA1206115F24D54CFD1DE31EF5F4FDE2CF
:10279000F1CD19DC1CC433B1071D02359BE236E6CE
:1027A000D10BC881E03B4F2116FE0E3210BE24C66D
:1027B0001F3CDBCF173BDDC7E9D926E1D1F70B057D
:1027C0001BD5D4F1E1231DBD49041BE64E01D849B8
:1027D000DB0FE51BDAE310C6CD19CED9D5412DDCD0
:1027E00017EBD617ED2A31441D02E6E41518012433
:1027F000F6F9FEF5ECF1022F30F42E482A38F930C4
:102800001E0AFB11571EAF390ED0E8EFF6FCFCA3F1
:1028100023F7212EF0E7C604F3D100EEE4CB290123
:102820002AC95C141C3BFA0BFAEFD60E191049ABFF
:10283000D0EBF8C527E1F412F7D6100EE5F3DC4330
:102840001D22C914F8EAF1C049370A1BFF3CF4C93C
:10285000DFD70E0BC4F3EE0F20DA44D1C2EB12C661
:102860002727D6023358FC01E7DF1C11110929D5AF
:10287000D61BD00CFFF308F9E10D17BF13E40615C2
:1028800063F7D348222BE341D11DD633DC0D02E898
:102890001FE415F1C6C613A410D2F1DA242B14DA02
:1028A0002C2A3C13E715F923F429002A04D6440AFC
:1028B00066F5490D20FFEA330816071A06F8D9F322
:1028C00017E841EEDCB828B20F05BC1842F6D42A4E
:1028D0002401F8E00009E7EAE8DB2A0EF81EF322FB
:1028E000B8C61105F2FF3E2C5E01FE1612E5CC269D
:1028F000CF192AF022DCF6CB07DA2B02EEC61ECD6A
:10290000DD20EB0015BCF0EB3908B8EAE0FF4E150E
:10291000E004EA18F6F91A64D7DD31051E031EF645
:1029200011E7ED34D3EAC7DE2D1FE91BE1F40FF206
:1029300019F5E3DFEC11B95332F9FC02EA01EEFAC2
:1029400025160DE0BAD80BFC12EFE421E73CCBF4DE
:102950000FDCFF08C12355E5D83823D1EBECF4FB9D
:1029600029DA2FC2F6F0CCD84006CE1B1640E71D60
:1029700030FC36240BEA25152ED3FE34DF26FC1B53
:10298000C9100B1304190500F4200647DB2763DE8A
:10299000BADA2DE4E42840B9E5D32061E0811CEFE8
:1029A000E5F9FFF0EBD8EA6127C5F2EA1BE016462D
:1029B000232DF713039CE755C3E41DF1C9070D3B15
:1029C00023335910111E3049DEFECBE01D35BF4FB9
:1029D000FE17173A0A181FF3D4F33F0AE2E1200268
:1029E000461FFA00EAE1BD03EC4052E3102601E382
:1029F00046E723F6DD22F256FA2ECE35FCEAC8DD94
:102A00000CE200124CCBD2F93C0A813F814058AD18
:102A10003BDDC903B12D32ABEB28F007D41A4009D6
:102A2000B8103EE8BAD4031245FDA13BE85435CBBB
:102A3000D61A22E14134F90CA34326DA3ACDBA2E54
:102A4000282CF1001B0714F000DC0D2FF8109FDA82
:102A50000114D21ED732610516331ACE0C5AD93B57
:102A6000CA195AF532E016420DFD3BE925EA014F3D
:102A7000B343E2FEE90CF6E5E31EDE1961E4931AC6
:102A800073CDC80907B11FF00ADDDCF4CDDF13C038
:102A90003AF6BAE4CDC0170EFBFC0D23BE0963DA8B
:102AA000529AE7EBEDF5F30EFEE10843F806DFD1AD
:102AB000DA0509EB27E9F10FCF211209161D11EAFA
:102AC00002F5E32A290BD523E73937D8E92DE7F8B2
:102AD000D11B1119DB0A321D1F5CEEF02BE438C646
:102AE000CC2E2DBC59F7E303DB33E9C547E828F0CA
:102AF000B60E23DCFBD4EEFECAD53BD13C43EDEB56
:102B00003CC9D2310E24C3ECDED514EBC7C5EB2291
:102B1000DD260A2CD70AF0DADB21FEE7B7DF06EC68
:102B200023E5E30221E1A3C510C1CCF4FA14291076
:102B300028CCE1D225F506F833101BD0E7EDF2C919
:102B4000D6D217F5D7EBE3D80FF63F03FAFCD73A06
:102B500009E102FDB410DC28112E3B11D7B50F0C92
:102B6000343113E45CF1F11BF85808E8F90BF4E791
:102B700013C821E9431C11E9D21723DA160FE7F332
:102B8000ECDACD0F3509DE339CCE2A08B52FE1ED06
:102B9000EDE601E8E200131CEE12362CE74017E5E3
:102BA00010F2EBF8294E2B4000F5EC04EE39DEEB89
:102BB0002AF900FD2BF4052F4817F90033DC26DC39
:102BC00026D90F251B4113EFC6FC0E0922FFD6DFC5
:102BD000230905F6E9CBEE1FE4ED1D071BEAFA43D6
:102BE000DB142DB8390BE7C60A081F1FE0C4F50631
:102BF000D72F170B3F2427ADE23D0502E3CAD407C8
:102C00000ADFE90624DFEE2CE09F0208112BEDE03D
:102C100032C2D7D6CBC6D4DE0CDEFCEBFCD5E0D37B
:102C2000E308F4F81DEA23CC4315320B271828E6F5
:102C3000F755F510FF0BF4190112FBF1153D2D3C72
:102C400051F80F030AFA0A40BAC1E01315E0DAEAB4
:102C5000C8FB2BE91322F0DDC4D400311F1D17D3AC
:102C6000E7543406F0B01D5EAA0C0F324BF514E7A2
:102C7000094DDB120025E4E4E1DF171527480C318C
:102C80005EC9091AD32AB7CCC4FFE6BFFAE5F8FF3C
:102C90005681F715D20709B301D916FE240200E2C6
:102CA00018EBDFEAF5ECDCC2C24F23F51C18480E26
:102CB0005709FFF9152FF603E527C8121C1CF2E48B
:102CC000D53305E12A20402219FDF1FD1BEB10024E
:102CD000DD2811FCDBC34C1E2E02CC05F7C2E61C1E
:102CE000C03B202700C9F5523A0B38C2B618D2278C
:102CF0000AEB35E516111B20E66228F10103F70304
:102D00001C0F17E515E047F0F1E618D60CFC17C8C4
:102D1000B2E6F6E52BDFB6BE12E9120E5BCEDB247F
:102D2000FC02F7D60FF00346E21EFE25D4E1E6D7FB
:102D3000310EE61A4900E5220CB52ADC47FE211EB9
:102D4000E00003372D1EFE08C83E1D16A4CA430A24
:102D50001818D5403F0FD7DDF15B2C02F60524EEA5
:102D600003E1E1CD28F7210421D6481F25F9384C8D
:102D700040AEEE3B2BEE020469EE1407E136532D14
:102D8000CCD444EC81ECD2A5EF1EE4444529EE0BF3
:102D9000D5F8F821E220E6D302FDF3CD57FBDEECB7
:102DA000C5EB1F1AA8C3CDC8F8DA13D14D44EAB950
:102DB0002418F2DEB2D005D01711102410081DDD42
:102DC000F3E2F732F4F4E612DCEEF3D2323FEEC96E
:102DD00028C90543531CDBE2EDDA17084308132A20
:102DE000D9E00BF8202516491F12241DD021FF071A
:102DF0000DD5F3C9F81127E83EF4E9BFFE3AFAE32E
:102E0000FFF32BD9E91B27B3F30F151B1E3BDAF396
:102E100008C90D4D272E221BE906FC070DFCFE14E8
:102E20001B260B4DD3E73F0DF0CA1D0DCCF5070F48
:102E3000FE3F0F1DDFC3FB18050035D9EAFE16FA69
:102E400033E51B30D125172818D7E5FA23EFEF3DDE
:102E50001CBACFF61F0EC62A2F061B0E2616D51A31
:102E6000EEFB092E12CE083E1CF6E2EE3CF5F30412
:102E7000E60812F2F80DE0E0F6FEE1F13003F61D8F
:102E800018D001B83C3419BFDCDAE15D2133371AC0
:102E900026C8292B03EADFC51B0D2237CC0B22B82D
:102EA000CFDC172CF01F4D20FCFFEEFA1E3305D4AB
:102EB00002460DB3F4F31BE4C31C2E41E821311983
:102EC000041C05D73028D1311BFEE0D13436F7DCA5
:102ED000D3E933F2E016F91EFC192624FC02FC3675
:102EE0004517FF21E1E42C003C3310710D10E15B2C
:102EF0002A02F7C31C38F7DF320D1704E41FC3F8AA
:102F00002704DFF6E0152D16A7CDD846D0132AE307
:102F1000E91EE13BFF14F5CDC6D109BE16001FCF57
:102F200031EDF5EB000AF5DD100F08D61D2C2C2F26
:102F3000CCE922BB31BAF1C8EB2DF84B22282D1178
:102F4000F20B22F90413CAFAE7491413EC18E50648
:102F500002BC1CD3E4D90A30D814DCF22FF9324178
:102F6000F52620D1FCD5053CE5F02A1022AF202221
:102F70000BE73CE6EA0A090336F8FC103A00FF4C7E
:102F80000B0801D52BD31735A5F2E631DC31E9DE8C
:102F9000123EB63ED52D2FC10AB2EE22133205F2F3
:102FA00041D6EE34013DCBDA1D49F2F218DFFB0ABF
:102FB0001B16E4EE2B022805F1E32E8100052EFA04
:102FC000091501F7DCF2B8E9F13C155A22C10F0DE1
:102FD000E4DA3511DE3AC1C1DFEB0947E40B0FD16A
:102FE0002A0429D033112BE602EC41DC030C08DE65
:102FF0003ECE1E44FF23ECC6E30820D00F00FE4D5A
:10300000B8E8C536A7D128943A5714AE3309C4138B
:10301000E43E04031812C209C10C575E40A9B5432F
:10302000D00021E8EECD22B9F73E18D6FAD3E25F00
:10303000CEC7303DE7BAF541BAE9512E0CE92A2254
:10304000360C17FF3345D4C102FB01BA182D2624D4
:10305000DCF966C7252CBA0AF8DC193D191AFDDA25
:1030600018E3F15731E02901D8A01E190CA926BB9D
:1030700012251FE2FFDE08AA0CF9EF510D1FF828F8
:10308000EB37CAEBCED7F5DF6A33D7D95761C1C961
:10309000C7FBF41AF3C1ED2EEAEEEA0CC8E2CCEC61
:1030A0000B011336DBDFF8F82D141A171E22E8FD8A
:1030B000EBAD0C41DBBBF10B00EB153BD4EE39EB78
:1030C000E6F00AE0FDBD0FB7F10711E5EA4CDBDCE5
:1030D00000172D1B42101203E3AE2D300ED6DE2654
:1030E000B6DFE366FDC043CCFCEADFFEEE1312E17F
:1030F00032281106F304DDD83D21DDE7E2ED1AEDBB
:10310000EC36DB031C2608FE2E4A20D3EA45EFDD11
:10311000FD16E0EF28D81DBCBDC4CB2C2DE6DF1A70
:10312000101C21DF3AE9CDF0ED120406BAD413E405
:10313000E5F3CCE9F2C6E513DECCEBED10EEF10DD4
:10314000DBF110D90BDCE82CFF042B06C92C3CFE6C
:1031500004C3D31F38B8E5E012D7FB03CEB8EAAA00
:10316000DEA2E31AF5E533C7F9A5ECF9F5DB2DBBD3
:103170000DE10123F2E608A637D2DD0EAD323D089F
:103180002228E1210422E715244AF1E5031E1AF55D
:103190000EE6C509D618F6F2CDEC0E3D14C704DCD8
:1031A00024DA190EE71BF9EEE6F1EC04D0F1F2CCCB
:1031B00056F0EA00E7FB1CDAF6F0240531EFEE17D3
:1031C00003DE0B4202C804180BF1C7C1FA3FEA52F2
:1031D000EFD3BD1143CDFAE114DA204F03DB06DC57
:1031E000F7A516E71FE7D1E5E3C3FF0CE0F10024E4
:1031F00005FFCD342DDB30AF5220DFEAFA06D8AE22
:10320000082D16C71C1D0528B0E1D1E109F4E64DD3
:10321000D6041C010C38E33CC7DF15E2FBD60FD8FF
:1032200036F5EAD00B260724000AC43ADEDAF1D6D6
:10323000092702B911E31814D314734714E6F9F4FB
:103240002112D02CFFFF573513FE0326FE56E5D47E
:10325000EB070A10E0DFE6BD1F1C1BEEF4C0FEB05A
:10326000FB032BEFECEEF6FD1301350C0DCAD5CEAA
:1032700001022643CCEA33BC12F5E01BD4230BBF7A
:103280001B3F31D3335DFDCFBB29ECE1F7E842456D
:1032900007D6D3C2EE58EA02241BD6655DCCFA1AD3
:1032A000F639DCD9E053255504FED630FAE813345C
:1032B00034443E0B2B582CC418FC2DF6F1B4AFB09F
:1032C0001B18122CC00DEBEAE9ED31F118DE304786
:1032D000B8ADD01436AEEF2336F62203DE2B30F92C
:1032E000F0CB3A420DC90631F6CD43E338DEFF3F5D
:1032F00028EC1835EDEE035E10315432EEF937C686
:10330000EC4042E2E2B220FB4922E928FB1C03D454
:103310003EED2A042708ADD051FEDF1BCB0835C592
:10332000FE0CDC2E00F109DEF905D3163E20CB3C65
:10333000CD24E3FCB8390AD4D3BDF024EA4353C00A
:10334000F71A0B06E73B5BAEDECB180EF91DCC2857
:1033500073F6B73C005943F750BD8F04030C1215A8
:1033600003BDFCEACD3C28E99E2206F9231E370363
:103370004A10EF2D090E08F5A31BDEE12642F8D016
:10338000A52DFFF450CEE63CF4DAF2FB1516E71853
:1033900024E8E7F7391B92F2ECD6EDEE0DE1F7E405
:1033A000F418F8DD1DBBCD1BE11F10D50DF3D3A321
:1033B000393DD300B7A61B03E5DDF3DED1BACE2538
:1033C000DB1AEE2619E0EF04212F01E6E61A44216C
:1033D000042DE0FFD1100CD36DF4BA25CCBE1FDE56
:1033E00013DCF318DCED5AA72BC10F00D7E1FBF675
:1033F000FA36FCFF28FDFEFA2241DC2BE7E751F606
:1034000005F7DE09502000CCCFE8F51F153409235D
:10341000ADC419E913233037D2EA3102F1CAB33F00
:10342000CA11FCFD4A2EA4D60CDA03FB1632ED0BB2
:103430001BFBD81DF602BBCD5A19C3022023F7B9D6
:10344000C8CFED28E8F42A07342AF3CA071418FE77
:10345000DF1CFDEA0D1315032D18F41FE1EB07C463
:103460001219C9DEA60A26253139ECD52ADCBF900F
:10347000E2F6260DCEFCE3DA0E3107DFFDC20917B6
:10348000E1EA30120D09F2DED4C52836E9102D1517
:10349000CC0F010CF914FFEAB3C3EA3CE0400DFC89
:1034A000191916DE1E302BFDF704D0122FF614DC8E
:1034B000C31C221D135308C5E1361AE41FFDB0FBDF
:1034C0001DB5E01EE10819F31647E01DF305005D88
:1034D000BFD71548EAF6CC23C8BE042FDE3BEF2940
:1034E000263B050BCFC7C9FDB81517E6C5280AF955
:1034F00021D9C5F0D9F525AA1C1325DE1403F1E95D
:103500000B17091019F0354EC6A7E5FBE7F7112197
:1035100044DF10E1D9BA3B2926E9D6051D37040559
:1035200040EFD715F3D1042BB5D51C0BD5D8DEBA97
:10353000362AE7D51A2F59F3D301CDD5E6E609D5BA
:10354000BDD7F40FF715BA0A26FBE80525F4FBD919
:10355000EBEAECF1272EF6D5E6B6F1FC294C05EDA9
:10356000183F1EFB19FDD8081CE5F5D8F7F7F1E365
:10357000ED07E7EB15F0D9CBCA21F1E926EC0ECC2B
:10358000CF3B1712FF1645223BEBE22FBA17DDB3F4
:10359000022203F92BCA1447DDAC2A15CD272C24AF
:1035A000FFE4ECD604BD3312E7D9F611DE29F6D3D9
:1035B000F3152F093D285E456616142334F91AD8F1
:1035C000EDFAF41BEAE338A9180426FEB4E2DE4A59
:1035D000EEBEDB3C0F020F98E3F4CC1A0C001BDAB2
:1035E0003AE2CECF1A3BFF0FE7E0E00F0FCEB1C9B2
:1035F0001B18FAF1FA0BEB28F6F7DDC9D80BE0A897
:103600000648F703E6BAC2F2FB33B8C4D46EE3143B
:10361000085A26BB96DBE3F2AE4EEED129FB1E1E06
:103620000E16AEB5DEE4F4F2E43F100904491D398C
:10363000CBEC1A2B4ED8F42A39F1FB0426D2050A1A
:10364000D3DDF416AA3C2DF74107160C2620DA0923
:103650000307F6263A11CF09041D06DB01242BE9E6
:10366000F100410516FBCBEE32FC1C4C10F1BD0CF9
:103670009948EFD2AE38EB1025B9FC1849322BDA55
:1036800037CC19DCCAD8F221F0E8150EDE1A1CF787
:10369000EB1106E3ED020DE5E61D0B27C45C030606
:1036A000E8D109ED1419221E211804E8BC0203CC4C
:1036B000EAF5E7DF1F15FE160432E73726C8D70BF9
:1036C000EFF600F0FBF3131E421710780EEBC7075E
:1036D000B32AF1BCCF1A43D7070118DAD61604F281
:1036E000F8C8EFD53605D0FC1AE12A433B1AED05A0
:1036F000D105FB12CC3AF5D3CCD0E13943F6C9F170
:10370000EBC1ECF7FB590ADC0CE525F51804CE19E2
:1037100010D60C16FB552B14C5EE031AA259130034
:10372000E1815443CD5903E6CE091F0DFDEB0FF5A2
:10373000F4F3F117F516F1061BCBD70814F2F8CE07
:1037400029F917DBDBD91719DB2620E050D7BBF3AB
:10375000D903040EBD605311D1D8E4190B2E26E213
:10376000CEDB00D906BE36F119121701F211DFECDB
:103770000D010C46E606DA48F8E809E502CFD8FD67
:10378000FB53EF0C1E2A0CCEDEDE22D9CF04C6EC92
:10379000F1E239C7ED1A28E23C0C3D05D6CFFE20F8
:1037A0000F30104023CAFA0A11304132F8DC1C25D0
:1037B000DBE9D21B1EE5FCE9BBE5F9EBE0213EF3BA
:1037C0001FD21ED6BE3D0AE7E843F2BD2507BC392D
:1037D000DFC61C58FB25D914AE1705EEFDEFD52129
:1037E000FAE7FDF3F4A701C6EF04EE26E3F512189D
:1037F000E8C0FE443722EA010E15E9B0CAB6E8482F
:103800002000ECE600D1CD2706003B4D055B0AF118
:10381000DEFF2EEA1114BCF004AD0EEF21F9E5E352
:103820003E40D9FC0A100C1C269AF6052CCCEFBCA5
:103830003A1DEDE108D2E645C047D637521C28D1E3
:10384000E9E2E338C828FFD208D1DFD4EE094838CE
:10385000F59023FA340B00F919C721032BB3FEF9B5
:103860000A1DBD29078EF2DB2D281DDE0801C3E6E7
:1038700010EB1404FC52E5C4FF29E0DEFB9B34236B
:103880001B23FAEB96E63702CDDB3E25D97DB3C686
:1038900037CA4CD0EA36FBCDFDD304140F6AB8E02A
:1038A0004516D3C9D2FD072AC9FFF516DC56E3ED4C
:1038B0000315F7ADE0C4082EFB0F1EF65F0119CA11
:1038C000FBC7EE5A32C4CDDF2A27BC19D6125F2CB3
:1038D000D7E10AF2EE40CAD5ECEBF6D4FEF462046E
:1038E000DD5CCCE4F397F20FDEF4D9DC31D2FE07D5
:1038F000100C223008F3E01F122714B7D4E4140F81
:1039000007B9B4FEF125B4D429CEF6C2E0174605B6
:1039100024A2EAE7DFF8E636B91005FDF31FEFE170
:1039200013CF08DD280FFE119B0121D82CDBED26DB
:1039300009DADD213311B7FFDD770416162CBA0141
:10394000CEB10018DD27133830D9060CE8FB12BDC4
:10395000DAF4290A3EE1241D3831EF2517D909FD93
:1039600055F6E8471F25012DEE0DC6E62232E02967
:10397000AEEF2BCA40A1303C2411AA50D210E01661
:1039800064EA23D806CC0B1FE42235B7032A3CF89F
:1039900002CC112D15F42B08070F31D8230C263932
:1039A0006BE202FBFBD70653E7DA2D06ECBF63465A
:1039B000530C151FDCD927441DCA0612F4FAD3DDB7
:1039C000B3DCC8DDDA17F51BBE4141F2EDD4F7AF29
:1039D0001EF337F30A223E634AE743E80336C93C45
:1039E000F201DB26D31118E2213523D6E100CB0802
:1039F0002F0A0EF0F2EDEF3E4BF6FEF509D4BF12A2
:103A0000DF4910E6171004CDD1482CC9EE0025ED92
:103A10003CE7C63C1F0B1E0FE8D60F08F9153D3DCD
:103A2000E7F051B108415104A8F2A112F5191E2C7A
:103A30001F11E40CFCE10BFF1006110DEB061359EE
:103A400029C0D700E2B113D01272FA06F5CAE1B666
:103A500005D5CA1006ED3E57D64228F303770DE789
:103A60000D08FA34F0DDBF1DD2E349F04A26F7F81D
:103A70002203B255DB20EA09DED816D7F11295F4FD
:103A8000D53B45F3C7D2F4BE411ECE04D90B26F672
:103A9000C42BD320FD13E0D8F721BA01FF8D101AF3
:103AA0001255D5F2EC21E7B3EEE3E6FCD6C0502E7A
:103AB000E5DCACD2C1E31928D021DDF52BEA20E208
:103AC000D322382844C5C8AE44103E53BC3600A9A2
:103AD000D1D102360BCA623FD6F3BFF2D136E5230D
:103AE000EAC00C0A16011EF2BC31F1D4123C31F0CE
:103AF0003FA9E64CF1E6F15331EBFE49E02CA7FE7D
:103B000020D71415F5D6C4D30AF239243B0AEF178F
:103B10002220D8EF18F801AC16DDB33206F904ED17
:103B200022D2DD12C4B8DB192A201D35032725292E
:103B3000EA9DE9C681C2CA5648FCC22DEBB10D0A06
:103B4000C802F7DE5C18DC3B03091533317705C783
:103B500005D2C0230E000C03DF8BE1F310F5ACF9A6
:103B6000F8FCF4E7EF09D92342C6FD0BF621DF1973
:103B700000F4D91A0123E728F8E5E514CFDDD40DC8
:103B8000F2E71911D3402EE124F34BC7364B04A7BB
:103B9000E1540D013D1D75E5E30A234EFA25F217A8
:103BA00013450A1EE52F0904F419EBD5FBD5302780
:103BB000DC1023FDE751BFF9EB15F62DE1CDE5074C
:103BC000CD0B2BD81DC9023D1D421B00F2DBD7D601
:103BD0000810D6A43EC0F814FE0116FFFF48E627E1
:103BE00027AFD111ADC8D95929D09C14F9DF9FFC5A
:103BF0000FFAE201DDB9E6E90AA5F52F3654D43112
:103C00001EF5E60FB4EF052DFC3ED8E12DF9E9389D
:103C1000D42F03D7090AF7F7F425C1190920DCE0EE
:103C2000C2DB033E27F1FFFDFA0FD0D6D51ABEEB5B
:103C3000F2D3D3EB3AFF12E9FABB04224608E8D0EC
:103C4000F429163A2218EA0C422F06C8B90B1A18A2
:103C5000D7F51337F7DF4F44E1FBCBD938FD3221DD
:103C60002B0AF5F7022B2EDDE4C9081831F0F9D93B
:103C700004E9291BE6D8DFEDEAF7D9423011D0D0AC
:103C80001619FDAAEE242E1EF60132F6F02EE23FA2
:103C90000D07F019BB17DF2AC5F302D3DD2D14F28F
:103CA000E9F926C40AEBF115E7FE2000C9EEE50D9F
:103CB000F213EC1640E22510D8F6C9E1C1EE01ED91
:103CC0001406DD10FFD024E6190CE8DDC10EAE1895
:103CD000D51BE1D708253049F1E507C50C19DF2CC4
:103CE000040ABD1CE5D3DCCBFCFAE817D62AC613C0
:103CF0000ADE2616161AF01814EC07D807EDE4F6BB
:103D000018D2E53624DFA91DFDD5F4DDED15BB0C79
:103D1000F0FDF128D02B0CD1DCB9AB0918FCC02385
:103D20001FFEBB1BFC10C01DFE17E8FED40505BA24
:103D300026D4050755E808FDDFE8D7FC37DF24382F
:103D4000174018303820D69F021508DDF4FDD0BC8E
:103D500016E80DF900F702EFFAD5EFE13105C4528C
:103D60000918D3264E09EB0BE5FEE7F2FAD6DA0E78
:103D7000250E281D10FCDBCDEEC0F9E8E7082B0767
:103D8000CD2E6300AB170C0AF8F3370430081CD3B0
:103D9000151226E02CDBDAFB1558F4EB4129E581FE
:103DA000FEEA0F1AED1AB9B2077F36CFE32D348F32
:103DB000FA11F3F2E00E2EC1F8EBE00932DEEF105B
:103DC000400310CCFA0A552AB7F4F8F2FCDAB9EC41
:103DD0002A1DEF1DD44F2AD9D0DC09423AFBAC0290
:103DE000DCD8F22E33210B2E00E7F71C16FD111242
:103DF0002517C0EC14E73D2DAE150E39C20F161372
:103E0000C429080C2AC1C302460618FBBA14C2E32F
:103E1000270ABF02E2F5D21D1F081824D5D9F8CE13
:103E20009E5015E3ADFFD7BE01E9B414FBFA640C54
:103E30008130FD09C9D040F6D10E4C29B40ED5CD44
:103E400016B7D5EC181E39F212E109E5D9F8134975
:103E500046D3B03102EC01F4E2C3E6EC0522073DA3
:103E6000EEFB070C3B4865DC01F720EC2CEE02FD75
:103E7000FDD1B0EC18EDC8FEDBFE3CF008E1FA3AEB
:103E80000E3BF327D50DFE0E320EBBE7D90AB9491A
:103E90005117BD14C3C7A6381218B019CFF02105A9
:103EA0001108C7244BD11CE4F4F9FED5E3D8021263
:103EB000EEEFE00DDBBCCAF7D904EDF3E0F914E551
:103EC0000CE12FDB3D32BBCB21FEE9CCD92E1A0809
:103ED0000BEDA11BBEF00DDF28E3BFE0CDD2D9244E
:103EE000F5E261CB2B100ACBE0B8DDFBE9E93945FF
:103EF000FC1DD8F6101311203E05F3EFF72B0CE252
:103F00002FF6FA33A0EAE2C33CD0FB342DCA07EF08
:103F10003B1A1B48B538DE13FF0AD6EA12ED121C15
:103F200001D7D3B9092C34B10EAC35203B26EA0DAC
:103F3000C01F1C0BD4EDC316EB14D7B3EED8CFD6ED
:103F400012D5E3DFC4D0FFFF13EDE2EC5B0E1B23C1
:103F5000FC01ED4A2E0DC70C0A2902CE2F09EB0EEB
:103F6000DFEDEDD804C8DA02C9FED92738DAB2DBB2
:103F70000D24FABFCFD9F92E20E2BE22FB1E0B047E
:103F800017CBD5C3E2B81C1E4EE622F82AFBDC395B
:103F900047DDFDECD400F9FC55ECF509DBC954B75D
:103FA00061ACCA3D02017F03FD1AE0F8F3FD300762
:103FB0003EFB01B91BBC6EF6D7F2C8DAD50A2F0951
:103FC000D9FF19E8D4D305EC0E1CFAF51AFEB71385
:103FD000F5FCF407EE141EF9091319D60DC94FF1BB
:103FE0001832D5980156142113EB0627F9B21C1C80
:103FF000EC2C15C1BF4E50D4131806CEF5F02C2270
:1040000023E1FF0B01F3C3F6E803EE310CC6CA0946
:10401000E8FDF7D10241DA4EFF3733DB2F47033596
:10402000000C34C21CC7FD321526C1D8B976DFFC9E
:104030001305FFCFDDDDF71E4DD32BEAFCCB53CDAF
:104040002634FFBAE900E7EEFF18DD271805BDDFCB
:104050001612E42CC116DD27F9B63AEFBBF9DD18CC
:104060001B0218F7112FF6E11DB20115071A26E001
:10407000C830EDABFB2A0F11EEE03B03F91DD20B6C
:1040800001DF0EF4F5C916BBC5F909FBE329D41B02
:10409000130734FFC5201F3B4E41E1E53303E14CDC
:1040A000D8D214EF40CAAEDF2CE6FECFD64C244166
:1040B0002CE12902041498CE4B0221090BFE12E8D0
:1040C000D81B1DDDF8F9F620D846C015EFE3E7FD53
:1040D0003E32FEA01FB7DA35E53EF0CB36DDCCEF41
:1040E00035DD33B40C0D1EB0F81B0E122CC0BE0112
:1040F00070BEF2F40B0F140DE239FC39F42C2DE0F4
:10410000CA37E33DF3EAE10016FA11D6C8F3D351FA
:1041100016F92CABEFA25D4BFFCA310BCEF135186F
:10412000A5D1CE43E3D011E201A52702BE19442B4D
:104130008100F26C32598FAF334EB12527D103A7DE
:1041400011241D50DCF51DDE07DC07071C07FC08E9
:10415000EAC0F5D52E1D3113F1FB31DCEDEFE2D0D5
:104160000B3BFFE607E4DFA216E51C3529C3FBCEB7
:104170001AA203CEDD16EFE9F0DDDCF612302EDEFA
:10418000DF06F336D68446235BE1EEF3E74B637933
:1041900073211A01D2DB57756CE5D99AE4067F7654
:1041A000C346EB5832CE01F319DA38E2FC6500DF82
:1041B000C6B11824DCF9EFCBFEDEE5E1052C15E1F4
:1041C000CACD3A6D081BC7BF0C230A1302B7E4C15E
:1041D00034ACF3F60E5BE14535E81D18EFFD16E74C
:1041E000F5FA092ED8358A8103FB21C20E1BC919A5
:1041F000CCDA1802FE07BFC6CD1114F5272210E055
:104200005828CF164868BF02EF1EBAE1B411F7A2D2
:10421000D9241AE5DC1A2CB566ADDB22063C06C4AF
:10422000FA1D37041ADB152C08E1C8A0A7E22F12EB
:10423000EA09EA30E544021C2A3B22EF0501BC7B77
:104240000B021FF5D2DF31CFF0F7D845F440182D1F
:10425000FD19D8DA00EA13E470D5B6EB1C3DCF2285
:10426000EB17F4202C31E83F17F9D336020FDF03A8
:10427000CE28F6C7C3B827D8EF27D248260ACF09D9
:10428000EA11DF2AB53028EACD181FF2F9DD32CE67
:10429000E0FBD51217CCF0B62EF971E3F20E3BF22B
:1042A000221FC62DD8F804B7142E0201DCD21A0939
:1042B00025071C432849E70438CAEA41EE32E13BAE
:1042C0000410E0D1290E2F26E81816ED0CFB381645
:1042D00005FB4FE9F31509DAEEA72AFE0D2E213270
:1042E0002DF70C1AEB16F15917CE04E4E4133741FD
:1042F000FA3022212117D5CE141318140C03FDFC1B
:10430000571FE91AE2FCF60F35FFDA0627D2FFD66F
:10431000372D13F50318E310FF44FECCE018BDE37E
:104320004B090209D7BD0F14A91EC9CD12599DFB17
:10433000C7C709FD4313FD2AEBE34B33121240328A
:10434000FDF7DC19FC20061B96F02AD41AEC2B3161
:10435000C852EDD81C19E0F69B093FF150FD4EDC28
:1043600022CE1441F1160F4815D11FD5ED3F2FF283
:104370002EBDA11D10350231CF2060F4031B28FE95
:104380002BCF1BFEF95ABAE2F32DFFECBB281DB46C
:1043900006BAE6E0D51F22D736FFF4570D3BF8BF2B
:1043A0001E1EECF538C815D0F0FFCB0CE1FA2FFE3D
:1043B000E9CE17143EB7F701531128DC23B7D1011A
:1043C00028391DD1241C2A0503DC9CE6022A4A3622
:1043D000FEFFEB4ED6E206FD4BECD44BCCAFF80C17
:1043E0003B24E611F400E1464F2B09FFD4ECFAE838
:1043F0004D813211081F5E0D0E49812CF6DE29FD1C
:104400001CFB120C1CCDB423C7FDE4EFD9E5E90E6B
:10441000D03A0B1DF5D621B9FE2BD834F7BCEF19D5
:10442000D73221DB11031428DB0803ED3F30E426EB
:10443000C03FD1DD1C4EF4FFCB1DEF10D4D3052DB2
:10444000E90601CA2CC3FDC5CE0AEFBA17E5500331
:104450002D34F2DDDFEBD606C230FA26EC0419B9B2
:1044600026091A35F9A9F1E90646DA1DDC1006DF3E
:104470004A302BDC30DB1529AC1EE7EE00D73823A1
:1044800019D7D6100EE0CDDD31FAFD4A07024B04F4
:104490004DCA2EE2C19C280B3141DAE808D0F7F56D
:1044A000BA36F6F313FE0CCBE74738CF42BD38DE01
:1044B000033FE10B05E132529D31342DF136DCEB47
:1044C000E20013BE1FF95CEA40DEFF120CE7FF07B3
:1044D000E703FC3CEFE852F6D04EE1404BF3BBE083
:1044E000C0E22B0F1C17FAF50A3CF5F6E5FCA11A01
:1044F000C642140A2ABA1EDC16FCE1C30DC700E04E
:10450000330C02F6D0CFD61F010831BA31DDDAE222
:10451000FCE222FC02D20F0B0613EDF4A52BC0FE29
:10452000F6F90832FA123202250118F1EC17E6EF1B
:10453000DAE8081F351C4A1ECDFB0941D6014B4461
:10454000FE33230BEDDFFC2610FF16F2F1EAF6DA5C
:10455000FDF91618270A000EE4DDBE4BA83BE7FA6A
:10456000C4CFCD31C3083FF8DCDAE94321D82306B4
:10457000E80A0FF817DAB3CFEFE80FF8EBF84AFEC6
:10458000F60DEA292724E4023FFE11CCE5EC06B73C
:10459000092039F4DC15E41706FA37C43007A1F214
:1045A000F7DEED051D0B23FDEFFD15D8E506C3DB9A
:1045B000EEE2E6FC16D4052F1BE2D14CA92D171410
:1045C00019ED1FFE382025F7F308C2A6DFC5101528
:1045D0000619FF13200DADCF02F9EDDFC8DFFF375D
:1045E000B9E9E932BF2B3A1BE916F2012EEB3A1674
:1045F000E7191618C6FDE4110A040616D929CC05D8
:104600002700DD00FBF00902E202F3CE5819DBDCE3
:1046100008F63734F6EF9F0F1019E42A16AECDD501
:10462000183B02E312B7DDD0F8EBDC313F0CD211BE
:1046300000D9D0D155C5E4300218FAD1372822F973
:10464000FC3206332307061EF0C51CFF36DF52344A
:10465000FEDBD944F92ADED4410CC5D847DF5234F9
:10466000D7EF2E09F5214C2534CC0E11160E5AF039
:10467000ED002A5DBBF9323FF7E9F4FF111A0C2770
:10468000FB07FBE0D110F0FEFD110C0FC927AE12A5
:10469000110FF02DC9ACCEE8D1F9402AB72FEF09A0
:1046A00019161CEBE219FC1EFF1BEDE09622CDF55E
:1046B000F92C36FA08FFE409430EEBDB18DF48A8B3
:1046C0001816EEC84A122117DFEB0A0CE906E0DCE7
:1046D000D8284D180EEEC9B4CF513005175DEAA0A9
:1046E0000EFCF6D3181CF5F4EA0BDE1614220512A4
:1046F0000311DC06EEF6E8FEDAF5374A4A4216C840
:10470000C9AED4FD1110050BD3FF1D0F0AE5BA0A7F
:104710000CDCFA10210FF5DC1FE1EEE0F7B035EB11
:1047200000BB0715E5F2E0444B1219FFD3C7FE1D8D
:1047300015DCC405C3C9EB48CBF3EF020FF509192B
:10474000400719D1DF252E0A08EA2810E7EB2E1BB7
:104750001B012501EEE1ECE510220E00C7D932F96C
:104760002C04501B493D3AF3D203D806D6BB47353B
:1047700019F8A3E3F1101B1BDDF632FEF0F541ED55
:10478000D9EC48F4133237CF32E3C0F760D403DA00
:1047900008F836DB05FF22F11918E7E821179DF527
:1047A000EB1449C4FADA10F70F07D4261E07FFF9F5
:1047B0000600241FC01EAD1CE4EA17069AF8EB2081
:1047C000F0130AFCFCD9F2E20F16D909F0EF25CD5F
:1047D000221CB211F7DFE6E44E262CF8B9CC2232C7
:1047E000C6EE0CE9E3EADF01190B29E2EBF2531EF6
:1047F000F8FACE1AE00A2BCB3B0AF0251CE9E5EFCC
:10480000C90A1ECDFD41F9F321C1F4C3E0DDFC1F4F
:104810000FE3FD1DF91C300FFAEAC7472D3C1E2798
:1048200025BCEA480F3E1AEB4A00BE2B0E572B3C24
:10483000281F0FE731F11E033419CAE318FAD2F02A
:10484000FF2F010CD60C1E24AAEF0929F641A9F965
:104850003DC3FCE6E92353E6E4BCB51838FAE802A8
:10486000BF03D0C8CBDF1C02DC1E18F6E50720F61C
:10487000100311CBBDEAF33C04281E28FFE4E3CA71
:10488000D0F507A80C3BEF3E35CF030320BFE71C54
:10489000D6F6343D07FD9CF24CF934D102383C4643
:1048A000E0EB250AE5E4CCFC28EFF6C91CD6FC3980
:1048B000E9D4F0BDFDFD03DBC3C9F530083A10B6FD
:1048C0002C2DF2EFE5FE0F10BA34E407E7E94FE3D1
:1048D000422714A308E3E6F8F6310EF43A253346EE
:1048E000D50B1EBB04F0CBF32D19ECBCF2DBFBE3C4
:1048F0003D281E0EE6EF21E9F9CED003C90A40E6B5
:104900000538DEADCFD2DBBF2DC5DBF92C02C1DC13
:10491000A1EE21051A05E20CBEE87FF3F006F7FAD6
:10492000E611023837E4CA4DF9FEFD322A011A2099
:104930002AF007D5E531D4F9084CF40F014B1D09D5
:10494000F2EFE4F82431D9323D04FF471B06B301EE
:10495000F9E8520116FABDF707EE18E730FCF20746
:1049600033E4E8D2060400C43A08E8E929F0BB2998
:104970000F08FC1A1335BFF307C8EC12CFD9D514B2
:1049800027CFE0EFE2ED4DC6EBF502F72DF11FE288
:10499000E4DAEA18D4C72D13CE11F849E5E241E470
:1049A000F2DFEA2516004C0C072FBA162D29E1DF9D
:1049B000ECE8EEEF1F964423FCE810BB3DC2041365
:1049C0003115E8F6CB1CDD04E747E7DE3100BDDA40
:1049D000F8FEDE081D303029F7FFCC3B3EA62EFA4C
:1049E0002153E98F2214F007E7E9E7E00ED32124F1
:1049F0004A1F0106FF1B312EE108E53CF1C6AD2C34
:104A0000B7342652C7299CBFC8C3FF2ADE62C70C31
:104A1000E13B0BF72FDE10B611F1FA3B2DBF0BF087
:104A2000D2D2FC2AC0B8EC1434240A0BFED4370FBF
:104A3000D2C94B12EEEAD111FA142FF638ADFEE5C9
:104A4000EED615343549411E34F8FFDA004305EE41
:104A5000BCC7356027D10030F7B91632BB2FDA0951
:104A600024E7FC090FBB4EEB203B1C00DAEF4504AA
:104A70003FC342061C09ECF941011A1CFDF4B93090
:104A8000035D0D371B3789CB32DCF8EB3CD704FFD5
:104A9000FC33132CD518D1D53D1BCB49DD2A20C1C1
:104AA000ECF4EB36E008BFFD63D7D7E1E6284B0214
:104AB0003820253AA418E227F91AFC6310D94617C2
:104AC000F3E7DEF005B5EB47C9F5DBD8302029E286
:104AD00027E4F7CFDF33334EC5250512205A2C22A9
:104AE000ECCF110CCFFDFB4820EFFF124331E1C7A3
:104AF000FB3325EDDC0923EECCFB1338E542091A24
:104B00003313183726F0F0FEDFAFEA31233D28D803
:104B1000E73217BF380338D800250819D81439B13F
:104B2000C2FC5ECA0B9964FEEC84062102183A1797
:104B300046151241D0E714131FE408F2DE092320C2
:104B4000EA11FA26100120D02F0EEF383A09D404CA
:104B5000DFF0EC07C9B740BDE2FBE537E100DE1B43
:104B60001CE2E2EDD63A195EFE0F340FBC1E29F5A9
:104B7000B58D18E71D1BE9DC21BD1D370360CC593D
:104B800017DBB658E362814B21BFFFAC478CF6CAF6
:104B90001729E4DDF3BEFA1BC1E544104E0627F9E0
:104BA000EC31C80B251CD00CD30AF20F1CE03E01DF
:104BB000E40F302F2325A62A203A3335FE72231F17
:104BC000BFD0FA261D1226F149A9F034D7ED12DE26
:104BD000E7BA14FA09DFFBD53BEEE8F1165FFF28D0
:104BE000550CFA13E236E53A29D5FDF4D05FD6F13B
:104BF000E411EF2231E5FCF541E3E94F175DB3D64F
:104C00002CA1113EFA052C48B33AEEDB43F74200E3
:104C1000E80EADD912F21500EEAFE5D908AC36FCBE
:104C20002ECAF3311ADC1F3DBCF018F2E5C74FF174
:104C3000EFBC14E71703F8CA48FEF42D11F6BC11B7
:104C4000E8D6F2FAC2081CF808600CC7392A2F18F7
:104C5000F854C39EE3B114BA47FA01C9050BF7C76C
:104C60004339F441CB68FF4FECF6D5F8F3D811ED9A
:104C7000373EBFF9C423A82B14CBF92204D6D41A8B
:104C800005C0FD0E39DA6C000D5306E5FEDE3B2152
:104C90009F0FEDC821ECEC16B412CC06BBEA35141C
:104CA000D2BB041810D122F0F228DF41B410EFC3B8
:104CB0000FD92A19F102FCE95E08E4C62B8DDE014A
:104CC000C1D7F9C6E23E21B6CE2FB555B747E2F2BD
:104CD000B7F60936DC42D2223CE7CCFFB007C91F49
:104CE0006904F82B2A6AC90F214FFF1E27C5050248
:104CF000F509D4FDF77F9E0F4B062651E410DDF039
:104D000005001A2CE6E6FF44B9050901E40A01C3CF
:104D10003A3FEF02F6E7FEFB0F06B6F611D7E5289D
:104D2000232A021AF119EF29FF0CF5F20B370FE2D3
:104D300001F7F9100EF0F224D650D4E73004DEF17A
:104D4000B51CEB0F06D64EE6F2AA4DF1DAFC02E1F5
:104D5000DF09DD2E2F12FCDA2ECC16B3160C06FA64
:104D60001406F301F5CEC60FDA102239E3D4B00EE3
:104D7000E4FE08ED09E6EF09E5FA1E09E655FA0D2D
:104D8000D2371210310D1500E2A7C2D420E50D2F45
:104D9000B4A72BDCE5391EDFD3FD39B83EE322ECA6
:104DA000ABD213B909E41501CD2D0A02221BF90D6E
:104DB000BC0C25EE52FC1D32ED2BFBE2E2F0EEF4D2
:104DC0000038F12DEDE621D0F5E040ECF4F4EC10E4
:104DD0002CDC19273313010AC2D1FAE838C9FFF1D4
:104DE000C42D0A14F3270CD605F7F1AA3CA41C48DD
:104DF000EBFC0FF41EAC1A05D2D612102FFD112EAB
:104E000000040A08A7F4FE0AF104FDEA18B1281EFE
:104E100025F21DD7F415170A113DE3F3CEA8E5D30B
:104E200023F652FFF0D109C10249CF0F3889EC3285
:104E3000F32C2CFCF12FF8D1F002423729461DE06B
:104E4000100B20E0DD18F718E0EFA91FF541133B28
:104E5000241216E0F9D1FCDBF2F3383BAEE4F5ECBA
:104E6000F7FC0B46F25E272AD5F720E7EFE1FB1BA4
:104E7000F732E8FDD51C0705DADE27FFE9191E1118
:104E800007FD99292ED44617FA27068942CCF7DA6E
:104E9000F215E43AE73739D1FC3FD2810C81F52095
:104EA00003F117F4EBB0FD27E50719D9F500FA2B4C
:104EB00021161216C2ADEC33E2E73641F001B9F02B
:104EC0000AD51D2D063FC8F6E6FEDCF5E04DD619E5
:104ED000E1103D99EAD00AC8E9083FECD9D5B8E419
:104EE00003D72706273D05DFEE14FF120BE711DB82
:104EF000EFDD2A2C0C1E00CD15DFC511DFE2FD1FF2
:104F0000DBD91133DC2840F4F7D429BA2510DEFDB3
:104F1000E0203F101200F4E82819D4FC2E0F1DC722
:104F2000C612B83C220466F4FED2D632252A1A02F2
:104F300006F0CCCD022E0CF12117C507BA8EF30274
:104F4000041E323AAA0FB72801EDF40766100106D5
:104F50000AEB080B3BF3BF9FE0E703D42CCA020D1A
:104F600013134710D3DFC4E7E6030312DFD43B2457
:104F7000D5250754FA3A0B23F1ECF6C72DD01808C3
:104F800021062BC5E20A3D07E00756FD191AD3FE9C
:104F9000360812F4F2ED3E27D4176245C00CCFEE6E
:104FA000E302CBEE695ECD2DEB3F1930A803191C4F
:104FB000D5FEF4E9CC4CDB4CF1CE0FD40C1ED7FD62
:104FC0001BF1100730172027C800282D0E09DED34B
:104FD000D2ED500319CDE60DD7F4380FA91CA9FB6B
:104FE000F108ECC5E992F13CDBDADCF73415D4F6D4
:104FF000E3222EEE10E24638001B3608130FDCEBDE
:10500000F4350DFB00E344EDE1E5E120C5DBD5FA25
:105010001105FEE5551D26CE5AFB340DD6D30A06E2
:10502000FCFD15DE2AF3C9DD3104E6F01F10E801AE
:10503000521B241800C3DEE301DB3D37F0EC04DC37
:1050400000E9ED2E5F1DAACF282307F5B9E344FD43
:105050002CD4DA12E9E8DB344EE937E2DC0E1D3DF0
:10506000F0F0F0C2DF4909DE0D13E90411B7F41FB7
:1050700027E4D3EE500CEC02DA01D439A1B2D134DA
:10508000EC0C2427E3D4472108E4BA3166013EF84A
:10509000E20731F11C223A2F1FFDFED309C6DC1AAC
:1050A000DE2107DBB5FCEDFC3211C5E8450E25EB32
:1050B0000A3D0EDC930528D72AEF56E194F7B6DDBA
:1050C000DBDFE7442A17BFFD1C0ED1392A47D7D8AA
:1050D0000B28EB2B1A26A9EC251317DCC506080BA9
:1050E000FA17211418D307E5152950081A23AE0919
:1050F000E2F30DC93AD7CEC04FE207FFEFF0383DDB
:10510000A9F31C18A827CEEDD6CE5115C21BDD1D64
:10511000BDDD1703F0DDE0F1D1131F1ACB0F3215FF
:10512000FEF9013CE0FAFA2009141930FEDCEAF736
:105130003902F517F711280E0A21BF0AFAE11C07F8
:105140002B0F2B2EBFCD0300D7C1C8E2FBE510D536
:10515000F00822DBDEE82BF32AE2C6E65008C5D8C9
:1051600029FFAF353BEF440335F6F824F311CB109C
:105170001AEE3A40E1160910FFEBAD0E31FE0FCCEE
:10518000AC0FFFE4DE3717CD22E64048C4D7DB2C56
:10519000E01AF0341BF803DE1E1D3516DBEB43016D
:1051A000F6FC202B360AB1F1F41AF9241DD2F318BB
:1051B0000E0003F702F9DB0BFFF6BFACCA50F50295
:1051C000DEE2FBD513ECFCFCF209E5D3FD0952FE4F
:1051D000E8EF1556010BFE03F6C602AA040C242FB5
:1051E00003C6EBEE0B11BCDCB40A15D83741271A05
:1051F000FF18E2D8FCFCCBDE2C09E0B2DB555A43A9
:105200001DE6E0EAEF3902D4F81DF0FCFBC1C9F05D
:10521000D7E4D135F9E12DF6C1E9DD7F1E8BCF1141
:10522000EBEAE22C2DC917EE11D6D94509470B3010
:10523000053C2651020E3CF2E50441FE1512CE2239
:10524000CC27220BC922F818541F018144310A0CC3
:1052500018F50861CEB210F3F3EC1A2AFCF1DADA91
:105260000A1237BBF82FFF2830F9D8DF2FEFFEF0F6
:10527000C4EFDBD8EF07F0E5041317B6D5170E021D
:105280003023E4C7281BEDD00ACDF94D09D1C3F571
:105290003C24FC02DB39D4F6FDF31D041016CEF9D4
:1052A00029CEC9B3081EDF0AEF2416DE044608091A
:1052B000240BF40E0BC0E8CEF722DD5743B833DBE6
:1052C00014C203ECC3E7CE29C500DF2B20FE07F391
:1052D000E219D31EEE08D23EFDFC0BF041EC13FBAD
:1052E0002200332444D13B0633C71A263B0EFCD49C
:1052F000BE181FE1BA3E450EEC10F50343B8C5E1F8
:105300002E01EEBC141D3427281F1CB5D60C201608
:10531000CC312314180FB62D18F2F82CBD0AE52055
:10532000F9301D0FD938DE112C241ECCC4B3F9225C
:105330001BEDE6E2DCED31092FF43FF41809E90733
:105340001120F609380B0302D12FFBB4133F4BE5B4
:10535000E1EF00D60727C425DEE21533FA24E6FB89
:10536000DE00EF2451F551F41AEF1500DEE8CD020E
:105370000E1603BE39E53C142333D5DDD3DC2AFAFF
:10538000BB39F5260FEEEF1FFE0F250CF4EAC3ED37
:10539000DD10D40AE815C4C9D75D09FDD02C341E30
:1053A000D61DFAC1EB16181633D105D9FD333B25AE
:1053B000F235D2FCAB2209452BE0F5C98141093613
:1053C00005C5E211E29EA5F6C72B2D190A3523CD9E
:1053D000F1DC140BF548C915CFF90E212C360D0858
:1053E00064CEE7F30CDFCFD6F6EB0C1C1021010DD9
:1053F00018FA1BD1F7F5F8192A0301490024ED31F9
:10540000D61C2D0827AB2B28E01014FB1D6CE0F4F4
:10541000F007E9EF04F8C3D61EBBF924365F0DC5CB
:10542000BDDEDCEB0DDF56E5E12DED18FC7F000164
:10543000D2D3F602F7B73BF212F6FD9DB1EBDAE4F8
:10544000280205E4303E09F321DD067AEC143268C7
:1054500017EE08F70E4DD9BE1DDB19D319D81A3B2C
:10546000A9FE3AB9BCF910C0ED2729EA04E1E837F2
:10547000F71BF7D3E3D6E2891B09E708B216390612
:105480005B1E01FA1637F4151E30E3151F3ED19A44
:1054900021FBC9C22CEE0BE1B6ED02BB05A2E7DA97
:1054A000DF12CAD528EC192AE401CFD2EE4BB0C7DF
:1054B00013F5F9BA20F1283BE0232FFF2B2F5A19BF
:1054C00031F6020D1FD1DDDB37DC14251015A7489E
:1054D000B5BB18C9F3F720980802CDC50FFA27D736
:1054E000FCE32CB3030268202F18F3E22B4E2308B1
:1054F000D047D10EFC181EF6EFB53F063664F33EDA
:1055000007E9134DEE25AFD90C1B0EF008E3E8D8E0
:10551000F4FFE826161419D5C575D8FBEEB729BBDC
:10552000DA420E53D3F5BBF9AC3214D20E2345FA4E
:10553000C570DBC9E9A6F1EFB9DEFDD9C5E6E4FD2A
:1055400021C6CF092D2FD0F214B7260F18FB1F3B11
:10555000B1F4FBD211BC6DD631EE1FBCE8E363069B
:10556000FE1352E42C2D3F58D5FCB8EBFB070F4639
:10557000B6D503FAD93122280C30DCB321A3CF31C0
:10558000FAD74021F9F9D540BEC60EE8D90401DBAF
:10559000FFD84706481F04DA05E23225F91B12C37B
:1055A0002BD0EB040E430A02CFCB10380F1904D7CF
:1055B00065DDE3411136B512012ADA2EFB3314F70B
:1055C000E1DFF702E82FF3D93FFECEFBD8D1C92C9B
:1055D000AA1020DDE83D2EB37737E67FF613C71C0F
:1055E00021E9B6B1DC99043EF3E9323216ED152615
:1055F000DEB8F1F2FCE1101B275AD549EEDCE232AD
:10560000DCC7F7C7341BFBF5F7AAEFC328041E2B32
:1056100034D01BC2E1E6401811AFCBE323C524DD33
:105620001DD62919FFF5323AC8BCFBD7BDFCD41BE7
:1056300012E3ADF437B719445C01EC000C4E16FDD3
:1056400032092DF1F43DDA1C0DD3C4CBDAE6160293
:1056500018C1CBED0426E403D0ABBEEAFCDE2C2758
:10566000CCFBC50DF9CE1BDCD634FA21FBEEE925C7
:1056700021150AEB13D62127B14DC30A0BF0DD0D1E
:1056800029ED27D4FAB0FC0ED719FDE0C5451CFC66
:105690000F334A2EF7E036FCE9CF00D207F70D0AA8
:1056A0002755240BD2F2E41E15A5DA2526E3CCB843
:1056B000F3E2E2FE3BA6EFDAA5E2E1F81E060338CC
:1056C0000AF7D258215813BB4207EA0824BED8F77C
:1056D00015EC02C0F6E33AE70C240809FC1A0C3C6E
:1056E0004332B5F43D1DCE123800F7D1D4F91A3B40
:1056F00024213DEAF8DF1C044CC3EADF2126C4D193
:10570000F9D73E1BBFF50DEE1FDA92FB524C083461
:105710000E1AF1FA012C450745E6B1170A0EF84CAE
:105720002401E5C4F8EB0BE11AFBE0202B00171174
:10573000E0151BFDCED7B4E8DE195AFDBBD3B70187
:1057400005F516EAE5E4FEFBC70611FED016BEF32A
:105750003C2481F22F16E308FE1D19E21FC33029F5
:10576000182FECD4DCABA8E7EB062EC7BDE4020A89
:105770003905C419340BC534F9284AE4A8C40727ED
:105780000EFE04183020E807EDD9E8245F0EB6D2EB
:10579000FC1712271545DD11E0ECDEDB43F6EEE3E6
:1057A000E7DFCF28384BCD0FEE10EF053F2DA0D906
:1057B000DD0AD4E92909DF1C20F8DD25F91B1AF7D9
:1057C00004DB0B0D0226E40A03203E1CCDA51AF8CB
:1057D0002225A1D572F81ED5ED1AC9D217C52611FA
:1057E000EC33151FD5CEE70FE6E3BB17B8B4202A7C
:1057F0000B1EE50D3DFC320815F8F5F6B4B73F0673
:10580000E1032039A2D0DE2808D2E6247F36E5DC89
:10581000EDDE2626CEDBEA0FE2EC23492B52CBF35A
:105820000912095D2934E7F3EDF907ED2625180083
:10583000F8EB2A14E634AFB8EA02F63D371816E959
:10584000FBFAF6FE26EF33EF1FE740132CEC7C1833
:1058500007DFDEFE373107C4F1130ACCFC4EFD1F13
:105860000AE9D3DD04B5F61CDB2E25E9E2F43FEFAF
:10587000070A130624ECA8D2FF1EF8C5F7D2FC02D3
:1058800007ED2DFB470C1927F9E2450AF21DE51A31
:1058900006EBD8A82FC153050D1B23F9D9CAFB0E5F
:1058A0003019F4183EE351650505D929D9DCF6DB3A
:1058B000DA05051BD6E3E835040634DDF30B262FA5
:1058C00003F5240CD1154718D8F5FD27CCF3DAC120
:1058D000F501FD3CDDF6B12DFAF53C112E22212B10
:1058E0001528DB0CD5DE29AF00F5E9E3DB19CC2464
:1058F000172DEDEAA7FA1418CC174045C019D91096
:10590000F80AE1FFDA2B24CE07071517041B3BFC2E
:10591000E3E6D0FFFF1416D60F0EECE4FD05DF1D05
:10592000E4F0FEC32F074F17F00CFDF8B8F117FB9A
:105930003D1334E02CEE0C0E0BD2FBF0FD0C0A49AB
:10594000CE16B84B511207D6022A0406ADEF380E18
:10595000180ED7DBF813F23C100E16E314F71C33C5
:10596000DAEE2F31D016F4E22A0B28FF4CE02BE5BB
:10597000FAE6C7BD3A2E28E701FD3BF7D4E8FF342D
:10598000D3FD1E19BF27DDCE171B09E61541F2090D
:10599000C607EE15B9FE29F4EB0CDD40D62C23F436
:1059A000E310CE08CF1609D42AF4B1E82EF6C94187
:1059B000F4FDEFCC32EEF99E37E212C5EF1018D2AB
:1059C000F4C5F8DF4CD025071817FFE5C9FDF5D160
:1059D0000220DFDA30FA3F450726F306D2180B061D
:1059E000F709F1234AFCBE2D1CFBF11F0CF4EDEA74
:1059F0000E14CDDE0FF0E9D63930F4FA490C25E665
:105A00001011B8D531B9D8D4E20032871B2B16DF7C
:105A10001A0CFDBCC2CD3312DCCEE24FF6EE31E9FA
:105A2000F40AEA62FE9C0CF5D9BAC8E03CEEFCD25E
:105A300009F2FC52261A09FCEB041F6DF52B132802
:105A4000E31C0FB2CB03311319E5F80BF73717C777
:105A5000F8FB060B14EA191F09DC05EDDC05FE2B2B
:105A6000B601445AE9FF123AFC3410FA0FEDD4297A
:105A7000E22439E8C4F4C4F3E7F31938DE40F71040
:105A80001BE9ABCC092E3AE222DCF0CD1B2E12FF33
:105A900000F1CB13D301E0F0EC0A390A1BBDDB3473
:105AA000FA1BA7EA10FDDECFDAD90F0C33D3BDE71E
:105AB000E1D335DBD0F715DED1F81B37E6250E280C
:105AC000F3133DFCC312CA1D091C34D416FD112367
:105AD000F2DD3CF8C6B0C02AEC17EE01D7DA4B264F
:105AE000C01C04EBE9E305F1C00AE2F51515D8285E
:105AF0003EEE342201F9EAE1B7DA45CDC93A17F2B0
:105B00001EC02AD0E8EC47EB142CE5F826BE19F2AB
:105B1000FD052BDAF93F2F23D61CE10304F4DE0D3B
:105B2000A8FCBDDA10FD3BDFD30736FEEEE505E14C
:105B3000BDC9D916F8BBE708FDFF0D04213B26DBE4
:105B4000112EEC05D7E222DA392E252313E63EE6A4
:105B50000430F320011CEBF8222C0501E3C82A08CD
:105B6000D606E9F9E9D335DF0F37EF0EEB433BFFFC
:105B7000BCEEE24410DAFCDC04EA3621DFCAE4D5EC
:105B80001707239A38BF20E3E236FEF1FACD05214C
:105B90001A46291319CAE924CA04F4FA0CD3143C8E
:105BA00007E5F1C30D2D02E8CA1BD920F3281ADB43
:105BB00037F426F42144E63DBF3FFBE9BD1A160E3B
:105BC000F5041322D9BACD04FA15172909F70DDB0C
:105BD000E31103F1031CC9ED1A01FF262AF8F4E8CA
:105BE000D1D1DA0D1CED37E20E12EF32EDBEF6F533
:105BF0008EFE2ACCB901FFF436F4F15C0EF3C6F840
:105C000046E7100104D0D2D4DC282807C3E9E91BF9
:105C1000DD1BE92A12C505EAF93AC2DCBB26E3E33B
:105C2000E6E8E6BD17DC2BFC0CF8DB10B309292BEA
:105C300037D7F928122D20E3CE11CFBBE020FB1D72
:105C4000250622F00DCCE62CF3F72DD40524FBDC41
:105C5000C500FCCEA8041AFE07FDC0D91056FED51B
:105C6000DFEE06D81D13D63F1DE5E5DDF0663DB934
:105C7000E42AE4C4F4FA15160BC2E801C315020DB8
:105C800004EE09300D28ADD4B42E24F2021ED4E562
:105C9000F3E12F52FB02B6C3FF0533CDBCE39519E8
:105CA0002AEEE63C40CBAC06C9CD4EFCC33D1C05FC
:105CB000DAC7E7F60E079A134B58B8FBDF04E9ED95
:105CC000F8F10CF62CCCEBCC2DFA241C0BCE2128B1
:105CD000AE1A03FAD0CF4926F11E36310F1A30FF23
:105CE000EAE7C223061CF71D4D10EB0D0707FE3433
:105CF000D6E2C5C91B192DEAF12011AB9F17323B23
:105D0000F252099722F9EE1125B1CF7438DE4055D1
:105D10000B05FA1A46F70D0C37C4DA0CFEE8DA3B2D
:105D2000D512E1E1F004B5FA2707FA653D2A104AD9
:105D3000C7F2D8FC155AC6D8D20B3508DB42EDE4C1
:105D400048BD043717C105353FEEE5161328EF3C73
:105D5000EDC92D135313E237D1071BF8103043E27E
:105D6000BBCD4BE242F1E4C0A1F4F90BE5EE3BF30D
:105D700015E40627400D1AECCC420F2AE41B4BD742
:105D8000F833F1F50A97244B59D0ED5417FF03105F
:105D900049B0FEF1DABECA0556D70ACA1503D50DB9
:105DA000D4451F21C9CCE22534EF3D032513024120
:105DB000F3F7F9ADFA330DEBC4F42FE741CC300B18
:105DC0004120BE0D0AD73102A7DBF1F1E9241EE123
:105DD0002C48073FF606FA331170E1FBDC1EDFF0BA
:105DE000CF25EFD2FF0732B7F14926BA2C1426DDB2
:105DF0001B2AFADA061515C013E8090DFD321CDC62
:105E00002DD606EDE2211B3013F8D72FCF38D01E48
:105E100014CD0960112CBD11381E0C25BE30C833BD
:105E20004EC50B6EEF34CC2D1305C6F112B8CBE482
:105E300019220C0F1125F90BFC03F43311FD0F157A
:105E40002A1EF5EEF22E0D22942AD799B8A301DC72
:105E500017F72632060CBF283820EDE5E40A01FFCB
:105E6000A24820CD18E9070D03F4E80ACEF3390D56
:105E7000BF01FFD3E8370DE3E428D2D2F61552C2B2
:105E8000F9C0E90A271A253B23FD161D18CFBFDBF1
:105E9000DD1CCAD4DC99EB1A02BAF6FDFABCC023A9
:105EA000D9C6CFF804D62CDA34CCEBDE35CAC4F52B
:105EB000C7B306CDD6F7E1E608E21EF7BF050D230E
:105EC000D7D622CD04E61AD7101BDFD82CE4481908
:105ED0003FE4D73F0E41DBD906CE26E406050BC7CB
:105EE000D820F5D1E51B10DFDCDA1320E40BE9370D
:105EF000EADA23DF43DDFF01DA03D5F2FBD11196A5
:105F00000AE713DE2338D2E01BAED5BBFEDD3FE44B
:105F10004DF10C36FA030B550406FE0532DC19FC74
:105F2000E8BCDA10F1EFFC2500300F29DDDACC0AED
:105F3000901D1BE12E1517D104D708FF1AB42CEBC6
:105F40002FB40D3F04FD2044D237E3E2FF55282F44
:105F5000EDFCE4CFD8C00DCE0AFB2505091EEDD916
:105F60004C1AE33A061C150AB8D809B243355CCE80
:105F7000E7E3EA23162C44EC03B417C8F957FAEC0C
:105F80001E3CC3F8D118C11ABA34E6D4EF16CF4379
:105F9000EE6A032205EDD02C1F37081D2C0C1718B4
:105FA0001DF6FE5A0628FCEA25C024CB32C6451D44
:105FB000FEC4081F2D3ECADCD2E6FAD321F9F4EA6A
:105FC0000DBE39D91DE14E2007DE150A05DEF5228A
:105FD00012C743FE2AE321C85E0C3AF9F611E3E941
:105FE000DF032B0EF41A06AE1633F235DF0BCDCFDE
:105FF000EC394DEC05BF08D0ECEC1FF3190A052D68
:10600000C2FE41D7D9F1E7F3D5EB080E1CF53FFBF3
:10601000DDF111FEE3F431EF0F1DEEFAD22B31FA70
:1060200002E317005E1CCAE0FB0FCE28CF2D393DDE
:106030001D0123DC3519F22A14DFFACCF8FC064ADC
:1060400013F009FA290E1BCF08F32119FEB31C2AFD
:10605000F80C061A19593C04040EE724A81FE13174
:106060002014DEE8ACEC9F401717FBD2FC2AB626C2
:106070001D12E3E33ADC2FE025F224DE27CDBE0F2C
:10608000CBF24701B7D8BFE6C7DEC8283FCF51D40F
:1060900009F7211DB9046403FB120EE758D908194A
:1060A000E70D3DF242510FFF1806EA06D7141928F2
:1060B000E3220FF21621E0FC1CF83DC804F1F009C0
:1060C00016EC211A34372A14F528970847A00CC675
:1060D00016ECE8D21C11DBFEEC36EF0039F7B0EA23
:1060E000340839CDECE8CE3C0F2F04FE0200C9E69F
:1060F000F1FF32EA2506350E0606C0FCC7C7B8F226
:1061000013F9072D1D90CBEBEBCF0A014E2661E56D
:10611000260C40E02009FA0CFBD4292FF2537F1CF7
:10612000E3E8E54390C3E7F31AE527E2C3411BDA4E
:10613000E7DCD90CDC00C611F2041F0FCE1E26E7E7
:1061400011E6F725DD072EE4DCF9F40538E8BAF1AD
:106150002AD92512212625110509FEF852210EEC17
:106160000F111128D9F7ACDA1C1BFB07EE03E91C51
:10617000EBF2513BAE2AA917D5D3CB0D4100EAD69D
:10618000E11C0DFFDDF867F32D0A4F02E50942110E
:1061900023F327FF30DD3DF4F4E50C3313294B1CCA
:1061A000F2FD0FC11BA856C81818F7F31FCDCF1D5D
:1061B000FC1DB3245AB93E1F0A1304FD2E08DD2727
:1061C000271A35ED31E033D0E9E4EA39ECE1AFF2FA
:1061D000E623011917F51C2BF1EC30DCE12CF3F26E
:1061E0001E0DF92D1EEAE10BFA0FFC1A2DF4C7293A
:1061F0000F2D2CF01C01D4E7EADB1E140B02CEFCA1
:10620000E60CF7E10931E0480C21F3D7EAF70CD8A6
:10621000BFFAE6EA1B2D2E09D40129372B0108010C
:10622000E22012E032051E1CF8F31203C82C4A18B3
:10623000E91DF31BF13E030720FAD71F3D1756FA5D
:10624000F52DC5EEE62408EFF515E100E7CDE5F7FD
:1062500000161AFDC2E138E51027FC1BFA2DDB36CB
:10626000F00FFEE5E2CC1622E1CEFAF8FD44BA09C1
:10627000E7DFAAE9FC2EFC18F9F4EA11E4DAD82EDB
:10628000E2E7E9EC3FF009EDF9F72FF7FC243BAA30
:10629000D911031E591627DEE5F2FA1F46FAD3A4D8
:1062A000D617F0DD43D31314262004DF0A2D2FC2A6
:1062B000C9E2AE25DE06D313B4DD150EB80735F5F9
:1062C0001400AA3D15704015040FECCCBF1ACED1B6
:1062D00015361324C8F900E8EE451FFB172BBBFE4B
:1062E000F7DCF7F6FE2BD940DDF2EE26C6E5EFF837
:1062F00011F6DDF23F1AD8DD09EED4E5DA3924EEE5
:106300001929FBEABDB7FF46D9F51ADFE5471202A6
:106310000FEB06F90EF333EF0A1908FCDE1AE9D386
:1063200019FCF02CC5C902FDEADACB9004EE5E013F
:1063300020C4E009F0CDD6DCE9DF022CE735E80621
:10634000FEDE16F7F35B4B242CDF15E415E6C5D112
:106350001AB1C4C901374602F6E5D6DB2ECC910B43
:10636000DFD9004DB5DDEDD8ED2AED6BEB07BA0AAC
:10637000160517CCA124ECDFBD0CFD08E8F9C226F8
:10638000F118DEE0D2E110EF0EFA14C22A615CF9D6
:106390000A13F5C31E0842FEF4032BC3ACDE1B41F7
:1063A000501CE11300C02008FE1B37DAB641040D73
:1063B000192A0749C9E6AA2A0FE8231F1ECB9426EB
:1063C00035190ABD21C9D7E0EBFFF5163AF622ECE4
:1063D000E1C72A0E1000E901ABC1F2CEC006EA08FF
:1063E000C40D1943F0F7C3D4E8FA25FC0EE594D8A0
:1063F0000435FE1CF2DBFFFA0E1E1EB50DCAF6E4D4
:10640000C3D21B0123FEF90EEC0B16F0012E3B0E3E
:10641000E0D6E30C215D2A03E1CF1E2E14F71121F3
:10642000F613E52EEAFCD20828080302332543D2EE
:1064300001ECFFF5CBC8F12CDF2F22EA1F3912E364
:10644000232EFE2FC7EC072110E2F4E9DD10E11244
:106450002E212817120E1C02E1F51F14EAB8EE36A1
:1064600006D2D339010AAA0CA7E5E2DEFD0BD7213B
:10647000DDEEDF2EF71EE5EFDEEDF0A61B022CD0E1
:10648000ECE21DBBEBC8EECB52DE102F39280A35EB
:1064900013142CFC1405E42B32FA1320FD2CEEE22D
:1064A000CCF0FCD6FA48DFEE2CE4FC2A35120A1CAC
:1064B000E423F9EAF052F01B0ACBE9E5C449360AB5
:1064C000140CEFECA7120419C8DDEFDBFD81230CDF
:1064D000E7E819F9C93FDB23BBE7DE2E4AE1DCF729
:1064E000B122F3F0D5200F2BC8F6ECD3FD4318F101
:1064F000D529EC3FCFF8B2FCD301D6C8EEC2F001EB
:10650000FCF52BEEFACA2DF133C4BBE91A310AE3CC
:106510001D21EBE95C1CCEEC48F407C5F342B7281B
:106520001A0F0DD7E30E1D00DE0F12EAE1D0C5FDF4
:10653000E962E49AF9DF1113F2DDDD18D769C005CD
:10654000B3D3FD45C6FA17071CFDC6DA1CCC300BC9
:10655000051C302D1CED1E20E81615E6A4F7DEE91B
:10656000AEF32217AB26F0172047EEFC15C8B61184
:10657000ECFD42DFC005D7E50F2217F9BCE31ED9B9
:1065800050F9E318EC0651170ADC3B04F2D7FE1C65
:106590004CB3ECEF06E4D60400DD2D2ADBC6C9DEE1
:1065A00039D3D41607E8460CB0F14AC6DBCDF5F274
:1065B000263D42C301BC4FD41F561DECEEB7CAF8AE
:1065C000B0D6E2B50FE7E8E4F107321E33CB07158A
:1065D000D6F262FBEC2BA9E9E1202ED9F6D32114E7
:1065E000BB3617F8F820D5F9EED914ED02B58F1A9D
:1065F000E40839F706C61BC218311BDEE5DC1619A4
:10660000FA4952BBECE6D7E0D5ECF2C1E408420B04
:10661000501501D5FACDC9F27F14490941671D0E05
:106620003026FD1610EDB4E958E2D449CC1F53EAE8
:10663000021045495C3B082FD340EDF732D8E0C447
:106640001EACD70EF6A129FD0A01FC1E091502D0C9
:106650004FF7CB40110D110D0E0F140FF4F01D6507
:10666000EE11EFF42D35D0F12E212FFE3A57C70849
:10667000ECE4CC4DFCDCFE02EB2AED24F53A3F6263
:10668000BCE32ED7CA1D2CD5B7ACE1E6FCC240E96D
:10669000E814FC0008D51ED637CF36D8FF101FEF00
:1066A000FBC2002B28C924C9BE1FF9E9212449F9DE
:1066B0001D53501F2B1C0417515309FA1C45B4FDE0
:1066C0001ED4CC36E30A3731B10AE1261845E3106F
:1066D000FDBEDFF70D03F8E96B1D51111F200623E6
:1066E0006102FC094A02FB0A405D1E215216DA17BC
:1066F00040FE02F83418D01613CCDC312915D37FB4
:1067000000E5E60D021D31DDD4D1ADC5F4A431F5AF
:10671000970ED5BCEBA54CFDCCE9DEE3F0AF09DC70
:10672000A5033DC41A321EF81917E4D92BCDDBCED0
:1067300035D0F70F1A28FC0F0519F8FE025EC53D8B
:10674000ED1BF4EBEFB7D0E53336292B01EC051543
:1067500011290A3015CE34DC2A9907DA16F2061B05
:1067600004EA3C4C4716BD2519D5EF18EA0737E671
:10677000DCF0281327F718F03B3ACC52C211F04254
:10678000DDEC14C5CC433F41A7E302CAD69235F1F4
:10679000EA24CBA6E5050A2FD52704B125DF39C1A8
:1067A000BDEA000837302406CFE2E52A1D2A10EFA3
:1067B000CAC6070F11F5D634F2CB1CE5630328B522
:1067C00040D40BF2F5DDC9F13526D61B09ECDCF41B
:1067D000BB04E7FD13DFFFBC2FD0E42FEC1FDA1D55
:1067E000512C4A635140ED22E90141E839B915D1F4
:1067F00011F3121C06BFFDFE470DE2FADAF10002AA
:1068000051E0EDEDCA192FDFFD36EAE0D9F4F50EBF
:10681000DB340C0C090535F743E1E23A1710042983
:1068200041281CECBE0D29F504310AFF2712033460
:106830002D05C32BDEBBDD3B1D3501EB275A28DFC1
:106840002702FA0A2BF0F4ED0A21F0D1DCCDD42B8B
:10685000B5E624D8FCE33032E022152441E41236B8
:10686000D9DDFB0A26FD0C2047B60F51407FA5F06D
:1068700004C0FAF4D5D6FA53CBC0FD0532B9DB1FFC
:10688000082910C009D7C8BC34632E24C31E06E6ED
:10689000CA0E27FA0A2633C63B30FAC6D02BF62C8E
:1068A000DA3CE0E8F9DFDACBED12E5E2E815E8EBF7
:1068B00036DF4A0BC5E8CB03632A13FE1F7DFD2498
:1068C0002AD81E1332E5455A21261715C301E6F1D1
:1068D0004337DB39F8EA362814F9FEFC01ECF907F6
:1068E000E812D903F5F02133111E273AEE22E10D0B
:1068F00032133A33D7F915123EC439432CFBB0ECAE
:106900001EF564FDD82BADE6EE11F4209FED0ED6FA
:10691000F928FA112100EBB906EFC01C310335EE5E
:106920000CEFEAD9572042DC01360DFB11E029E5D6
:10693000EBBDD11EDC041D3BF105C92008E01E079C
:10694000FF0BC201412965B1DDF90D17D114F632F3
:10695000D710BA4C1CE818FAF2D500C1D0F43F0C9D
:1069600017D7E50535105142E3C51EE7D250254142
:10697000130AC0E626DF270A15DC1ED6B5ED130A7A
:10698000F8F85917E9FDD6E0CE30DA1310ECB3BFB2
:106990000E0E05E7DA16C0F7F50D15F428163606C3
:1069A000FC0273EAFFEAF212E9290445B6DEC0C12F
:1069B00010D233E12E3334FB21D132C9F33DEE3313
:1069C00021D12FE7F80E0B051012F123D8EBBB2CC9
:1069D000DEFDFE3627CEE5D3F8C1D71424E54022EC
:1069E00019F90B0433162E2FF9F506EF5730362C14
:1069F000F8CE16D82EF04ECCEBEEF4122139E1058C
:106A00000C1FD042F9F7E507F91E052D3226B3E534
:106A1000EFF5E3C3C31CFAD515E9062C074994F832
:106A2000F501EEECB205B23D19E121FD0A41F2FE9D
:106A300020E12FFA2DFD1EFBFCC8FA02FAE9C44240
:106A400023E33EBF104315CC2910FC0AF608400D85
:106A5000E7C31702ED3AC8FAFAC514E40503790A48
:106A60000EED4809131CDC10F3E5CC0518A920E74E
:106A70002AEF4CCABFFE2703DF090B4BF2E169295D
:106A80000D2F16FBD623111C291FD5D4E925FFBADB
:106A9000FEF7C113ECD8BBCF0FED17DD1C18A8EF24
:106AA000EB32DBEEE904B126F70605E01C39021DE6
:106AB000E5FBF405231354020AEE1CED12CCD7FEBD
:106AC00017FF3B2A18241E17FADE1E2B4930111B14
:106AD000F70D38F123D806D103EE36FA1F2831FC22
:106AE00007DB3BEE2CDBDD3CF0E31AE04A3D38DE11
:106AF0001BF70EF030153BE619DDF20BF0F0491AEA
:106B00000CF300251124DE19E92AE3EE2314CB024D
:106B10001D03031029C6BE00FB1D25DDCBAF36EDDE
:106B2000E6E8F40D1126D605F6EDE9F3F9D043E9D0
:106B3000F706261A254A48EBF3E6CA23143DE0E19E
:106B4000EAE01EC738EB1DBEEED022F8BD091AF2EE
:106B500007252A0CBD0FE804F7E9061B04C602FB53
:106B6000FAF12C0236334221F5D1D91D092E502FCE
:106B7000F0D0023A22E106CF05FDF1030D3E3718B1
:106B8000E6E7F41A0216DE11E8F6E3C7F8E1B5D439
:106B9000F31728F4EEC0B21E2BF611C23B22B6DD6D
:106BA000FC0F2C02240B18121623EB170F0DE9F122
:106BB000FF1BFEDB4AFCE9EB1E041428F915B9346F
:106BC000E6E70128550962BBFC06E5341120F0F721
:106BD00030F0F80E2F1A16DBE902F7CDF9F512ADF9
:106BE000F706EA2C0E30F212F9C8F3CFE2D3E2F442
:106BF000E1DBB3065D3245CD0D031C18D61003ED65
:106C000000412611DD0C1A2EFFF8FD000E8100C494
:106C1000C7D32509CECDDE1A3BBC14D2FDDFA4F3C9
:106C2000D2DAFA0512D7994928F4ED1E55F6B41EAA
:106C30000E1EF027EF4414CE28F705FDFF37E917A5
:106C4000D839CF0FE31B3204105D02D7A1DD6DF5FB
:106C50001DFF3432FB3ED8FC1AE032E52B0EF5283E
:106C60000CE8FE28FD33152C442D431A291BD9FBB3
:106C700025F7DBD2D4F00A05194DCC0FD93F1A0203
:106C8000AA18D2F605D667EDDE08DE2313B4CF3599
:106C90001023CAF707C5E4FB1E01120705DA01E954
:106CA000E2F6372806EDAD1D2A25ECF5C293FBE48C
:106CB00017E0E718EF1DCA40050803113011FC0A60
:106CC00007DEF9DCCAD6E71D3D3B08D2BB1E7FBFFD
:106CD000E50D2D3A26D9AF4F0E124A36F41703218F
:106CE00027C40326270BD73C2022112F0BF101D1FB
:106CF00005D628EB2F31EB6CD30BEC09A53B1A1909
:106D0000476143E134CC71E5F50D3DFB1AFFCB360D
:106D100022DBBFFFE2290C2F3AC351041118B31133
:106D2000E724120028DE1F2328FF44ECE5E8A41D19
:106D3000E044572E073BF1DCF23D433921411C135F
:106D40000712E6E1F029C32523BB25D7D3D760A9D5
:106D5000D3D1EFED343CD94B430E2BEE38CE2E0978
:106D6000CA1BF4FFFE12FE212DFA2B25F82B1EF371
:106D7000CBCECA015D50A874300FE229C13004F8AF
:106D8000FCFAE6E7D3C00CBBE6E1C224C2F8E1EBB3
:106D900007FAE3ED3EDEF8C0D7D6CA1E0C49E24D35
:106DA000F02AFBF714C41F11E7EDAF35393BF706A6
:106DB0001918320AC0EE094111F96428E6D41333D8
:106DC00041CDDAFF760EEAF0F0EF231DBAC0F48170
:106DD000D2F0110D3631C74FE60DE5151FF6952996
:106DE0002222F63126FDDA10192A3121DBC4DEE633
:106DF00035E70337252EC109F942B91FAFEDFFD79B
:106E0000E8FD09F637CF37C24AD61DF6E8E917F58F
:106E1000D8C5FD07EF2F43C7CB33EA2018101B1E40
:106E200007C90714972B36A307D41E1DEC1F122188
:106E3000E92D10129AEA20FEE9D5090F9CFE131ADB
:106E4000FFE722F5E3CE2700EC401DCFC41A27A4AC
:106E500030E60630522FD130E35038EEE4F9BD0968
:106E600007FC1C0C26DA061A08262147D8FE022F3A
:106E700030EBF30719FF2D0CE8E7DE3DC709E3DD32
:106E8000C712CDE3C4EC02FF64C612E5FFDA3EC7C9
:106E9000390BD0D130FCFEC34C07FDDCEBF92519D2
:106EA000080B19C7E61E23FF1CEDD61615D42920A2
:106EB000EC22E1CFC036EBC2EB29143FDA67F23E99
:106EC00016F4CB184022CEE9DA17D709ECDAF5230D
:106ED000291C22EE2BCD0D40EA3002BCD90CEB4E22
:106EE000F43A1A23FE2BCFF9F03F41D894232738E8
:106EF000E302491DDF332624A51AF200E0CC193045
:106F000027ECC0BB14B8E7FC2402BE320A2A303892
:106F1000DF0636EEFF28D717D117CEF6D9A64CD804
:106F2000352DC714EEFC2510E5111C041AD03614BB
:106F300035EE2EF924ECFE88B8D7DCECED2AEDA274
:106F40003E2A0505F526D575F7FBDCF4E41017C7D6
:106F5000E4CFD94C049826F8EF330526CDF4F59C00
:106F6000B303EBD70EFCE590E408E827F6BBF5E2A7
:106F7000E8160C2813E9F02DD418FD1BF0D717DB09
:106F8000094109F6D5700CE12BC6252729090F45C3
:106F9000CDD1E3E1032D3001FC2E141D19482066EC
:106FA000611DD705035E10E14D2CF91E09633149BF
:106FB00016F6E3E5DD0C27030C302F080D1CDC8DE5
:106FC000BF02F1280147033BBDC3DAE9DBC121F46D
:106FD00039FBDE4C331FE948F01EE50ADBC6E6D17B
:106FE000C924130CD6DD16E00B40C5ECCB15090106
:106FF000DEEF40DB3F1E0258520CCC19F4FF19C7DC
:10700000B633F18F10E739E89D3F3FC70221D71D06
:107010003BEABE0D240933DF9A4715E9223F495E5A
:10702000BA4CEE81044532E1270D154A18000E498D
:1070300029B5FDBAF8DC050AD30EFFC7F3FE1932F5
:1070400046CB2F3810E5DFD1A12E5712C2FCB0A6D7
:10705000BDF8E23A1C58E93EB0EA1F9124013BD248
:1070600003CE001DED2912CDC5E215D01B0FFA1B72
:10707000E2DB2E2D2AF825AECFBF0ED9FCC4E74F98
:10708000FB23E518F8D1B70E00EDC50806D0D5D81A
:10709000126023EE1FF6F8EE0618C9510026F9D942
:1070A000C3B32CEE0F1D011C03402311232A99EEBC
:1070B000A0CB14FE01E5C9C0A0C53CAE25183C26F6
:1070C00028EAF7C113FDEF124C3BE917E3C449CEA0
:1070D000CA39A4E52A15F9D6F903022EFB58FDCECC
:1070E00002B90FE3143A29BE2DEA291D18FB21B37A
:1070F000E822E01D1DF622C1D3B53E2D0CE2A816F4
:10710000C4E53052D3D6DC47C720EBB7FCD821CF3B
:10711000FD4F131416270E2CDD31E03812E945F629
:1071200039471912F0FB26022623D3AC2DD84C0A7E
:10713000F0F3DF74E734AC1CD4CC1A06D652E20963
:1071400004C12AA21F3DF5B807F9D3D4CB92140687
:107150000CF5A3BB0B11FE1422E6EAF2DFE4D3F731
:1071600013A800C61929FFEFF2C2F10FD529AE020C
:10717000BC2FC9C8051B252D00C7FE3FF9C4F41755
:10718000FDD6C225CCE52743F32AF99330A21B078D
:10719000D70BCBB9190D0342D514C8E313EA215814
:1071A0004BD72247C9B13749A0F805E62EF601159D
:1071B0003BF9D11601115965200AF565C42F142930
:1071C000E73139ED1DFADBD335A447CA221D24016E
:1071D00012500DD8F03D3BE0E0FD06A3113A464CBD
:1071E000E2A4FB6720199AE1320CBBCCE7322C48B1
:1071F0000AC8435715112BCDFFD717D3E23AF4FA3B
:10720000B8BEE9D7D2E6E710371423072ADDD9CC78
:107210003A40FEE52EE2C515E104DB092B05F90530
:10722000DAF7DD0FBB0AF5300BE308FD43E703A9EE
:1072300019B6D543EE311AF3E2EB3C07F30A3240BC
:10724000F5371CC3DC05CB03F13825063DE9D40333
:10725000FBF4C3EB321A352AF5E82CE92F1F111B7A
:1072600006FDB817FC081A0E1EE7D2ECBFF036F385
:107270001F2618F916F1F0ADF5ED1146DE0CFE09EA
:1072800011D729DFD4E6D4EF02EB2C164131069357
:107290003AFBFDE53ED7E7B6FF0D27CD29DEDA1C28
:1072A00020BF2A012FE5ADC122FA1AEFF3B20F0A6F
:1072B00012AF1B0DCD29C94EC905C304FFF8FF5EEF
:1072C0002437E102F1DFE5CB02DD0A1A01E1F943DF
:1072D00006E929D732F70AB8FECF20EBDD0007F424
:1072E000EAD624E70F020D41FDC703D2040AED3CA4
:1072F0000FA5441501CA00271D19D00931F0D64049
:10730000FEE1E6352BD61BCF202A30ED1C1DF3E223
:1073100001E4BC1640FBF3E257F203F1D9FCDAECCE
:1073200003DE1C12CB3FE7CC07450117F1FDE0C798
:107330002DFA0FFC2408C63304F4E120CC17EF200B
:10734000D45CAB1CE4AA2A11E52AB90C100B0ADBA9
:107350000EC621DEDC16D4EF428729F50304C23ABB
:1073600002FCF718CCFF153E219F4B22002D010691
:1073700035C7F92DF5140BF5C117D7FA03FCE22731
:10738000C024B1CDF3141EBADFEB290514E8F502D1
:107390002A1DBFE62F2EFEADDD48F6FACAF3F8B37C
:1073A000BE1DD110F11B2001D30802012633F7E2E4
:1073B00014D835F0D004EC1AEBF231EEB7EFEE3E14
:1073C00012E719F40222213A331AE7191DEE0229B5
:1073D0000FC309E7ED10E9DB10EDC316B8EF085352
:1073E000DEED2423CDDF024E1DBFC717EB1EFFFBD2
:1073F00034DDE52938280E4AB9EA0ADDE5BE005039
:10740000FC0C0CB903221B9F49C1BBF1E73E09CB21
:10741000D025BB182DEE16D1292CBBFED11F0EBDD9
:10742000E929EED90C113FD4072128F53814F91CAD
:10743000E1FC0114F7E6FA15EFF922F01B28F9D662
:1074400001E70E57FBD2F43BEEBF0AD124DDF24A2E
:1074500039ED0422F10304EAF8CAFFC82E202E47B2
:10746000F7D81F292405C9190AD033CAF4320609EE
:10747000F4D131E2CE09E100EEC32FB61802F510C7
:10748000E612C10027ECDAC7200F32F83A20241D9B
:1074900005DEC32601DB28E401F9FBDF2EFEFDB08B
:1074A000113EB9FE3FDEE1BCDEFC414CB715F71DD5
:1074B0001F1F25AD3EFB0FF50D19DBFA1B4E1E9E5F
:1074C0000DDC5F19E9FD09150BE6E6F5FEE1043573
:1074D00024E52A43282B0CEEEEA7002CF0E7F0461B
:1074E000DFE63AFEBAFAF120C2E6D2CA4C02E7F46D
:1074F000F9F3430C1FF9103FBBF0FDD02DAFD33C87
:10750000F7EAF4CB212F1C0BCDE612F9DBEB63C7B6
:1075100000D7220DCAD9200FDB42FE2F16EF022E14
:10752000CCFBEE280D081702C43CE0EC36135BF1EF
:10753000DE220E0B4601AE1406DD152107E9AED1A1
:10754000CA410614E9F92FF72ED93C18C515E822CF
:107550000623C5F4FAC62F19F42AD507E2E2FDDEA8
:107560000F0C12F8F6E6CC4A38042B1120E9E7CFCD
:10757000CBFBBAF71CD3411E482F102D4334BD1648
:107580009A39BC13D8F0E5171914E5F731E73C0830
:107590002218FC0DDEFC38E0CACC0D1CE1EE362DC5
:1075A0001C1FCBEE4B012D3ED6B2D2F50F1D40264F
:1075B000330CCDF901FDE62F33FAF4F3BDD8FB0C03
:1075C000C9DDCE0543F1E8F2060D1923033BD8F9D6
:1075D000C701CD1BD8CF0ED3034ABB1AD7C505E9C7
:1075E000CA0FC724FCD09547F2DDD41AF418D9018C
:1075F000DCE8EC0A13D30209DADF073912100F2492
:10760000F203C9F5CA1B1102DFB719F3F2D7F9FB70
:10761000DDBCBAE6E42018DCE7DDBCD435011AC4D1
:10762000E706A215E5461E9934D4E402FAEAD6CB61
:10763000F22CFDF0170A252DE00219F9CE1EF004F8
:10764000051F06D922FDCB48FC077B1FDA2910094C
:107650003EEBBBD0F6BE11B64D041CE50C1001C0CC
:10766000B260D9EC15EDD640FF3C1A02DA0329F9D5
:107670000D32D820FF07EA10D434440F0010F01068
:107680000FDE12ECE20B2CE4C50900CFB5C6FB0EF1
:10769000440F3AD5032A18A50AD8EFEEEAC4BAF483
:1076A0002FC90017FF0B340DC234CE14A6AEDF0E67
:1076B000F8DE233CD51004F5481F0ECB222B5DD5F8
:1076C000152432C828DC2C12EFB333161AD2937B60
:1076D000D124AB050CE31CA9CAAAC545D4D9CEFE5A
:1076E00023FAC2CBECFD44511EC9FF1D28D2DE4156
:1076F000A747E725F5E3131E980F3C05E82FC8338D
:107700003E2662D1F127E629C532DDEEFD2801B122
:1077100000DBFFA0052DF3E8223AD2AC1738291C74
:1077200022EA3FD4E12FCECCF11423F9E8D5121D83
:1077300059DCF8FFF9E4155E37E2B1E8EBD3122B20
:1077400053F3E6E131C3162616C3680E256A3C14CE
:10775000FCE912F60CE82EE70BC71D03D91B430406
:107760001915C7F6E4F1086B0EE9DC1DF5E53FB924
:107770000DEFF4D4F84507E5A843FC3CCAE8FB014B
:107780009FDC611D2913EEEAB1D825F10B2DF0E342
:107790000ECE1DEBE5EA17DEF0D2A8C025B5EEBF90
:1077A000200A2BFCF7EDF5E6FA19A0B723A417DCA5
:1077B00016954E27E9121E2FF7C22D01282B091B03
:1077C000740DF01D6C0417EBF3FC15F4A7F41DF712
:1077D0004ADFA6D343C4EDF9E4BC041422EA25E74A
:1077E000300BD507D6BB0CEFF8CC3828BA18F23ED0
:1077F000F225F6E455D305BC03B947E7B25F27038A
:10780000AE2CB21FEE11E8F0650DEBF9F53C18F760
:107810000D2DE0190456C7216734F5DFF13212B39C
:10782000071FF1E9FF66D32C49EC2D0C071826F948
:10783000031DFAE7D2CE3839CDE61BEBFF19095A02
:10784000EADA1F31E5F8C84511EEFE1B13CFF5DA71
:107850006925D32EE7F22AFEE6E1AB1C2633142E6F
:10786000B9E04203FCA6FBBE08F11F46FBEADFCFEE
:10787000C9FE3420113B13F7DD3EC3F2F3B521CB33
:10788000DAE8DD030D3718F8020D4DE813D21ED9E2
:10789000EDF7F2D21D10C7C81BD572BEE3E0BF19C9
:1078A00023ACECD80BF7F106F8EF65171E1705109F
:1078B000DF1905E5CE47DBDD4F320F4D0DFDEFFA49
:1078C000F91E011308F3B014FA6312C30AF520B0CD
:1078D00013FBEAF4D540C10739D8C83EF63525EB8D
:1078E0001F2316180F104A43122BF71C0052F4ECFA
:1078F000BBE53617F624F44403F1BAFBF63016F76D
:10790000D60C40F6F3D8F4C5BAEE21C1DC14F90266
:107910003B2FFB38F03103C6B5D4321AFB9000CCB4
:1079200025172E52FD9A3FD007DA4FBA0BDA211BEA
:10793000E40C4EDB28D646F7EEA81E4A1235DF1EB1
:10794000E206F1D7DBE104FCA61C0B03D8F7215FAC
:10795000F61620D8E40BDAEF02F10F1249AFEB274D
:1079600013EFCBF4F042DF0BFDADD723E0E644404C
:10797000E2341630E825E5E7C7070407301F1D2D60
:10798000CFFB2DF0F9F823C913F3E147CF0A1FE22B
:107990002309CCF11BA830F937DDF34AF707ADBE58
:1079A000F055CFDAF1B3E8C9FDC10165284FFBB34B
:1079B0004C1DCBEF20DFCD28C015640410DBE203A3
:1079C0001BE6FCB50BBB2CDA11EAF359FC64CB19AE
:1079D0001B34281E10DAD72C1823FC5DEB24D1179A
:1079E000F6B4F10FEED3D72E1C000EDB0ACEC10A7F
:1079F0000CD6E605CA30441710EDF40F054496E1A5
:107A0000B2BE32D103F62739300EEB3B163559465C
:107A1000BCCF42D22F3513FA16031EDBFEE2FFEC79
:107A2000F4DDD5BFF318474254E413D3D81A6FFAE4
:107A3000002EAB971EF95915C0D12AFF0DFBF8C9CE
:107A4000F4EDD5C821A3F11008E40E01D4DDD90866
:107A5000D31119DA0905EC10B0EEB5DAED99D5E3DA
:107A6000DFEB4D09F20EDC31D4DF2CF204B0F1EE85
:107A7000E4FAFBAE0DBEF6EF2BF4F2FDD43DD635A5
:107A8000B0B0522515F8B4C30B1F430103304DFCB1
:107A9000EAD85E10F2B2D08C734A352429EBFD127D
:107AA000E2C1064D03FEECD51EEFEEA12ADE32F652
:107AB000164603CBC7202F34BF1DD131F102E50597
:107AC000B2FAEBD5F3CE9ACD27073CAF17E3F11806
:107AD0004AF106CA25BB3BF72A07F5060F141133F6
:107AE000B344C8FF05DA0E06C20FF10FBB0AEB74F0
:107AF0000D32F8EBFD22CA102FF0C2C7E0353B383B
:107B0000F0F8D51805DFE1C4177C120AFA06C12384
:107B10003B36E716F5CC07DAFE1BD93BD735C92F24
:107B20002257463B2EF007BBF02FFA08FF24CD2D3D
:107B3000DEEDCF2E0F0C0BD026A5D4EBF1E5F53FF3
:107B4000F4F3C4FDEF03EAADECE132EC24FFF71BE4
:107B5000351EFDFFE5F8C2FBE4FFB30A1A39F8D180
:107B6000E801D712FED01A2D24E9B4F5D90B23422F
:107B70002D3DDE01F6E611BBCBB1AC12CA21085B8C
:107B80001F35F0F12D2C0CD0D50D50D1DAF0DB37AC
:107B90001F41EEE3F4B93A12FC657FD2341DB2CB3B
:107BA0000A1B20132BD6E6050570072DEC29EAAB3E
:107BB00003EC41F71713EDB81EE4C60400DDFFB473
:107BC000DDE9DF1321BE2E052EA7BAD6F721E07F0F
:107BD000F6220AC9D6B7FD02212F35120ADDC4D21A
:107BE0000DEB8FDAE6D3FA36E7002AD6E502021764
:107BF000F23DD029F1A82727E41F1ED10142EAE770
:107C0000F2E8F907EC1C1317CFFC07F5221FEDE390
:107C10000FF394F219F6312601FAD8D7E3EC2328B2
:107C2000F72FE6F7F80527EA30CFE3FBE81B4740DC
:107C3000E5ECE90A2019032DFB4216161BEFEC0CAC
:107C4000ED3F0BCD1BEEF9D8128FBF3A3436FD2431
:107C5000E35919E7C0AEFDADEB20EC2704C10917CD
:107C60002E4516CCD9F3F7CE29C0FBDCD6E0E708C9
:107C70003800B617D5FF3B1237814407C4D9EEF060
:107C800018E6E415F9F9E3440DCCDF2B1F19140FA6
:107C90003528E7F4F71432D91BF1A00E021C101D91
:107CA000CCB8D200CBFDEF53010F0AE313FC2E2515
:107CB000DEF7F03900160413BA2A2DDAB1AED42655
:107CC0003AD427FA37F321C701C9CBFA0B1C05C4F4
:107CD000F557B602E4E6FBBDDC65E70FEE3411B202
:107CE000CB7B64C6F4C6C2EFE632BFE420CBE91D0D
:107CF0001A390FF4340B16A0FDF6BA4613D70BBA97
:107D0000D9B824250A13013463C4B816420700C643
:107D1000CB2407EEF6F20CDDE450F2F1D7EF07E0EA
:107D200008EBD25000D91345023F20131EE5EDF5B4
:107D3000D9CCCC41F31430EAD8421614320DEE2CD3
:107D4000081D3B2C2BEC1B1B16CF23C0CBEF0C1AB2
:107D5000D320C63036C717E1F52E09E31D29FEC52D
:107D6000867634E9C2F302D3B9F12AE8CAEBE32BF1
:107D7000B6DAF318E1DFCB3F0713ADCE331CEAF6DA
:107D8000EA2044F01AE7EC431844F3C5E8B81BEDC9
:107D9000CF5012CD1C01033F4160D2F240B3EF45FA
:107DA0000C09681CC9C3085609E9DA2623B0091969
:107DB00043DC4EFCCAD811EED0C7CA30C32A08EA49
:107DC000D8E4216BC4342B11F3F312E5CACCDD45A2
:107DD000FF36B63E0300352BDCE1D8E7CAFDEAF6F4
:107DE00016D6C20DF81240E3DE0DD5BCFC0102E14F
:107DF000C2D1FFEFCB2F2C351A27CB0B1EEADDE6C5
:107E000044ED170B3510A50DF333F5CF390EDA2DF0
:107E100008DACBE3D9D21E0A378D07A4E216471E33
:107E200011FC1CAE29D003060E16E7FD1213EBDA87
:107E300009C930DE0136F608B0FE1808BCC52E159B
:107E4000C6E6E6ECB5171CDE2B1CCD3EE4DAAF2807
:107E50001FD6F39F32106B2BB9F5C9E8F306182A29
:107E6000C8161426E9A51CF8ECEB171B2C012516E7
:107E7000E0E923BCBF2B34E71002D733DB18FA2824
:107E8000F34AEE21C2D1BE0B0403F6CAC331FED6BB
:107E900019222A2EC2E2F42DE50F1FE4F3D84E1169
:107EA00003E3ECDF3449FCE3DD062B07E9BF095BA4
:107EB000DEF82DDB4BF40FEAE9122110250703CE83
:107EC000C4301B03DDE40ED01B73BF20C1DC18FBE4
:107ED000C6C1FEDCC4C330E3F625FE02E2C6461F7F
:107EE0000633C6FD2CAEDEC60AFFC51334062724B2
:107EF0001E25F7FAA52B1619FD4EEBDBD2A7FAFAD1
:107F0000F948E73AC2E7C94CFE2D13EA0E0F02EF1B
:107F1000D210230D092BC9112FFDFFEF1974C9E4ED
:107F20000619E51B2B0DC132013250ED3C14E61E43
:107F30000DF9EFF155F91FB408C40CF729DCFDDB8E
:107F4000FF02EF22F5D430281A54B2232106DAFCBE
:107F50000FAD3BE1FF520F0B63D6DAFA46210BA7B8
:107F600003FFE6D20ADB3FF00CF2E0F51724D6B0AF
:107F70001AFFD3E00DCC05FC1D2CD0B5BB001CD2E4
:107F8000053D1A22D1F9EEFF1AA3573EF344F62914
:107F9000EE2C3FD3F2F124E5CCCAEBEA0E37FA5AC5
:107FA000F32AC1E6C0F8FC27BED61E0A2210CF2D48
:107FB000F055DC29E7B513FB10F5181F360223DA5C
:107FC00002EC230AE1DF0AE0020FAD1CD7FDFD2F12
:107FD00021C80037DFF6DF1BC0D2EDD9EBDCFD5B3B
:107FE0003B2DBFF319E7438CDAC4101134DDDC27D5
:107FF0000424F7F633B928BCEE4088FAAED11FFD51
:1080000009DD203CEFC7FF2BE61058E3C8FDBDE0BB
:10801000BAB93B313AF2D81F2CE22D10DC002828E7
:1080200025D3FA291C26032A1342DE011048F0AAA0
:10803000323DB19EF330321DCBFBD4CD02C5FB18CF
:10804000D4D3EF07A0F0FFEC25270BC8332516EE9D
:10805000C931E80A360E02064C260EE6F10A230C58
:10806000000B81AB13B42B1BFF05D2EB1A191F2891
:108070000A0BDBC80C1533DF123BE410E520242487
:10808000EB05C4530D023CC3E5FA5516E6F4E83B94
:1080900017313F40D9111E07FAD62210F6002EF4F0
:1080A000DDBB0A562028D82AF9F638C204232BF261
:1080B0007F9DD0BB46E01EC769B6DEBF49320FE9DF
:1080C0000C2823F33F2BBEF2BE13C8FB0BBB2700CB
:1080D000D61CF4E20404F5EFDCC6D115C8AAE3E22D
:1080E000E710ECC6C1F00F1A2F98E5C901CA32B0EB
:1080F0005009E8E450D3DD2429F8E705FFE0402BE0
:1081000090E9FA0AF125D603F76BF24014375A02C8
:10811000EEF4071521CCCEC8202D234C0D1C30AD1C
:10812000D50518D02F27F547761C96FB27F778162C
:10813000E41018F9E3DF2BD7FFE1E60AF9F6003C7B
:10814000E4BFC9D11CFE1217351EAFDB18E7ECCB1C
:1081500030F19F4BEEDEECD81DEBFF2ECA3533001D
:108160005293F82EE1F4F62920C51825BD4AFA4E9F
:108170002DD5DA0F133014460BB2FEE2FEFB03CF0F
:1081800039CA244014D84ED60118F825EF46250BDD
:108190003E30FDC5F3D1B925182AE02F1A2DEEF097
:1081A000B959D11B0C2BD8C957E9AB14E85EE73D90
:1081B0003D0E303A0E34EB1DF9E11BE9E01FFB3AAE
:1081C000F0E3F7D70212F038C9CCCBC9D03EF4C1E6
:1081D00043F237373F32D2230BCC023B192601F34F
:1081E00002E51D3C3932C85D29DC1B2E29D8F5EB90
:1081F000CEE30ACACF22E810D005FADF09F037F142
:10820000DC05C20CF63EF9D1271FE0EFEFF300F2D8
:108210002653D7E10A1BB735EC7F14D72B34F0E295
:10822000FB1FEB46D74F12CED6D330D8E5EFF77D04
:108230001F1455CA20D102B23FE4E62E243F38B4C1
:10824000C212B731DA01E1FFDE9D61F228F5346A2E
:10825000AF76F104FFE4EB05C22733E6240BD0260A
:108260003B142DE610291A1254D417FF0DDCF3F538
:108270003CF4E13814E501C7A9A91B1BFDF127480F
:10828000E8D21FDE14C132FF0533E50F1C50B8F5EC
:10829000A9CB26FC26B3572C3CD4D83DEA26BBE21A
:1082A00005F6F92ED94224090B15F0071814A73842
:1082B00045D0EEFFD426E013121F0ED30A65CC9DE5
:1082C000F5EBCA25D8F2FA332BCDFB3BF12AECBEF5
:1082D00015DAD5EEE826ECC75205251ECC23C0B230
:1082E0005EBB2319F619EF0FF3FAF7F31316BEF27C
:1082F000671AAB38BE2033F8B9E27F01D7F9F12114
:10830000AA091EEF2D9D0EEC464AB711D2DC0B0ECA
:1083100021DFFEEE0B3535090C15C6F6D30A17E83A
:10832000CA082EDB1CEC18FA29D12B090CC01CDF63
:10833000A82610E2E806F8F8D528F6D101ECDE010F
:1083400007E715D8E807EEF3CDF7D83314FADA4388
:108350002225DAFCD1F144171244F9DB0DDADA2ECA
:1083600045DB6014F8FECEC2AFCEE30AEFEFEF2C90
:1083700028B92F15113C36C52614FE2AFAB401FE81
:10838000AE2FC70117C5D4E8DD2128EFF3371E1A39
:10839000DAA8B4081742B4B00DD32F17F02831A8CB
:1083A000EB032317ED09EF176CF424F9D7F620F14E
:1083B000A319C30727B414259D250EF70C81A3E14B
:1083C000FB093BFD4A1CDAB43AE2D8200A40421CC1
:1083D0007F15FD2111EB6EF3055DE9251F3E1B03A3
:1083E0003F15F92D210EDEDBC962D2FCFB03F81A22
:1083F000EEDD30B7E5F21785E82822EB1D113306D4
:1084000020A22636B7BCEBBEF5B23AF0D149014EF8
:1084100012EEE6D316D62A00142E21E2E645EFD856
:1084200018FD50F40C0F29F11BB8F0BA311609F9F8
:1084300018131F324AFBFE07F844BEE40114182A41
:10844000CBF5E4E4D119FC0AFCA9EA15B82BEF2519
:1084500006073E1A4C05F8FA53350F333CE61FD495
:10846000144DBB18D8FBC2ECF6F5DA20E0170DC5A9
:108470002DD725F1F428EE063EF4EB54F21A00C78E
:1084800022B28DFF15F9153922BE2B060C14215A84
:10849000C8C9C003CFF4161638E56FF513243D366E
:1084A0002103DA58F6A7403B15C7D2CCED02C8F835
:1084B000011704191A0DE1273C18FF6628E4F1CDD5
:1084C000DB2CB01E4624FADBED52EDF2F3F39A35C5
:1084D000DADAEEF148EA17F0EB522F0AE8230C3C07
:1084E0000B4B153325DDFFC808440803CC27E723D1
:1084F00011C8A6040FE51E0BDCEA29D5EB01EA0240
:10850000CFC622F9200BC9F9F5E0E6FE29041E2F9B
:10851000F003EE00E717F6D0CA1E206CC90A0F2D33
:10852000F6BFDA37EC1C21571720F8320E0ADEE8C6
:10853000D409EF35A901E9293DF1CDC6CD012EEDD4
:1085400028E21309FB09E701130D27114330F8D87E
:1085500015012364B6264B27031636EDD3F8325D9A
:108560000E57CEF9041101BD19E3D6DCDD232149F4
:108570003851A22D33F02DC2F2234B03B70EE94838
:10858000BCFFFAE62223C129CFB3A7262A3A10E579
:1085900014ED5ACCE4D122EB2E1200DF1FFD1CF7A4
:1085A000B4FED50F20E1C4E0F34FD8DBD2CDF9D62D
:1085B000D2F6CCE45218F5C6C4FBF95B03E30858C5
:1085C0003DD7CB17DC0FFEEBC342A8FEF736F50B09
:1085D0003DC9C5F5272C04BD113E01024D1AFBC64D
:1085E000EFF3E1C417D83402F431E26E0FFDF41159
:1085F0007FDCF8FE4CE01705EDFCCF2156F9D7B42F
:10860000FD38F70CEA15F1DA379BD6CC2A1A26B4D6
:1086100029B804F5F22106F908DE0814D1F21F4941
:10862000F41FE3FE02FE0B150CC32FD936DA14FB40
:10863000D2310EE342C21E08DC372E3C4F181D1CFF
:10864000FAD1F20403EDCB0808C95BC7F2EAFF1FB9
:10865000E329E50C280E3DEC45E0021738D60DFB6A
:10866000F014101FDBFE21F6CBFB2A23ED02040AD7
:10867000242B6133F7E1D82DE63ED41FFEF3252DE0
:10868000CABBE81AE02302FA2CC8399FDFDEDC21DE
:10869000E79950F8F751C7DD5EFE45040F12FA1D49
:1086A0002CBFE900D73F11E0E432E1E14DFEC6FD09
:1086B000D8B6084205CB6838B330E0592FD936E731
:1086C000B4F931EEEDC8FC432022B8CAA211E8D9B2
:1086D0000A1C13D254171EFA2E1BFEF6E1070DD109
:1086E000B3411F17560733FA26390F6B3BBC2222C2
:1086F000BAE7043CD72620E8EB18E80C00FA13F39D
:10870000CE0A1D3DC1E2E636DD38D3214B2DA5BD95
:108710002109E1051415EEC21BFBDC2A2EE0F2A9AB
:10872000071DFCF6E517C837F14EDB2C45EED6F3F6
:1087300013EB1CFBC80B1712FBF432C402052742D3
:10874000E01F032BF029F5F2F1E3FDEE15E4EE2234
:108750002EE40C063CF3F6D3FB26061204D827D2EF
:10876000200E4CB2BEFC6AEDF9D26117F4D721D5C8
:1087700002EA1EFDD3D2EADDD40D04CBC9FBE90623
:10878000DF0EF0303B09CFFA2528B0EB4513D00AB5
:10879000E3D0BBEC36FF1AEC2819D5FAD03EEBF249
:1087A000FD2E1903361D0C0628EACA15F0E9D24041
:1087B000EFF6F0DA332BF6E0F0404F3BAFE207176D
:1087C000F2390CEFE00806E00A04E1FE04DFFB26C4
:1087D0001AEE110110F117FB07E4DA1C280F2B1A0F
:1087E00000CC23DAE926772AE4C9472713D239C116
:1087F0000E04100A90CB0206E127D1F03AEA14C227
:1088000026AEEFD9F702E42610390AD5320CCB4652
:10881000D538FF11D318FCFE37DA2F02DB1DF31F0A
:1088200025E8C138EAD0C1FB2FF9E3D4980EF9F856
:1088300028CDE238422EA104BFDE2C40FBECF01222
:1088400030C03FF3E6FD01D5F8141CF42B103E2494
:10885000DA192C2ECB32F9E828FBC5F0D5D0D7D7C2
:1088600029E252FB36041B08CCE9171D22CA1C164C
:10887000DBF8163DDCFEE2F227FDEAF271CAE608FB
:10888000EF41B6C63DE508D9E52F101C0AD6EF5FCB
:10889000320AE8FE44E8EFE1E8FE2716BF251BEDAB
:1088A000CC3CE7E507BF2114F0EB44120E39021E61
:1088B0001801EF1F2AE90DFF132BF312B6B9F80BBD
:1088C000BFEE1231C1060ADEE8B3341A39E71BFAEB
:1088D00006F3F10B2112FD1DEF1425F4B8C6E104D7
:1088E00023EE0000503D16EDD32C0FE7EBD8170B0D
:1088F000E0CA772ACF210E0AC2C81304FADDDA06CD
:1089000026E1B8B7E9C5EE14E232D2BF60DD0E262B
:10891000FDD63233B413EAFAF0032B13DD30C5FC75
:108920001B3218F55AD2FE1403E6040911CDC5EE28
:10893000D2F3D31BFD3CEA04DFFB08FA46EE4416F3
:10894000E9250525E6DCB850260DAFED2133C62319
:10895000E90A193FF1E8F5E4E4EEDFE50CF5DE03A2
:1089600028BF3901F010EAFBF000FAE0F929E9FB31
:108970001001D6F035CFE1092606EADFFFEFE11856
:1089800012FFE6BCFDD11B3FE8EC1EEFCF0B090246
:10899000E93CBE41A2CD113609AA3202D5CAED0A80
:1089A000EC1EC2EB200CE522D2E22814CE262C04C9
:1089B000D92EB7AE2DA2D1D336EA0BC5CE23E4E42F
:1089C000EC7F2133294B102F2BD3BB33BDD7350878
:1089D0001F13180B0E412F06EC0BDB15B311FB1FF9
:1089E000E90EF2100E004AABF507F7FBD1CCCFB081
:1089F000FA20D3F451140CF1E9DFF0122ED817B796
:108A0000F5F0E1052CE1BF3A0325BFCF2BDC1CB00C
:108A1000D4132BD5E9F3DF09D257C106EF4ADCF8AE
:108A2000F3C4FBFCF6DA0156DA46DCC70ECB0E03C4
:108A3000F9061CF5041DDE5255EEC5FFDEDBCA56F5
:108A40000F5E11FA29F8E830DCC4D3F6EC1E050BF2
:108A500005780D0EE72F57D4FC120607E51B3BF6F1
:108A6000DBE8BC20F50116EBEEAFDCEFF83812388E
:108A7000241B480622D4E82247001850DD3F10E7A7
:108A8000C2E341042822F1C4ECFBF7C634AD14D58F
:108A90000256290CE9E70B060B2DE4F2BAC83A029C
:108AA000B714F1CC122BE1EBAF0439F2F5DEDEF2B4
:108AB000332DAE08100FCB3746C59A00BC2A1516C9
:108AC000C134ECF7FC14230B48D803081DC4FABAD0
:108AD000E9FAC7BECBD31E062E0688D51A21148A02
:108AE00026B2EAECDB39212B23FFDB0813F1DAC8CD
:108AF00011DEE21F10E40A135C1EB3F53A3115BD16
:108B0000382B2D3F24F3F38B0DC92204F7063AD3FB
:108B1000041A23E216D20DFBAD3B12E003E4093642
:108B20000EE7211827F1F4B1E71F27E7E6F8333302
:108B300006241BD4E1BEC0CF153D260DDADBFEFABC
:108B400025FB10F904EB07031AD0303B37290D79C8
:108B5000F5E1D3E6122A1009F1C1CB27DF12D625A1
:108B6000464CE3F1DDFC281F4316EBE7EDFAC506A2
:108B70002439BFEAF918CA3F2505DAD03414D32EB8
:108B800046C52D0D03E02AC628D349152B31011502
:108B900007F440C04D182AF012F9FF1A0ABD414BE4
:108BA00013CE1CF91F253754CD0F14E2F5E1100F39
:108BB000EAF7F43A0EBADCBF04B4CF34B6D71030BB
:108BC000E6E1F0DA2C43F02F2FDD2105225CADEB3E
:108BD0002B1CE3FFFCF4E82350C6DE411005E2BE87
:108BE000C55DAB2202E8F4F0FDF32201102B2AE868
:108BF000FFE98902F2FA1C174AEFAADEE94DECFC04
:108C0000E8CD72C3F220E70BE7F72BCC1E00E44F50
:108C1000D9F0372B261C35D30D37DC0639F4371045
:108C200036BC150D1A25FDC3F042AE0023301745A2
:108C3000EA22E3E1E3ECF800ECF108F0D4F7E825F0
:108C40000BF31ADF211F467DBA18BB22E4EEEED7E4
:108C50001A0908EA2324EF4114F6F40411AE221E87
:108C600025F8B51ABE1FD2E029C12414D3A7F3DC1E
:108C7000FB1EC520041DFACF33412E26239F20C59D
:108C8000A23127E20040BBA5D8E3CC0230611B3EF5
:108C9000BFEEDE0B13F4BD317639D20C1F18F3E0B2
:108CA00021D55114FEDEE8A825DC3713F5ED0AB115
:108CB000F0DA4B2916331B81B8D7E5EDF5E1D9BCC5
:108CC000E29D73D5291527CC29101C0B1FDFF20854
:108CD0007AEBC2E2151E27D232150EFBCF551D18B6
:108CE000E80048FDE0BBEAD405EAD0F1CC22DC275D
:108CF00033C0591A25CF0192A547DDCA192B214B44
:108D0000B80536113DCCF5D81F0C1454DC36FCC820
:108D1000BCE2E2E8CB0519F3E4FCDBECC4F4C800E8
:108D2000C8D447D816EE0A06F7CC0C2C1B05E7076B
:108D30000EB952092834F81EFF0126A81A3D1B2D32
:108D400010200AF9D8D9F0D802DAE249D53A38B673
:108D500007B04E01B711C6C3EFD617EC332EF0E6BD
:108D60001A2330F20B36EB2312D7DD100B00FECCAA
:108D700000DBC5B5F7CCEBF3F6BF124439EF043B8B
:108D800029260530D502FFA117FB401DFEF6E6C7D8
:108D9000B532BAED3AC207E9AD6B12B7F8D815F1A2
:108DA000A445CC742AE21DD6FB3A1B9057D9CCD1EE
:108DB0002AD6D72203E200DC11F2ECC9E4010E0846
:108DC000C9D3BCBA02E023C729FCEFF3CC08DF3CCF
:108DD000C328F8B2FEE208F6F3E1341CB540FA0409
:108DE000D0ED1D0E2BE310F5FDDB1E05E2F823266A
:108DF0001DD715E1FDD500F33ADA25E4F2D312F1DF
:108E0000E9E4E536F80C26D5DDD1E4BBD601D74040
:108E1000122D09F72B07D8B5B262341F0B120202CC
:108E2000FD41D210F8F509CC2EBAF3FEED2A045814
:108E3000DEF2E36FD10B1AEDAF21C61CD6F302B4FC
:108E40002B2FD5FBF9EF180737D12FDEAAF40347F4
:108E5000DE0410CDFD08F7C2CD2D4712D8031A3E0F
:108E60001C89D6213A3BFAC1FA24F93514F109E7F5
:108E700024E3BBF8451226C6F0E9D9DCE3DD053E64
:108E8000531FDAF913D1E33D12211ACC540300C267
:108E900030C64AB111C824391CCAC31F26EBFC30A6
:108EA000390F20E611D5DA35FE06080FEA04F50A77
:108EB00009D2FAD72B26EEF0F61418F4E6ECDF19F7
:108EC0002B1619CFE0D913FBFF22F030EFF4E6C5E3
:108ED000E4C1C708130229BF1208B11317FADFC192
:108EE000F6FC143BECF80612F6FDC31513E813C3A9
:108EF000461B2FD0F01322CFB806C20EF81E2EF854
:108F0000F5233F2C2DD2DE1B43EBC4DCE6BE183923
:108F10002EDD17D31C19E72A0B320C16F412380A6F
:108F2000EE184B1BC0130AED29D6450A0026E91797
:108F3000001B322C33C145F31701991A2524222234
:108F40003219BEC1D13BA7D10CF830CCD4EB1340C1
:108F500016C7E0C5231412AD53CD3E17F3100B1303
:108F6000F1B7120CF724EBE03013E522051521CB05
:108F70000B1B2AD3FBEE1F18CE20F6E020CC3102CB
:108F8000E42AE647C915FAC540C5ECCCBA28C9EEB3
:108F9000C6F0D6FED4F4E81BD00822DC98DAF8E557
:108FA000E7E5350CEFDCD93843C41FFAA2EBD0DA81
:108FB000DB061E0829B2FF0A42E1F32F72034514B3
:108FC00021CDE5C5F949E2141F0CFF211AFDEE156C
:108FD00007CB15CFBA1809473C18E2B017E0C1A576
:108FE000FF1E0BF23BDC07E9CDA8F5FB01C9FE171C
:108FF000FF11042AC40AE112030B29070BC7F1C3AE
:109000000B2222F6A440EA3EDD09061137EB40327E
:1090100006DCD60353010CEE1C00070EF4C2D92067
:10902000FB0DF4CEDADDDE1DE8D5F72FFAD81329D3
:10903000F7EFF50AF731CC25EE1720E5D7DFCA1494
:1090400005F1DCF7D5F62EEED41543DDCF0BFD246C
:10905000FAD5B31D4BA9E4D3BE19EBD7FA0418EE29
:10906000073333F139ED33CBD63137F70613CEFA68
:1090700023F6B53744FDF728CD2813E3ABDC0923ED
:10908000E4FA0F28D1376F09CEEEC6ED0AB70DEB23
:1090900023DEF1DAD0ECF90B0E2E0A14E0BE361BFB
:1090A000E1E91904B154AF6EF2E3EDE2050AF52DE2
:1090B000F305E4CD1B45030403F416159A04C2CF4F
:1090C000E8F1CFF6DDFE15F632DEF6E63A0749A105
:1090D00024E0FCFE3FD9D70EFE05120918F4FA9FD2
:1090E0003706EB1ADE4E2EB2C2061F23D7EFE0FD85
:1090F00033231E04F62AD00DCE2B22E8EA05F6AC67
:10910000CBE44D042930FDE4FBF0B91229B8EC0E94
:109110001E1B0A1B51DA2DFB0507C8E3B8FDE75BF0
:10912000ECC82228C3080F3D0D26E503C1F6CC305C
:109130001622352DBA2E0420D71B2B321FFF1E21DD
:10914000DDDFD20CE1150036F9F60FE5C7F508E2D0
:10915000E8222721C001E7DF21EC0AE93654FB0DA4
:10916000F82021F5987EE9EF28F846EBD919F00BA5
:10917000D12D040EB735FCEE38DF2C0B3AF2F20598
:10918000F2CECE05FDDBDECF25DFC11F27BEF6EA1E
:10919000C80FBDEEF018CB3EED06F8EAE4E520F787
:1091A000D52FD6EE36EE22C5FA2C23D7C828FC29B7
:1091B000493843F8FB081DD5F70ED80152220BF7AA
:1091C000D00EC10926162B08FBDDF3E607EB15C40C
:1091D0000C12EC01C80A12F616E0E8E740E4280B8E
:1091E000D5D3F427224CFDC0F9F20D09551614E829
:1091F000DE1F20ECEC08F8C854F9DDCBDEEE1DFFD5
:10920000D54EF90A18C5DC130DFCE3220E1FE5C884
:10921000C925D507D1E401FDB70F044DB61CCFF326
:10922000EDEEC4DBF9BB08FEFA02CAE4BB05C5D605
:1092300022D23E2CA29DC4EBEEDB17FC47F9F04096
:10924000BE101809C53B3A510EEFE21E50EFD5C8CB
:10925000C50B3EFF04F1B637F437213C0BFBFCF0A5
:10926000F0EB48CD2F1FF3EDDDE8203E2DD7F7ECD6
:10927000CAE70615E221D8CC1F2921DC31014113B0
:10928000DA1CAB13353226FC1300E00FACBAB62F54
:10929000E031DCE2F43F023210CFE8075EC5F5F8BA
:1092A000C4FD15F63D15093411F1123602350438A6
:1092B000ACED194343F04AD7DF21162ADFA1AE1ADD
:1092C000D0FA0E2C1E24042803B6D5DAE2CE05D837
:1092D000EDF0CD1ED0D9E64E17F02CFA072621F37B
:1092E000F0EC5AF0DA3C46060C0A32E3E234E02AAB
:1092F000202D21114B23042AEA1622ECD3F2FE1072
:10930000FBFC1E23ECDD11310006C1E2314F04EA03
:1093100000D2FDB7F82DBDEC29DDD3E36C3D0DD5B2
:10932000A33735C21BF309BBE9121C1F45422BCFE3
:10933000AF0ADBF7EAC01437B6EA1AD7F1A40C0675
:109340001D54F2F1C2DBD21B38FFD341C3023D30C2
:1093500016151AFD5832E2F80DD7B23E023EF7E775
:10936000CB2AE3CEC0E1DCED0236C8D9C6C4EB217E
:10937000E4453E161EE5D4B7F2F817F2BB10E7F746
:1093800001FDB500931CF91B31EDFFE85928E9CF29
:1093900006E133F42AFE174B05C8F71649C509F84C
:1093A000DBF06CDF27E52E49E502DAF435E025082D
:1093B00028E8EC23F3B6F203C6D10E2128FF1603EA
:1093C000E9F637C82BD5DCF9C009C0E5F4DD17E9AB
:1093D00029E04A0430F5EDC997421B2BE90711102B
:1093E0000B23D83AADE1FC0C2ED3F7FD1522194919
:1093F0002717F7F1E7EAE745AE4D00E3E528F20E5F
:10940000DBF201FACED71BB532E770C65FD2BAC520
:10941000F9122029400B2DD4EAC709D34A13C233CD
:109420003ED9AC1DD35607CCD2C0D2EDF8F2EDE355
:10943000EAF72BBE01DFE82923EFCFDFDCC9303E9E
:10944000F717E807F4DF08D641E62621C90CC42641
:10945000E42D5C36451CF403F7054CF6FDB0F748E7
:109460002131093BADEC192AD94CD5F714102BE664
:10947000010423230A2A260DFF4CF307F1C623D942
:10948000F100F3F7DBD4FADBCBF15BBC2AE4B8E400
:10949000C241211C28261CCA020908F31BE219FE3E
:1094A000684DF9EEDAD01C1406CCE112C5D8F51DD2
:1094B0005554F90CDE9CDE0C4D5217290CA6DCCD60
:1094C000A1F5D0FF2804DE05C1A6E53101401EFC50
:1094D000FE17FFFCED2AFEF61F0D0012EAFEF8E46F
:1094E000DE21D8F9A0E21F0646E306F717EDF234B5
:1094F000D02B0CD426DFE93832EA472412BBE4EE45
:1095000023AE2CE22FFFF1FC1915FC094243180988
:109510000DC236073257C5B2EE43FCE138454DE285
:109520002FCA15D00C3D2CB50AE00527EBD12D1321
:109530004BBBD0D4E82E1E505C03CBF4E4DCF4B279
:10954000ED00EE15FA07FFFBB1DAF90114D82C593A
:10955000C652E7291614E818B0EC2E04FDE4FB0D02
:109560003606FAE6EDD42A5C064A0DCB20B242DB81
:10957000FC41DB10F50DE531E942E3D6DB0A1E269E
:109580001C002BF40E2335C8030A2FE237ED07F435
:10959000960E15D035BDCFF3E6072EF4072DAD0B93
:1095A0001CB2EE212A1033C0322CD8D0EAF62406A1
:1095B000FC893022EBFF3CE353B632D0F15919C697
:1095C0003E1026C911F52521F7EF0DF8ECCB1C4E06
:1095D0002E1325DFED2409163AD0D9FF160FFC24EF
:1095E0006B072FDBFFC517BCF92B3703E9DF0ED460
:1095F00026F9F4DE16E3D190D4CAFE063D3BFF65A2
:1096000004DEF1E94C261D23EC2BE321D92523D6DA
:10961000DB37E50DCAF70604F935F126EBF2CAEDA2
:10962000FC3EF6CDF7F0151F0AC9F50321F902C972
:10963000D7E943ECE604DBF905EBE4E804F8FD6761
:10964000F411B91210E8E82AFE08DB2B151907F10E
:109650003EE609351AE9010A15D1F512FD34DED6C8
:10966000F3B7FECFD3E4D3C30FFA1E1840140ACECB
:10967000EC2EC0EBBFCEE4CB2DF9C7153D25D12193
:10968000F51826182AF03FC3F6E79AF5BDDD001D50
:109690001EE11B1A0DBC393D0C29E511B9ADE7657A
:1096A000DDBF0E1F220305D7E5F206CAE606F53632
:1096B000E4F047E4224CF92D04F636CF5FFC160C9B
:1096C000D7DFEF0414D6F8EAE22E13F9311902C6F7
:1096D000F704CFDE9CC4F13AE5FEDF1F001D0FFB4F
:1096E000FEE81E1B2A240837F9FF523729EAF7B390
:1096F0000F2A23BDEA0EDD1F0E3814D7DB20DEA5AE
:10970000E5B7DE1C1B082DE845F1FAFABCE1F15B78
:1097100045FFB911EDEF1E31F8D5FB01AAFD201C64
:1097200048BBC04832EC26B80CE9EFC0C901DA01E9
:10973000F9D1AC2B012ED71BD9F5FBFC0913FDDDAC
:109740000C1E08EAD3FFD921005C4D0736FC040249
:10975000F2DBCDE225100DF0E4FDD6E0DED4E664C8
:10976000E707160519F11ADB33EE062C15FFFC2F5F
:10977000DCC7C02C3D0AFA02CAFF0D2325E7EBFF28
:10978000141236E2D5111BD222F22BD3ECBF07EF15
:10979000DDFA6F1BCFE5233111F7F221FECC112743
:1097A0000E0D37F1ED051C1EE9E2DEEA18FE16B5D6
:1097B000FDEF1A0707F1020FE91FA807E8DC09FC13
:1097C000E1E021B1F5E0C3B7E01CCE2C0B0922FC8F
:1097D0003BD2191A19F6EB2AD203DF5B2FE900E618
:1097E00013FB0F0F140FD8AAF60F06F6CCCB02EF1F
:1097F000DB3226D92CBCE3BEE21ACB2A343418CF94
:1098000019EEFCE41C1304C4152BE8F33CAD1FF661
:10981000E70DFEBF1F16C5BF41FDFDD545DDED19A6
:10982000D013F60506DD1125112E2BFCDFA714F54C
:10983000F7FF49CA16780CF037B3FB52C0F517F0A2
:10984000DBF911C48BE104D3021A07EC11EE03E734
:1098500025E8E10E2D9A0E1F620E4A0BE24C21EE16
:1098600003A7B317F8ED0BDE1F03E93D2FF525CB5A
:1098700016EAD302A71CD2114C212B272810093637
:10988000EDF6DE1A672B21D5D0270DC9E9F6D8E908
:10989000C30509ED05F81507CE08E9DDD7C8F3F6CD
:1098A000BA26031015E9FA32270B12EBA0D5D2D84D
:1098B000E1F3A3D53829AFF7F516C6EF281DE1EF80
:1098C0000C110B2FDD2EE34315D61520351F03C2D7
:1098D000F3F503DE81C4F53C1C46DCC8FB13DDB99F
:1098E0001BBF1E20B928EC28DE2AFAFC29FE08F945
:1098F000CD0A2C3DE0EDD0F24B00D8D33C13C4E3AD
:109900006A0CE1ECF6CDFEF7E710F8F7D73CFE0065
:10991000DFDB110C192216F1CE4A0C4553F1070C6E
:10992000F3CEB9161B03F40BA836EA1F1A2DEB264B
:10993000E2D4E9012CE8E930EB19D92165CB0FD548
:10994000BC02A63652D920E1DE0B15EEDB10DED1CB
:10995000E943F52DD81A1D060D4005D906F1F25739
:109960000A1FC2FA0E1102E31B03E12CF1D00724F7
:10997000E8CDBA0219B03CD4E707E70001E52EFFB5
:109980002A4318DAD5F8E73EF5211FEB0D57EFE52E
:10999000EB1A3014CCDF02FE0C271BF65CFCE7C68A
:1099A00040092F1CAADEF715C1FCD5F555073E99D5
:1099B000411CE6FD20FBD1343830122EC5BA001E02
:1099C000D5DABA0C500AD9E8152ACB25235229DD5D
:1099D000231AD40C4BBA1FDBCFFC21F0ADC1F64CDF
:1099E000EBD1DB082000F212022CE906990D1513C9
:1099F000FD02F6CB56AF0627DECCBAD9E8461929C8
:109A0000F7CD181EAA4CF2F40CBEE2E557B9D4FA11
:109A100005FAE7E7E12E17C05805E90F4BEFF619F5
:109A2000DB160533D2D209D54610C2E5E0C2E2FD0D
:109A30001A09E13BED2BF7FCECC9EDEFBDF3F61095
:109A4000E023B6E851B8F7581AEBEF220E42281976
:109A500005C4D8FFDDFDBF21132D1B2F47BFC30554
:109A600019103E0DAAE1CF292AB529FD1B2709E9C6
:109A7000DD0BEEFBCEEA000BC8FA09F5BF23F1348B
:109A800008D331FAE2471CD51404EC14F0D22B08A9
:109A9000F9C0E9D1FAD5FD141CF114F0E81113DF77
:109AA000C31715DDE545FCCB28F7BFEF402D012698
:109AB000BEE4F9E71BF82FF92E10211F11F4120A4A
:109AC000E92BA7F5DFD1F7D8FC0A2D0DE817F0E850
:109AD0000AF8FED847AF20302E2F11FCE8BAD44543
:109AE000D1E10D1F201906E1FCE3F80F020DCBF7C1
:109AF00010D8E7F2C6C9F2D7FF0AF901E5F9F31564
:109B0000D8DA0D081E161CEFEFDEE8083FFEEDBCAC
:109B10001BF1E90905360BBEC425C821B71703AFF1
:109B20002CD7FFEE340E21251518BC0DF9DB2526A8
:109B3000F61A0FFECFEF0A1BE4E5232512D9BF0B5F
:109B4000FC05FDF0FFE9F22DFCDF1920F722C4DF50
:109B5000F7C20127F5E6D007F1100810FC0A19CF6B
:109B600004F5DDF1D336E23AEC26307FAFC4C00B0A
:109B7000EC001E423A21B6EDCC3331251519F843DD
:109B80003C2018BA46EAE92916DADED826452BFE2B
:109B90000AEDF1D2091EF5FA2721D6067F351A15EE
:109BA00045C930CD5A2140E220D82735E5CA0516EF
:109BB00043191A274D22E9159F3AFD4132B90DF894
:109BC000DFE42319C5BCE4ED3DC84E0BD521BEF042
:109BD00003F4D62C13CD2CD23AD9DED937FF08B8EE
:109BE0001229BF3401C5CA310BFB11122DF63EDD1F
:109BF0001D112143412EC21BCF01FD22D6DEDE0600
:109C0000A9E215E0F28ABC5F0E3DFF3DA639241F94
:109C1000D6DD3BCCD328D2E1D9B029ADB1670AF16A
:109C2000140EEDBFFFD01DDE3FBEFAF6E17E0D5BE8
:109C300023D4F6A96D11E10AE3EC34B455D7DC184E
:109C4000425F011CCD1FC6CB15E2FB2C180BE3DADB
:109C50000718D1D6BC3A7FE0FEC5B41BFFE55C20F7
:109C6000E70A19D97FD2CFA5BCF0E6FF43CEFC238B
:109C70001811D5140F490B132318ABEA52D4F6CBA5
:109C8000C9D61F191F0CB5633E37C6088EF7E0DC36
:109C900001D5DE02D2F0120D315211E5E10222208F
:109CA0003CFF4CFCF70DE9E7B4760AE2AE1DC2C2F8
:109CB000E5EA0A1D54C1242218D414B7F8F014227E
:109CC0000158D518ECFCCAEC0CD2F31AFDBEEAD749
:109CD000EC53CFF50540E4FCDC0FBBE21F5F34C45E
:109CE000DF30E1A9311AE30F10FED2F3DA24E00AE3
:109CF0003425251FF825AFED0ABFF81332BADCE092
:109D0000D33E193DC2EE41441740C8EAC808F002EC
:109D10003459CA24DBF120C2EAF23DAF13EEFDC193
:109D200037F4D136F9FA2025016BD5BE24F8F0DAE4
:109D300028E10C0D213B021017CA0508CB360D484F
:109D400001E7141A0FF6E6111CD01811261FE7D7E9
:109D5000243C2A042D1A221D410E2523FE33F7DA56
:109D600020F01BDE26F54621D408B31BD52C46FC7B
:109D7000D8F93DDF0EC60ADAC4E5E8062316FA096B
:109D80001DD2F8DED0FEF9E217E147FBF8CDF30B68
:109D9000E5C1EDF2D3F8FD052211D5DE4DEDCD4C38
:109DA0001654F752FEF128CE0A0D2EC31DEDD250E7
:109DB000D629EB2017E332EAF15E0AE4EB3411C254
:109DC00004DA22134106F3DF28E13803DA28E91028
:109DD0002B33EE0C24200BE424E90B19092ED215A9
:109DE0002DE6D7C909342BE32413E2B1133D2F9894
:109DF000BEE8EE110910EACEF8E83DE7E8E3CDE26F
:109E0000EEEFFF09E60CDC39BD0CDAF0F4FEF9FFE9
:109E100017DDE1EA1306CF1DF120CC4B2B381F4391
:109E200049D9C9EEDE01F224992F0BF91210DE0C8C
:109E30000D252400EFDBF352FC22EB044709260A30
:109E4000E92ADB0EFE16CFC7BCE5ECD800C344BD43
:109E5000ACD1063A28F34159CEC0C8E62C231120D4
:109E6000482406FAFFF026F4B3A22EFBDE5C161798
:109E7000FC0D12F92A3F101FC92110DDC43F27E352
:109E800034F7FBD9FAD61B0AC0CBFB011E0AEF122E
:109E90001DCE2500C1BE00D802E7FFF21AEECB4E60
:109EA00023DA281D0CABEAB80114C30E4013C14CD1
:109EB00032421ED5D6F183B5BDA44EFEED3A0B2C31
:109EC000F50AEFB53B41073D6A35C638C7C9DA9D8B
:109ED000EAEDDCCB4039140B080FD216F0C31BC3DC
:109EE0003F2702FF0A443000E429F2E53847081909
:109EF0004B3516DB06C5CCC3370C23CE1716D41C46
:109F000008F909E19FD50051150200F81E10181438
:109F100007FB0C010DDD1D20C50BF7F9C56E05D93A
:109F2000F5ECF8F598CC032A35F60CF4351F2432FD
:109F3000FFFAD4F00BF3D127C1021FFB1BCDF8B001
:109F4000DD01DA2F1BE714CDE5D9ED24504BE8F9FC
:109F50002B5CAE191C3DF7BAD9E6E808F44908E4D1
:109F60000AB12AE7A500F9D8E9A308F80639C4F030
:109F700003F6C93611B301A01CCC053A4C0CFDF018
:109F800021CF1019F6270B170B5EFF101EE41214D9
:109F900032EEE2093FDA3138FC2EE9E0D5F3132343
:109FA00038EDF00D31FAED4AC648EBF111FCF6AB95
:109FB0003FE1F6BDBDE7061FF2B6D5CBC64AC81EC7
:109FC0001C010514C2AE14F719201120103DE1ED5B
:109FD000F0F1BD0203EFF2D521E4A41ACD45F2EA77
:109FE000FA01EB199A230700D4BFEDCD16F3BEF9A1
:109FF0001D0CCE26E4DCEC05D3FA0241D5D8D9E21B
:10A00000120AE8FA05240100EB5DFB1C2ED317E5CC
:10A01000FA61FAFE5E1B1FBB0E2FF60D1715FCF83A
:10A0200024C31014475B12B825E3C2EAC1F6271A0D
:10A0300054BFD3E0F8F7D81DF395BDDD2D4AD2F912
:10A04000DD0504142AE81EC2E8E7EA31BCF514363F
:10A05000D4EEF2D9D320F415479BDA0DDC12F55F6C
:10A06000EDB03B09DC21EDE434BCFF3CB7E720EB6D
:10A07000E8FD0BF109DF24F125D8F4F1AFD5074352
:10A08000C0F1D02015D1E43305423F110BF207FD9A
:10A090002A05DCDB2839E8E903F606D90A11FD16A2
:10A0A0001DF74DD225002234262922F60200F93C64
:10A0B0002103D7D7FFD6DD31F9B000DCFE37FE250E
:10A0C0003415FB0647CEF2D102F0124AF4B701086C
:10A0D00010E7FF171E0724BA2B2C450E411B01E782
:10A0E00051B4F2DC29E4FC25E6E1D0319E33E91ECF
:10A0F00034F4D903F502E9F9202ED217C5AA0335A5
:10A10000F90FCB13D60B113CF711DFE57F5DEAF1B8
:10A11000C0F52CDBF3EFE0C9F421089058F3D5E14A
:10A12000FCF9CAEFBC191BEDEE1D26002CDCFF1458
:10A130001C0D32FFAE81CEC60FD53492CDF1B09E4C
:10A14000FF3935F5E1042B12FAB40E22BFD91800FD
:10A15000EDE240EC3EF1E9EF212104AA3FE1B9E94B
:10A16000E6C2EC29AEC9FF362ACFC981061FAFE788
:10A17000E2C829B2FF08B709EBDE39F6CED11ABF23
:10A18000193DD637F5433BFFCE49F5F3485F040D43
:10A19000DDD4D2324A08FF4CDCEAFE2BF1F3E7B7FC
:10A1A000B739E12B05102E0AD30410B9D7F3C0E25A
:10A1B000DBF3272BA0F9E407BC08B3B3FC2C811612
:10A1C000D10700A5B6D9D7B9DB13EA2DE0C5272200
:10A1D000F1CE18FA41C4E302EFE3231E25D1F7CFF5
:10A1E000D9E903C2A1BD05EDDC0BAE18E1FADCE153
:10A1F000EFF6000A89CABED904F508F9F9F1FBF3B4
:10A2000054FD005B303948DFE4C3F8191103230E15
:10A21000D8C626ED43BBEF0E3227DF041D0DEEEF4F
:10A22000F3BB27C5F019F2FB17C523C853FAEE1587
:10A230002509F2370DDAF60CC74107F21E1DD53697
:10A24000E1150FC533F7DE22EB07FD1BEF3B2FD0E7
:10A25000BED600FBF3F4DC29C941F0F310E7EBECC8
:10A26000D91204EC1A4402E62201E3E9BC02D8F058
:10A27000D0CF14EF0B0EF70BE1DC3727AF1021D94D
:10A280003AA710EB27DB24EAB6DEDFFD39D5FC3335
:10A29000C2B519CCFD122029EC0A08CD131A1E18DC
:10A2A000E8940089EC32E328C6FBE5DBDEDCEFE472
:10A2B0000F3D3BF4BDF7E7F5100807D4D7E10DE9F2
:10A2C000D3AD0D0B010F1D371558DD054334EFE2FB
:10A2D000A7D7FFD006DEFEDEF0EF38E8421DE5C46A
:10A2E0003C290FC92C361103353DF40AF13727E913
:10A2F000050014C8091CE1DE5AFF411BCEEB07E242
:10A30000080FD21B2F2D2EC5193CBADD0DE81849B8
:10A310002EB407CDC2DDEA11FAE3E29EF0BAE52ED3
:10A32000062E0B9ADC041B12A3FD06D4A4B8E30886
:10A330000201D3ED021C1DD6E51A0EEECCEA0E107A
:10A34000F3F62D27DAC8081CFC07C576F2461ED0A6
:10A35000A208F9D613C50138895BB9C911F602D331
:10A3600029381C0B2B2B12F2BD14CFBB381B11C08C
:10A3700016C00A0881E21A38CA3206E261DCFFC65A
:10A3800031FFD365491FF50A2310D9EBFE21D4F51F
:10A3900016D7191EF321F23B40B018B3A60EE559AB
:10A3A00022E0F41AC8FA3A0E68EFEADEC7F1BE33CB
:10A3B0003DCD075911F5021DC70EFBD228D9251F27
:10A3C000FF2F181F0E0902F1DD1A120430C6E7171D
:10A3D00041F715C39BE1CE43291BCDD0F445D3CA29
:10A3E00017B0181BF929EF171C3501D20E12DFD652
:10A3F00009090CA8CA2A02D004F93929CF21F3E4AB
:10A400002A2CF0E31110FA0DABE3FFB53E0BEE245E
:10A41000BA24D02A262FED1067000113F1CAEB12DF
:10A4200024F1FD3D3DF1C829F3B3171390FC470615
:10A4300018061713BAB5E4122A3406CBF3ECFF055D
:10A44000EA253BEC0E0134E5C811511D12E518C395
:10A4500035D3CAA4A6E4012202EF17D4D2E328DF41
:10A4600024ECD9E1C10D2D09E029EAA642E6050751
:10A47000B4E312C325F5E8F4F2B4E8ADF22FDC033F
:10A480005BB934183625BD38A8D3D3F8F9084F0086
:10A49000B4F4E3BEFC09E22B1DE7D14114EFE1FA6D
:10A4A000DA0721013BD5F932C4FCDB09112924016B
:10A4B0000C3ADE0F10F60F101D3CE0E2EF18033EE1
:10A4C0009C31FFFFE31C2114DAD85020F515FDFD67
:10A4D000D42B04D6D6D5F6CEAEE0EB790BA6E8E1C8
:10A4E00014F4FF32EC1E12E86EA5F314F0FD52C511
:10A4F000CC28322C3AEEDEE635123904F0EB0AE9CC
:10A50000C3DFD71C81E3EC3C0D0558A4B51801F955
:10A51000ADFE4B09ADFA10B6BCCCF2CF084BD80754
:10A52000C60D2ADC3116D5D0B8F427CFDBE5F4DA36
:10A53000310FCCE62B0EFD3BEFECB61D3218D210DE
:10A54000E03F0222CFF1F3CB0B36FC2DFDE808FDF6
:10A55000C403F1D939452912DDDB05C822FDBE0B44
:10A560000D17D112F95D3D37E4E4AEF11F4CED1D3E
:10A570009713E81303DB0E093F0FC8EE414FF815A0
:10A58000420000F3B400FEC8BB011216EC2CD8B890
:10A59000F8052B18DDCB451812E8E8D825013C1644
:10A5A000C9E3FFD4F60404D7FFE14C120D10F8FA0A
:10A5B0001EF2EACB2125DA2B3BFFD52F03ED002736
:10A5C000281CF426EAD3FE00CDE000E5C1D8123500
:10A5D000F613160024DD17F7F511210726FFC3E453
:10A5E0001509D8DB2806392533E8F921E052CE07D2
:10A5F000360FFE143EFF372E02F00ED2FF39E13047
:10A60000DA0312ECA49F0728DED9311BC3210E0EFA
:10A61000C5382302051724094D34CD06000037D56F
:10A62000F5FA0B20D035E30B0A112224192F3F0F26
:10A63000EE16DAE4DD1BCA3A35CDDDD92463CAC98A
:10A640000CDED5EB3314F8121CB8EC31FFFACF173F
:10A65000FDE8F54C1840DEFFE1D1D1333208061198
:10A66000FB18BC2D0F1B370C2713D50E24DBDCF792
:10A67000E0E6E8F8E22011CF0ADE1FCAFB20122034
:10A68000BFD849EE35A11CF5F2F5F03019CC15DA3A
:10A69000D8DB35F007C764E2182B1212173929F1FD
:10A6A000C91AFEF31AB8F7EBF4D7C3191FDDDAD5D0
:10A6B00037E4040846E4C5F0441F18FDF4CFBF3E5C
:10A6C000C83406A5060204C5C6FFF9E54B06EF131C
:10A6D0004B06E53DEFEF21063A25D6031EB829EBE0
:10A6E0001EFF0E14F9D9C00AFAE1D21EEFC422F4FB
:10A6F00033DDB10914601B34F911F26840CA2056E9
:10A70000E3F82F2B1EE427FF113DEFF0D6F407B935
:10A710001CFBF81DDF3B41154CFC0CDA1648F78991
:10A7200014DC04E81DC33CE1D0330C08A93305E771
:10A730002FE0C7C83B24FAC4E6C2F34029DBCD159D
:10A74000F31814FE08B4DD3C9622E1F6CAFF02F8C5
:10A750005328C304000F2BF718E8C4D40D1B44F68C
:10A76000EFFBE10D0922AD0A23CFABF03B46E5FD3F
:10A77000FD01D2CCDB1601E829C100201FFAD4303C
:10A7800007E010240F0B20051253F80389C512F9B6
:10A79000F50B2D1CC91F17F5C02557E5B0002ECDB0
:10A7A000C2E8DEF4E0450CF7CD4053021107B426B1
:10A7B0000CE513E03B4BC4C80502B9A2353DDEDB16
:10A7C0000FFE21F235DB33D9C7D02215EEC3135863
:10A7D000FAF5111BD4E4F0FDFC12F5FFEDF0DEEA12
:10A7E0000B090B1E1DD91600DAD4E10D010BFBD5A8
:10A7F0002F12E32905E7CCD7232FD8F7FAEFF34C34
:10A8000006EDDA006113F7D420E3CCE7D6EE0301BE
:10A810003CF7ECE604F6C336F6E4DD9900DADF1621
:10A82000EBBF15EF451620D8BFA1DDE036E91137A3
:10A83000B5E14801F2F230CFFD17F2BA3C0A3EDE34
:10A8400042C9F342D92ECC271F400B6FD3161F0FDE
:10A85000FAFA0D200841D6191F03511B1DF33305C9
:10A86000B7B1F3CA3EE847E4DCDB31A1362D38D777
:10A870000FBB8ED217E0F00331394545083CEAC5DD
:10A88000E933C64ACA003E3618D4DE38E5C6CA23C4
:10A89000F0EAC7F90AEFE041209FF645411CE6F0D7
:10A8A0000F17C05C604DF1469A17AC56F9FEC335E0
:10A8B000D4EB3AEE43DC0EDD26031ADCEDFB34C1AB
:10A8C000ED3A2D04DE20C62DE20820FAACB309F0E3
:10A8D000ECCEC0150B0BE2F81DD438DD23C2E532F7
:10A8E0001DF44220E1F12AE3E7BCE1F1D3FA34BDE3
:10A8F0001B3FD8683F0C0C3622123BAEE7D010CE7F
:10A9000021F2FCC89DF9D003B2CAC5DD13DE18F1EF
:10A91000FF24D148F4DC3135FB2B14D228E52D344B
:10A92000B60E2BFDE7E10851BAF8C0D5451CE1246D
:10A93000D7AE28D5E1D40E2D2A1CE1FDF4D62D0585
:10A940000806F03741FF14D1F0210AC9ADE40CD755
:10A95000B9E2B3F605122C31DAF6ECF4D9F6174F5A
:10A96000F14C341830EDE0D6050D3DB70CFA2EFA57
:10A9700023424A0E2015F9FC44BA3596F7BAE2FA9A
:10A98000FBBBB1BFDAF9E1B8F3D402FADF28DF2D5F
:10A99000EF0EDB051A0300CBFC02F6ED4E13E50AC1
:10A9A000F6E5200806B0ECEFF1003E4400172FDF7B
:10A9B000164D1EDCFBD9FA03CFCC093130D32AF275
:10A9C0000E01262B39F6F3110725EEC6D825B4D98A
:10A9D000F10AEB5D083A20E4B73E0CD6F8081FD820
:10A9E0001231291A14DACDE80DD414121DD2F9034C
:10A9F00032171F0EF5FB0F3A0D25FFF81332F3CC7B
:10AA0000C7E6A7BA97FDFBDAD69F28E5F00AFA1C3D
:10AA1000010329D7C5C00007373D69EB4E4AF83618
:10AA2000EF29CCE99BE8D32403097DCEFF1E0C3D22
:10AA3000FF5AC3BAF061CE00A727AB4221F7C0FD91
:10AA4000D9E30B64C8E1022333C207FFC1CA273F21
:10AA50002B073BDE511A3D2AED375626400C0D03DD
:10AA600017DCFF06312321F50EEFECE4CC01D6090B
:10AA7000EEFE3CF7F3E2D524DFE4BC23E83918D03E
:10AA8000F6190D3ACE04C245FBE30C4510F74A3DDA
:10AA9000F99B1633E8D22309089A1D1AC6C1432030
:10AAA0002AAA3FAED32DDA39F2A624A91DF142F02D
:10AAB000DF1A1DACB03A0E48E71F3AA9EF340D215A
:10AAC000F742ACCA1E19D0EC27DD20F4DBFFE9E425
:10AAD000FEC5EEABEB12030ED4CC3233EB0DE61415
:10AAE000FD20DECC251ACC02DDE71511043019E873
:10AAF0000AECCAA5F12613EE07CC4E0F2C24111632
:10AB0000DE1013E9EA27163E321E14E71E0ADFEEB6
:10AB100014C50BCB3F391D24D80EFF1E14050ADCCB
:10AB200009A01903DB27D4F1381F2DC5171EE9ED45
:10AB30001AB600DBF307F002C68B2002DFE72FFC1A
:10AB4000F52329DD0FEDE8D728F40C0DDADAF5EB63
:10AB500023EC00F42C27F70725B4450F061A2F2500
:10AB6000F1D62C1DDDF9FA1E08AE3433F7F01FEFD5
:10AB7000F21EE30C16E8E1F70C0416D9D11BEF0A1C
:10AB8000021F030DD0FC1E2A254AE0ED3517DDD04B
:10AB90001A041D241B06F40DED18FEF4032ECA043E
:10ABA00000BDCE12E327211D3020FED302F5C201E5
:10ABB000F6C5D41F2FD3F809DFE21D1502FFFC08EC
:10ABC0000EE903C7D3F3F0294C7605EB51D0EBFD2A
:10ABD00031090C02FB14CDCE33FAF70E03F2E63541
:10ABE0002BEF2A14F10A38EB0C2426EFBFE10808FA
:10ABF000D609CBD8F3E1110A34C4F80C251C08128D
:10AC00006DD2E8B303E9F3B83A70D90347D1D6E47B
:10AC10002DCC1B1AD0200A2C20FBA54A1DFFDBCC13
:10AC20006F0EE62C1408DDB7AE11EF4D1FEE05BC1C
:10AC3000C937BCEE28E0D8162A9EE0F7F4F8B91020
:10AC400028B4F428B6EAE426BDFA0C263000F81B36
:10AC5000B5B3D0FFFBDD171F19F2D7DA31F7D7EA0A
:10AC6000439746D10CCA1F03C3EBCEFBEDFFDAEAD4
:10AC7000AF110A14A7EA25EABB0F058F1DC8FBED2B
:10AC8000E2F2060259E6E7E1F53E13DEDDFEE302FD
:10AC90000D2A20C63CFDFD0F66C821C5E52FE4FA4C
:10ACA0004C0830C3273A3402220B4C21AFFAE9E2B8
:10ACB000094DFFF1E51A0B1242D7E80BF3FCF70838
:10ACC000CE04D91D06FFD00D2540FB2EEDCCEEF3B2
:10ACD0005BA8F006081CF33049203CF4CF3D092066
:10ACE0005188C7D21FE038F7590DF9E9CC44190C47
:10ACF00016010CF4AC291330F90622FFFA0D0436C4
:10AD0000A81BDB130E02FEE5E50F23FC2FB812F2A1
:10AD10001FC23BFBD7BEE2DBF01811E3DDEBF71CF3
:10AD2000876532FDF7E8110504D301A6DAF736F49A
:10AD30000149E616D948541B19E20C58D343EA13CB
:10AD4000B449E6095022EAF215C9FFE0450ED62DB6
:10AD500030FC1D1934D12325DAF725D0D528F12A66
:10AD6000FE24DD0CFF5751D2FC4DF0B9292CE6FF33
:10AD70000DEEEDC6FD15E1DCFDC3F7FAAF16331E8F
:10AD8000D4F0E008FEC7BBF10F1D0338E8A8D7D107
:10AD90000001E0041DB596D32931072C0FBBD00A62
:10ADA000D71C0CEC67C3CD2CDBBF0E26C7D9EDF644
:10ADB000E540112B08E61AEAF9BFD3DE2AFE4A293C
:10ADC000C361CE103CEFF9EF162FE7EC060CE8DA82
:10ADD00014E00838B8E9FDFAD3D2350CD902CE2CEC
:10ADE0000664041E254417094AFD214654F13630F5
:10ADF000E33FE5D0E6401FEA4CE5EA102FDB2C23C9
:10AE0000CDDC202DEABD68D82D0AECFE29C6FB2337
:10AE1000C71CFC13E0CC3FC2D91C0217F8F8DA05B6
:10AE2000D11AF0F2060949060D1D2B11EC17132E4D
:10AE3000C612D7120E053AF1CDF203F2124DE758C1
:10AE4000C5F62104D3D4FAF725C400ED2A53D5283A
:10AE5000E432EAFBF3133850DE0F06FCD3FF34FE76
:10AE60000222C5163B40D01BD2EBD3FAE70DE4E833
:10AE7000BF0636F2E22C42D1C7280316DE1A1EFEA8
:10AE8000E90617F7F76443161AEA0108F5E721CD3A
:10AE900027141A03ECE21EDC3BE81325E2C3C821A9
:10AEA0002EF4D8F810B717231C01BEE40FEFB1CB76
:10AEB000E7DF08D6EB2DF30619FB1DF204DF2EEEBB
:10AEC000370E1F10DDDB59FC07DB05E5083303CA2D
:10AED0001839FA2D20C2D3F2F036EEE0E800D92777
:10AEE000C20B0DBDE40D173A14F5CB07FF502553E7
:10AEF000CA212CEADE1DC6F616CFE1C0E40F3DFCE8
:10AF0000F6FC12E1E7111BE26617C6FAF1B3F6D8B8
:10AF100022F322F4FD1AFFE1C808012DD1BAB909C4
:10AF2000DB232B330F332DFA0622CDE6F6DED9E7ED
:10AF3000DA323842D849061AA9EC3D28F6F3B3F4C0
:10AF40002E26D1E5E010E51753FBFE0A214647B354
:10AF5000E30FFD2CC488C73A19551927D0350DC801
:10AF6000AD2610F1F339551BEB3BE616E02E0EE251
:10AF7000E3271BDCF7DEDD4CBEFBF31ED5E6B9D4C0
:10AF8000F50507DBEAE7E1333421DDD915F5D5D541
:10AF9000E0BD3017DE1C00DCF91A260308D94A0D83
:10AFA00015E40FDBF7FA4B0EF2C134DEED09F3477F
:10AFB000190C1010EEFC0FB9110FE90BCC1B184047
:10AFC0002CEF1E05D4DD17BEE2F7AEF33402E0E944
:10AFD000BFD41A1431E24A112D25DE2B40BE0BC717
:10AFE0001936DF3FB8EF09EB410FCD2D2EC9F52CF7
:10AFF000D2DA2DD2D17F0B3317E3BBFC36C711B9A0
:10B0000015EBE7001A1FF03D1A14F9021522F91B7F
:10B0100032FF1841E100611AD10533281DFD590B9B
:10B02000CDD836F4E5071B1CB51B17F7B13B19DA71
:10B03000BF16E2BB26FC1CD6E80C1F01FA1E351910
:10B04000F1E503209584E10617DE1BC33246D48167
:10B050000CE4F813BC072331A0F430DEF53DF4AE68
:10B060001A0EF810D0F8FEDAFA204A201E28EADC80
:10B07000CE13202D04322E36FE24C5D2E63B26C147
:10B08000E8F6F7FD0801FBE5E93BD617BC3768E3B6
:10B090003F14154C3B9F3C10F2091F44FBDC5A2324
:10B0A0000AA4DA1049ACF60E23112A03D5E5E6F11D
:10B0B0000B0945D9E608CDDB06CA28C7065BE2C600
:10B0C000C537720616FC29474100CE0FF0E31E0A71
:10B0D000DA1F01C9C30AF8D3F6B70D02C6FED6EED1
:10B0E000E93D4CA11304FA3313F218142C3504CDA6
:10B0F000D3D3F4341FFCCAE7E4C7FE1BCBFED6D083
:10B10000CCF2C82D0DFD15EB4A6A6EFDC51EED2C67
:10B11000222927FDC1C3EBD733EF2749FCEDEF020E
:10B12000F2FEC21DD1EFF7F3247F176DB33DD62891
:10B13000F1ECECDF573FD8EC12CEC0F7462ED0B87A
:10B14000F208FADFC9E0E02EF51D09ED12C453E262
:10B1500035E8015A1CE813FDFAEB0CC6445DCF55E7
:10B1600018D6E02610DF2C12DA06E0EB6C0913F893
:10B1700046D0D1E6CBF0ECF2ECB2289AF1091102FC
:10B18000E72B2F272BE042FBE8FE1612B3C72E1C3D
:10B190001AFE0E20EC232DC406241716BAE3444BE6
:10B1A000A7503A0EE8CFCF1108132F1AA7CB250FBF
:10B1B00099ED193E07E72C1D2215FF09E834CFEB66
:10B1C000190AF016DA07F2BBE7A6F19310FD6D0439
:10B1D000FE340D59E0EEDE49270817321CC3E8069D
:10B1E00038FC1EC252FBB3EA0FE1FA5429F53B20AA
:10B1F00017D8DC3C2DECC5FD301DF6EF23062B02E5
:10B2000043DC61D7E21708F7DA22FC02F30EE8E02C
:10B210005A211E44D7DB0A15F7EE129F1407D0D629
:10B22000A3FEFFE7E420F0E81EF855D8173FFEDD47
:10B23000A20E3998E518CEB1FA4BCFEFC9160F1A06
:10B24000FF04F2FFE2EFD81109E7E3D41BD42E0C80
:10B25000E24C24E1FE2DE1EAC13541F7F523EE068B
:10B260003841C6080AFA124AF6240C2E20F0273478
:10B270000A43E6F7510FF9CACEE404084C2F2CFC20
:10B280003EBB0CCD11BB44E8F6F80D43FC1FEBDCD4
:10B2900010B526FDD4351A5C021ECA43F8D3F4114A
:10B2A000321023ED28E2FA3AD3DBAA3B02D2C4BC27
:10B2B000D5ED031F4431E5152D510C00FFE3BFEF21
:10B2C0001FBA26FA19101B320C44FF0B081607CEC2
:10B2D0001E29C75BF4FEFBB00B20C70916472ED70B
:10B2E000B7E9032B0AEE0426F22C11E61728D3F84F
:10B2F000DE2A0A0405280D071E2F082A430301131E
:10B300000FEDEBE2F6F62117F4D3FF0F1831DA0C4C
:10B31000085502FAEAD9013BCBD145BC262030269C
:10B3200041E6EBB9CF0D390DC8C16ED22C161D56B2
:10B33000E6B304BACDD3415BD21FCF2F1C18F1CB9B
:10B340003DFF1C4F21C0E9EE1209F11CE402F61486
:10B3500034D3002D2B1A2133D11C1F13CC44453379
:10B36000F160FC64632F07E82510C4D2D60EF6DE28
:10B37000E5C1370A2F1823DFEB20D0AB1414E81EE9
:10B38000A92EB8FC25CDE50511281233D4161927AE
:10B39000356D085CDAE3D1C8EAE60906D1F63DDD91
:10B3A000BB0CC2F1DE282036042C253500DE0ACB8A
:10B3B000F5020CA8C4C65E3D1CCC13ADA92C4647B3
:10B3C000FCC4EA78B1B3F420FA143E00270CDAC9C1
:10B3D000E1014063D1CDF734E5EB441FEBD0FC082D
:10B3E0002C9FDA3DF9EBEC9CADA6162F13362ADF25
:10B3F0002B3FB415F1E5CBE1293018E6EE20FE50E5
:10B40000D5FBD90BAD10D00D45123741DED2DF038D
:10B41000230BED310A0D22EF1609F13B13F4102F27
:10B420000437252C5FDEE6CF4DDF004BE9F8DCCD9D
:10B43000192E02D922F3EC2BEAA0E8C5242EE5064A
:10B44000F3E2FE22F91CF3D119F413C7ADF9F63D6E
:10B45000F53324330ED2EFB006D2531BD8FBE522CE
:10B46000FECAEBCF0B423C01DEFF02D33DF0D422FB
:10B47000234203E52EC0D717E10715C1CF02FD28EF
:10B48000CAFDFB4FAC1B442EEF422CED02CAC9F79C
:10B4900009F3FBC6282AF20343DB24CF4FCA00B0CE
:10B4A000B52CFD231AFC13D742F53AD21AB82FFB5C
:10B4B000082821EBE31C1201EB4201E3200BFB0700
:10B4C000FE1D03DC430C09071CA4C3CAE5FEFC2BCC
:10B4D00040273CECEFDB07F8E5EB0C2116ECF9E339
:10B4E000C5FB17E4FC29F1EFE1D31BF4C820F2C936
:10B4F000B42CDEBE30F4E621160AD4251B1BE92845
:10B50000DED80BD0F802F7FDC77F01ED12C200F3C1
:10B510003FE7EEDFE4FD192CB5FD3EE307C73E53E0
:10B5200004A73E06C3FEF108D26126DD2BF2F143EB
:10B53000D4F8C3D208DD22D2F2E9F2E40EF812897F
:10B54000CEF00D1E0B10EBF0EC2CBFCCDDE9F3F4CC
:10B55000CD21D3F16F01091FDE0FD8BD79BDDCC449
:10B56000D5FB05FBFC68D7F2ECCB29DFE20BE0D57D
:10B57000FA271245ED26EC12E9FDBBF60814D005BA
:10B5800016DEE1E7ED18382BE44E30CD1AE2275EE7
:10B59000BCE30CD809E3DCEDCD4805DE01B1DF0DDD
:10B5A000E9073AEEB0B73E0EEA2A162BD40F1C2359
:10B5B000CDA528BEC73641D6EEE70CD5321024C241
:10B5C00007D127D30DF50C20FBBD0E251216E40D77
:10B5D000CBDEFC33ADF21E1CF7042B2A002E041721
:10B5E0000ED2C9322343FC81F34F142613131DD905
:10B5F000A3AA0A3FAF021DCB7F340D4B17111908C8
:10B600003F31F5EC015307FD2E151BC6CDEDD308D8
:10B610000413E4141A0DF420BF1CEC060EF8DDF33D
:10B62000FB55E0FA04EA1312EEC7DF00ECF2D33662
:10B630003A2005E1F81E16000B273D0CE5E4F5FC69
:10B64000212B05010ADFE5F204C8F7FEFAEC36E229
:10B65000E6FEECBF1DFFF105F7D1E0B141F20A08AB
:10B66000F8BE1A1E20F81DB9C4FEFCD0C31AFFF79D
:10B67000BA00EB260ABD0CE931DC27DBFB1C0E10FF
:10B680002D14DAE43174F4FC12CABD3416A0DBFACE
:10B69000EF48CEACC8DDE205D860FB3513F1A90256
:10B6A0002BF0DD18F74AEE0712F811EE18ECC7EF91
:10B6B000D74447103A2DD60AD8D6DCE44BF63F1CC7
:10B6C000B400EF1DF4FA06BB05FE3F2401532F0A18
:10B6D000C80C2DF2EC8181D2E13A18570611D71A25
:10B6E000C803FC2F03F43EB3B12E401C642502278F
:10B6F000CA51F5D5CC18FE051DC42BF840F72FEC28
:10B70000E9FD1C3FFCF009CADEED29080904C5F279
:10B7100033190A26CE0D15AADAC5152DF7E21BBA84
:10B7200006D63FFB0D08DCC8F3E33A18B30A2C0435
:10B73000DFCBE9FE110B38E8011CEFFA3EE9EA3CE9
:10B74000060B02290104FDED3FFFDBF3D62D350189
:10B750001DB117DA2C0F3CB8F1CBFBED0DD114382D
:10B76000F8031ED90115DC340FCC04ED46261A303F
:10B77000C325FD01F1F4FAF729FCBA09E64BD91506
:10B78000F22AFA2BCA4BF760F5DEF125EE28EDFA26
:10B7900003100D01F8D72B0A21064AF8E634C8F148
:10B7A000F4D6E8FFEFF7B2A420FB2A25BD3E5B0CE0
:10B7B00009CF071FEBF0D503C3E9CA233818C3DC50
:10B7C000D428E600F80416023BEAF416F6F1E72C5A
:10B7D000E32CF300D819ECF5FDCC1F24C9D4D8F61E
:10B7E000F63FE3E2DC3CD145F1F2FD2DDAC801FC85
:10B7F000E0EAF6EEDD281FD8C6DE3A1CCE01A51021
:10B80000D70EFDBF1A442A24E5CDEA01FC083FEF1C
:10B8100004D9DFFE0C3C3CB6071AD82B16C921937D
:10B8200032D52E0A22440D081E330B0C4E4310AAAB
:10B8300043E32E1DE8BE310E0A2BF1FCEAC9944405
:10B84000BF280C21DC1EE6E22016C3FFDC0AD8511B
:10B85000350E030616B529BB3E230ECEE60B18D7D0
:10B86000080ADA3DEC08DF510D241E1CE6E202480E
:10B870002EF6EFC826BC4607DA61F645F1B8A82DCA
:10B880002430F005F107FCCF0FE6B30A43DF37DEC3
:10B89000C8C739F90613DBCEF0D70BE8F1E237D889
:10B8A000E700EEDE1068ECDC06DE1BE5F5C901F80A
:10B8B00032313D21E830383051D422F4E544FE31B4
:10B8C000E7EBDEE11DDC1FA5121FF52812E51701CD
:10B8D00020E621C401BADE2A54CBC7D8F31B403678
:10B8E000BC0B33F1EBC6C0594CDC25F825E1072B26
:10B8F000BDD826B2123FE6ED0100CAF510B6486485
:10B900000023FC0BF6E5BBFEB5F605CF2D14E3AB2B
:10B910000F12F85029E6B8B2BAD9F516E90BB4D22D
:10B92000D738D347DB3CB8D411BE49C90F1CC8EB8C
:10B93000D4FE1B05E814F32A5606E4E23E394A0316
:10B940002ED5EC40EAE969F3FC4433CDBC16C4F6CD
:10B9500015FEEBDE202C1BC5FA284F01E8081ADC87
:10B960005DFB16DFC9011617001A03DD1C31FB4B06
:10B970003C21162CC201D5E8DB3D13D708EE2F275A
:10B98000FD050AF400FFB42C3B9D1A51DB302BC897
:10B99000C2C8BE0924B9AFFCA8C85A4BFA9D9C0185
:10B9A000FAD2EFEA15D8001735BA1FFFF20B20EADA
:10B9B000E0496A11CAA10EF0F8D042DBCEFC00D1FA
:10B9C000FA66FA121C105F411EEBC410EEFB1B2F2F
:10B9D000F2DFDB3BEF42E9E810FEF947EAE716ED5C
:10B9E000D15839DE2E22241ECB1E27CCF0E5182E8E
:10B9F0000FFA1800E1FEFE18F0102A219BFF40F616
:10BA0000C6950A223BA704FFD32131EDEBD60F01E7
:10BA1000D8E2D10EFFD0E8CECDF6EE2CFD0A0C55C3
:10BA200002000EF6DFC12EF2D41314C932F4DFEF98
:10BA300012201225F92BDCE63F1FF601BBE8C7D226
:10BA4000ECC32F3517E3C6090EE2F6FD7FCEC5E93C
:10BA5000A04B3655A4EA0C1D0AF601EECC3BD050A3
:10BA6000742DAA152102A1D54C03133CE947F31903
:10BA7000C5F0FB0FC904C602FCBFDCD53F03B723EA
:10BA8000C89418D55CE0D33F90C1EC93D50C220B41
:10BA90000508E0090BFE0B01BC13DDB009CA0DE679
:10BAA000C53219E524FF41B6F318E217370ED52940
:10BAB000CD2721B6DBB702D92716C633E11A2D36BA
:10BAC0000D27F103ECF32AE05A1B134933C1BB31B4
:10BAD000CE351D12EE34E1EDDD4C13CB0FD8DCBBBF
:10BAE0007F1EDE6905FDA3EFC533070729E1CAF212
:10BAF000583CE8521530F7F30CF922FCDCEBE53F3B
:10BB000001FD154E6C1CB12B0909CCBCC9DF05F039
:10BB10003BD2F70C07FD7B1DD627CFCF4F510EB080
:10BB20005AC71AD57655F9002C00CC22011DF921EF
:10BB3000DB141D0129379720B12E30F103F9BEB176
:10BB4000F53EF0F7F4D231002CC3EACECAE1BC5581
:10BB50001FE3FFE91825511E1701F1A1243307FE49
:10BB6000440CF01604E1F237142D1C1EDB06F3F72B
:10BB7000FCFAEA1AE44ADB14141FFCEEE7CBB1111D
:10BB8000FDB2CE40DBECCE1835CCC222E1F862E249
:10BB900011F54B1C1CF0040A1030C418094B414E1F
:10BBA00025DF3BDDCC23077F04360D30BE122B355D
:10BBB000F0EF0D69FC02A8460B2DB9093022CBE647
:10BBC000F0CF3E1E2E37CEDD240B0FD6D6F33F2608
:10BBD000F4B211D3FCD3F406EBB8192F0EDA2FFD13
:10BBE000BC382852021AADA81ACAD8D111DD0020DB
:10BBF000CFEB4216F8F1D411E4D1CB2AD8AB2EFD0D
:10BC0000CD33E54E2B0344FAF9DC32B4F12128D1CF
:10BC1000E02CF8C91EF5EED800F1390FFD0A080A2C
:10BC20000B1746E4F21EFB580E212CCD292320DDF4
:10BC3000D3081E35A6DA032BEDFC1500E4FC48649E
:10BC4000340113380DBA050AE93AD9BAE7F4C8C77E
:10BC5000163B26E4101D0712FA24FC18E12A49E2DB
:10BC6000FDEABE11F3FBD6EBD9AEC9F3F52B58D8DC
:10BC7000D9F105D82A21F53829C8D3C415FD0FFA02
:10BC80000EE5D34EED2C21D52B2B0C810EC9FFE6F2
:10BC9000E01DB4F23E1DD1A0F2210D30C7FCBA0C5C
:10BCA00027FCC050CFF828BBF1C728D72203F04AA1
:10BCB00035E4D03D021A3C9EBBBCA8EAFC316F00C3
:10BCC00032F42EF8FBB1DC0CFC08160A3A1426E814
:10BCD000FACC3B9BF4D7CB53072F016F19D8C11077
:10BCE0001105F5F6E7222E0EF843CDE8BE31F51525
:10BCF000FD1EBB3023C21E14FCE6E3F5D624FEF97C
:10BD0000B6ED3609F5473200B81F080716E5245787
:10BD1000E541EA07DDFA1EECE3DEEF29DB0C382F04
:10BD200045BE09E32CE114D3F901EEEEFDE5D41A8A
:10BD3000F6E32312120834D463F8FE3443E102061A
:10BD4000F43D09C709DCDEF2112012D6FDF41128FA
:10BD50003145F0F106E9C52514B5250F550F17DC5F
:10BD60000EEA294B1FFB13C7F01832EF2C01FFFE20
:10BD70000009DBCC0F26122A0CC447F14A08F01E3A
:10BD8000D94FCFC1EA08D626C9F8D414F8D5F62E73
:10BD9000E71E291ADC1AF91E0105C616C6FAC4EAFE
:10BDA000FBBCE9BBF220094EF1CB013C1C2020BFBB
:10BDB000FD142DDC42CA26BC16C5FF1546E949CC48
:10BDC000E5EDFBC9FD13EE29E4BF101AD82901D90E
:10BDD0002506AA03C7C6EAD614B83121D92E03BE58
:10BDE0003DBA2CDC430E03D601FEFA4942D52EE6BD
:10BDF0001ABCCE2627222F1C2CC03DE93EE6D5C218
:10BE0000B6F627EB19FC0217ED48A13721D9040536
:10BE1000F1D0C41AE903EE0C1029D0472A09DB56E9
:10BE2000F43600F7C6312A09E9051C0736132E0837
:10BE3000CC3D1712F9EF1D10BBBCE5CFD4FD0FFEB2
:10BE40002EC8241AF3DCFB4A169A2000EAF0FFE918
:10BE5000F168CDF0401DE441162309E9CF0F1CED38
:10BE6000E5B309FA05F713A215EF1DE8E90129CD9D
:10BE7000FCFFFC0145E216E5EFD82C1A1DE4E2CCEC
:10BE8000B5CCC6B60035F0BC22FDFF42F0021D5510
:10BE90000516C60225F1FC0C093CCF36272DC3152B
:10BEA00020BEDE24F919D1DA0F67222543FA03F800
:10BEB000101E2137E8F5F100C929352FE41E28DED0
:10BEC0001610FBEF03FFFE4A25C926120B46E706B4
:10BED00009521F36D1E1E7DCE4BFF3471212EF202D
:10BEE000B50923B1EDDEDDEB012A0019C3FA1AD83A
:10BEF000CCFD3E05B6EE171FE71F63CA1CE91AF218
:10BF0000E8C3F410421022E41CEFECE92A17FF0505
:10BF10004A40E52B12FA00D5EF1DEF29E206191170
:10BF200051CAFFD42BE6F2FC180418F3F6DEFEDF4C
:10BF3000CFDFEDD5F5C2FE17F3C3C3DEF2ECC1E2ED
:10BF400054061303C4D6D01CA6B01399F72D520D76
:10BF500011C8E528EEF40547DED803D725E9094ADC
:10BF60008A283AF5FBF4E301102EE030F5050818B5
:10BF70000E03DDD61CFC13E12BDCD4FAF3F01A140B
:10BF8000C5F409C9CE294BFF3A05F00A1A3B402EE9
:10BF900033E52016AD1C70F9D72E2BDCF9FB2A10E7
:10BFA000EE14D702CD1305E4D6E716CDC6A3F9F8F3
:10BFB0002C02E8FEA9C8C9B2395B0852F322DF0E91
:10BFC00027DCCCC7A70DD521DFFE38F615EE241EE1
:10BFD00016F5FBDFF1E8FA20FCD417300900C502A2
:10BFE000EBE9DFE0DBDD9D2700093CDBF90DDADC66
:10BFF000C60220FB23EBED1AD420290035DDE01822
:10C00000393E12DC22C80639F6E606012823D8F7A5
:10C01000FC2EF43BC71ACC1A2C220BFA0343248AB9
:10C02000F4CF0D44092E09C139243AFBD5E6F0A915
:10C03000B0C80ADC2322E423CF2500D1F7D8354746
:10C04000F12E270AB6FB4AE2211CE5B7F4EC315584
:10C0500017EF6210FF2FB5EC0AF705AA5600EECCD9
:10C06000EC063BBFE1D51F05CDC41AFE1A2E2109EF
:10C0700056EB2CEAF4CA3703D3E4D802172B191372
:10C0800012DB22CDEBF9171F53D21C45DBC2FB4C50
:10C09000F6DBC3F403B45CBB6CC33B1CC407DB1905
:10C0A0006BDFA70C241AE3E458152123DAFCEB26F6
:10C0B00006DCD60CE42AC5C6ED1906EFE92A2A0FDC
:10C0C0002437D00CE3343CE0E3EC01F4FD1C1F6B9F
:10C0D0007A31EBE20ABCF6DA6AFFFE0A082818BBDE
:10C0E000D5D72FCDF92110E33428CBCBFBF1CCF9F8
:10C0F000E2FEFD20DCC937F4B00EE1BC2316960247
:10C10000F92A02E9D7BD3C262940222AACFA144C70
:10C11000E8F0F5F6E419D81F1AC51D3D28AA4718FE
:10C1200036F51A05D607130BC90CE828FADA3426B7
:10C1300028E6F111D6F5102C4FE122D733D836C2BC
:10C14000BA34F83528DBF6D3DC3816CB1C480804A3
:10C150000AE2DB230A0A76FF39202C13FC154BF97F
:10C16000CBEB15BC3A0AE8DA3CF7F2FA2D382BD7BC
:10C17000E002D022FF0720D75E33FDDBCBE046B5DF
:10C18000E94F2B33DF09D313062CE73EF9F5EF22F5
:10C1900099601EFAB52FC215CECFFDFC2E02F80C09
:10C1A000D61019DDE3CF245D3411CBDAE223CFFFC3
:10C1B000F5FCE5E82C1112402BDFCDB8EB21322342
:10C1C000E0FE13F6CB1CF0B91631163EF1FFD22B70
:10C1D00029FDC2CF1718FDB9B81FEE082140151967
:10C1E00056A73BF5611A32F70924D913431CFA54B8
:10C1F000F9BEDEEDFD1D968AECEE13D94D032DE35D
:10C20000FC45211D00BEDB02DE561BDDC1E332BA58
:10C2100056380AFBE2B9050A25D91A109FE708D259
:10C22000FC28ED3EFBD8D4DF172111E0E0FF07E149
:10C2300010D733E1FAD40CB3E4D36813E8302351B8
:10C2400049FFCBFAF542FAE7B1F323101A06390594
:10C25000BCE80CE7EDD223D2D1E83ACABD00E2E651
:10C2600008B50B025D2A08F6DBD83919EE3630D056
:10C270001BE00CE3D4A8E81FD8FE4CF407212A26C3
:10C2800021251730FE02161EC541DF09C412B4F87D
:10C29000E11DED18F61505192F3FF55414B2E7C14D
:10C2A0004513BA1C0006C84E4FC6BCE80EA3D928D9
:10C2B000FB280E22B5B524EFF3E048F0EEECCA07F8
:10C2C0003C12E7F0E93A43FDC7232314C9EFE7DA4C
:10C2D0000DF60C3024D7C40E2305B2FAEF09F1FA9B
:10C2E0000ADB21E329563BEBE0E4EADAE7CFEB1780
:10C2F000DFD131DE23CB200ECFABBE24B8CBB7ECE1
:10C300000808D15B1C19F595EFEB22C360B0F3343C
:10C31000F7E1E1430FDCF3ADADA840CD53DDE9F12A
:10C320000EF8F222FD241AD20AE635FD24D8F14295
:10C33000F240DBDDDDE4C5C31600E72CBCF5F824D4
:10C3400037EFE81A27B90D20E3141BF6EA0D360281
:10C35000899525CB57010FE6EE1C1ACAE0F91B217F
:10C36000BB1A11EF92E0F6E4B445D2E8F2FAEBDD45
:10C37000001E21F5E9C4CCD8F415E153F5F608E523
:10C3800058E7D3D00E0E32F9110A2A2310A82359E8
:10C3900054D3B54A313EDDD547F21DCF2FCEE3034E
:10C3A00034C705D5FA61E9CD3B344AF7D1A9045524
:10C3B0002728D5E4103A21D5C0FB102FDBDD060479
:10C3C000EEE3EEF1D215F302040FDD1ED9E3FB28F4
:10C3D000D0C32BB221DFE2D1C0F4EAE240FDE9CACA
:10C3E000DB63B1E9E406E3E3EABF001813C83002F7
:10C3F0000F05FF33B9F9FC04EC16333411B92EDD07
:10C400003C01D31FB5B9E7E3F30741A7E9EB03F21A
:10C41000F0100012B5F444575030F62A92EE1A4E3E
:10C4200043E3085EC5382840D508FC2CFCF09CF29C
:10C430004D10FE1419F60F68031C04314B00080759
:10C44000C8E70EFE0B2603F80B2DC2CA4F0F1EC005
:10C450000AE8F20DF01B18E754F30A3E1E59A90230
:10C46000E0E015B225D205AF003513011553DBF31B
:10C470002FF6D4D0E5DF1F133065CFC62249C2FAAC
:10C48000ED3D321839FBF8FFE61BF5DFC4C83C3838
:10C4900005F44EF6EB10E9CCE6AB4713BCEE22F503
:10C4A0000EDF13E3DDFFD811DFC4CEAADE1D251F8A
:10C4B0002B220424DFB655426C27F404E2EDCFF9B9
:10C4C000FA1730B6F913FCDCF52BF136DEEA45CD70
:10C4D000EAC11015CD18133402F60200EAB40D4D6E
:10C4E0000E12D700404E23F6110CD8E3F9E9B84EEE
:10C4F000B4093DF5E32D16EF29CBAA63001106D050
:10C50000FE2E0D2326F90CBEEAF7F7C3F220FBAD91
:10C51000FD060E12D6D9A49CF43013311451FBC47D
:10C520003937E91D4EBFA8E8EAEEE9BEF4341E082B
:10C5300017DA4CFFEE12F21C46C11DAEF8002521A1
:10C54000511653E732C5F1F30C31EB5A5D5FD91741
:10C55000E803EAC4DE41E4C92B034F291145201347
:10C56000FAD0E93ECADDEB56E9F01238E9E11C1FCA
:10C57000DF212E020B1EA534D4C813D610F5280FC8
:10C580001DECAD37E1DCEADDEC3C39F0EF21D9EE12
:10C59000FAF0C649062B070C254A1D77EDF9829A59
:10C5A000CBEADACCE1F8CE0B3F3E424D02C2BEE40C
:10C5B000A4EBEA122ED0E6BAF2EEF34913123CD104
:10C5C00013EA3B8E15E8104101C0DE38D1DACFFB0B
:10C5D00034E532D412E6D1E0160D1B31D4EBBF2680
:10C5E000001341D1EAF247372225AC20F10903DBE1
:10C5F0002DD4181831CC14EEE92326E8094AE90EA7
:10C60000B14CC7463926CD04DAD72ABDFDF61ADA71
:10C61000C8E3E9231E19CC08F5D5EC2AE813E01C81
:10C6200013298D13DAE7C426BABA3DF6F6FBDC33DC
:10C630003467FF0714E8FEEAFC650612ED13D5F82F
:10C64000E60DE9DAF537D9F917C80D0E53F922E8E6
:10C65000F7CBD507D234042C3E38191B27F3291DFC
:10C66000215FE054591501FE184D21120AE2E3EB57
:10C67000D4FBB230E631E80739CD370DE2DF1F15C4
:10C68000D3207F013711070CC4B3F737B31AE5F392
:10C69000C21A1502170C21E70C32D5C7FBBFC7B968
:10C6A000224F29402F14D94413D4E74201E80AE865
:10C6B0005055C71A4F11E5E9F246C62ADEEAE917D6
:10C6C00030CD0006FD0B1007FBA73614EF1FFAC68E
:10C6D0003631C926B009C71AF0540C1C22E7C8CF5E
:10C6E000EF55E5450F120A15034CF23CFCE111D859
:10C6F000233FB4FCC8DBDB29FFD30718FA03F5D7C7
:10C70000F6A84EC3F0FF28FA34F4130BCCFB0CD977
:10C71000F300171BDDFEE011D12D0AD5B403E82389
:10C7200029ED2929E1222A03140DE0C9E7E9064091
:10C730002B32E74C3F1BF4F8EED52D1C32EB011ADF
:10C7400043D9BA1D380CDE1E160E26E9EEE2D41AC5
:10C75000F552F832FB0A2127E0FADE3331E1EA0430
:10C76000D656D91E19183348FE33D9EF391C1ECFBF
:10C77000482DEA26480D2A4D25FE1AEA29CFF92828
:10C78000FDC04DF1B9CE29D6E598E51AF22F2B243C
:10C7900006DFF812B939E0E4F203CEC125F60A4605
:10C7A000C3A42ED99FCF03F411BBD80002201EF0E2
:10C7B000D8D914EACCCBE827E0C4F74B3FFE0404F9
:10C7C00002BDE0D9FF4529DDEF2D17E91EFD25F15A
:10C7D0001523BB29EE1119060B550B133FE6FFE796
:10C7E000C6411830F1DBFC1BDE041AE804FFCB0C59
:10C7F00015B7DD38FB370614B839E5320BD1E21A2C
:10C80000D10F02B41AF903F324B518AD2F2F1BD39F
:10C810003A9C15D81F1316E505E92827F11E3F0598
:10C82000CBACF0DD0D291B063EAE19DDEF13170072
:10C83000DDF237F7F7E3E70800DFF617D5DA1CF08B
:10C840001DE8DE471EFC0A19FAF0E4E83E130AF37D
:10C850001DB00E11060008F1E80ED63AEB20F7EDF8
:10C86000DC05057F39F40442FBE60A00B1F11C0E39
:10C87000E7EC0955E4E848021104C0E40EFBCB0BD9
:10C8800042261601E723CCE923DB37E83BF4240EEC
:10C8900042D7B1D9EE3D4CEE3B19D9DDF11528E672
:10C8A000FADAFD0BD0FF06FFE900DB210AE511569D
:10C8B00007BD12DDE420C701D714F5D3B11A33D078
:10C8C0003619F3B1C70E080021E5F2F34CEBCCF1B9
:10C8D000D415EB24C7CE51EFBAF144060D26FFD58F
:10C8E000E8E33202DD11DEE0DCE3EA730DF7080A6B
:10C8F000E2F0F324AB1AF31FD91A26472D13E1F304
:10C90000BAE2C4F9F2FB2CF2011DC40D0109272F74
:10C910003531BBD31EC9D0E4F2EBFCD702E0C0C96D
:10C920002ADBEE2DFCC217FD17121D062C531C0628
:10C93000E8D83CFBBEF7D6D9FDE1232700C2C403EB
:10C940003830F22AD4F1200698BCD0BC22FA1EBDA1
:10C95000580311E5E70A25F0BEF9FC320A1B04AEC4
:10C96000A3E07F35D8BDC8F7E5CF3FDFEBFDE3D8C7
:10C970005709FE28A5F04E03A1DD04E1E9F02FCA16
:10C98000B5EBC8AE590EECE5750FF739FA3906FD6F
:10C99000923BFADBFC31EC150514F9F8AA33F629C1
:10C9A000121EEFEFE90EEE27E5FEF52FFCE4F0D7BF
:10C9B0001CD0E6E2D0F6E1D9CA113A17D4E1C0F6AC
:10C9C000021D29F8C31C50311209291DF0DDCD1CB0
:10C9D0007A0B263FAEED200060B3DFF313070202AF
:10C9E000D414FC2510BAE3CFE70EDCF600E1C5DD78
:10C9F0000B19131C1CDB110EF112112FDE1FF1D6C7
:10CA0000D2EDC8D8404FD8D6FE3EFD0A0DEEF24614
:10CA1000E50FE81A07070A20051C11EDDB3C183A60
:10CA2000B112C7E21B202E0CDBF8F0142DD21D082A
:10CA30003421DAFE39D844321E1CE9DECF2C15FA37
:10CA40002F110F37F2CBDB2D2714EC130FC530F667
:10CA5000B139CA18CACD0FE42DFA38FC07147F0289
:10CA6000D4BDF71130EBD3E2222AE6DBBDFC40E86F
:10CA7000FD24DE2FC3F2E4C77F15CC0D26BD522561
:10CA800003C328CEF01ED630BF1F23FDE115C332ED
:10CA9000C9FA01F6E049C2E7230B27251C3EB0DEA8
:10CAA0000F0AED1528261F2821D6CC1D320ACA31BF
:10CAB000121948BE2BC6FBC0F811DAF3F4C14AF6CE
:10CAC0002446E90F000A2BD612C6E506410D2F2396
:10CAD000F2D9E7E9E5241D2FCD071DCDF50D0500A1
:10CAE0005FC9F1DB33F2FB0A11B320B738EA18B99A
:10CAF00002E3D34B0D1406DB3BBA0012DBF01D152D
:10CB0000BD2CE8093729046AC35B010FDC16CDCCC4
:10CB10004A01B0F7F410C538172F9AE3FCF6E4CBBE
:10CB2000311A0324F335CDE61447B905C2E015D711
:10CB30002931CBC0CEA8DBED211C100EBDBCC61523
:10CB40000A0BF3E5274002ED2F0809E4200DEDFA6A
:10CB5000DE36C124A3030CF9523D291CDFEFDAA60F
:10CB6000EBF504A012D501C3161314F5E60432CA7E
:10CB70003A38E403252B62D4EED4652606F8D411A6
:10CB80001A0010CB2B3AFE413108EA05F40707D80A
:10CB9000E80E3122495CE7263C5E1F311E5FFE53E2
:10CBA000FA0CF5142964EE2DD322E800C6AC34C685
:10CBB000DD4AF92603EAE9FC4647A639C2E911E253
:10CBC000410A24E6DEC22601FEBAE8CF110F0103B6
:10CBD0003F1D0E2AF8C7D7FB061CEA361FF2381590
:10CBE00015F1FFCF16B3FB090AEDC5DA18CA3403F5
:10CBF0004132DCFF11132457D8FB15E5BCFFD6B535
:10CC0000BB322217F127EED43702D549ED37010B9D
:10CC100024130049E711461F0C4FE2F1F5CE53E310
:10CC20000E231921DAB733E9D138DF28E3170CBF17
:10CC300008D5F72138BB2A13D2B215EDD809B6F0C2
:10CC4000100BC40900F02CDEF8170E30C40EDA17F2
:10CC5000F2DE0C5C0CCF23D32B4ADB1EEB3E11F72C
:10CC6000090EFCBC1115B3CCE9B801DFE935B725D5
:10CC70003C0122E9F1CD32E2CDFFE994D4F2D4D3E4
:10CC80000DB6A632CD4D1697DBD1F1CCFF126DF269
:10CC9000CF28C51DD11AE9E02EFC0C06EB1B52DF94
:10CCA0002E06F31D97F33945070F080EFCE12C04FF
:10CCB0003A1CDD12E93024FF200DC113C833DE1405
:10CCC0003828C11A25FE1831F6D42A35CFD8F0C835
:10CCD00031E215133AD24504FAFE1B06AD05374C76
:10CCE000BEC5EEA9F24408ABE90423CEAD0CDB2CA3
:10CCF0003C3408E51E0F012AED0B03B8F70F1B03A8
:10CD00009ABBF2AF24D8F0B10A17E73209C62E2732
:10CD10009F3535151BEE3322EE1AF10721DBF6FBAA
:10CD2000DD0CF60A0FD72CC9F5040A013EEFD8D264
:10CD3000F4F80604EEEF223042E1F9EED4CC07DE3F
:10CD4000D8DA00DB1AD900E32D500F1BFA498CE228
:10CD5000F526CE48D6252C513EE4E7FDED032330E1
:10CD6000D9AF06B0D40EEEC03A0619B5E1D721EF1F
:10CD70002A18C40AD30E3F4260DCE105B711084807
:10CD8000F326D5E52C1820E4D243E35322CDC03F4F
:10CD90000A1C384D29F510E206E7140131ECEED5F6
:10CDA000D05DE5402F2AB784CA02F62DC4EFFC23DC
:10CDB000D9A5F0B71907F3C204F0C4FDEDFB4D0A85
:10CDC000143D220E38F526C9F5CEFB13E513BF231B
:10CDD000E90FF1B9D3D6072807AEC3CFEFCE29F4B8
:10CDE00007B4D7F39BEBEF293813C70432E1EEC247
:10CDF00015F4F6BECED851070FFF051DAD16E01194
:10CE00000716346815FD90F2E9F2D7EF4E141EB8FC
:10CE1000FAFF0DD815BCA3DA0D1523E7F2F7DCCB2A
:10CE2000E0073413323BDD2513D0E6EF220933F55A
:10CE300016224471C4EBF11361243C3006EC1FE36D
:10CE40001EDAF8991DC41302054612AFD517045512
:10CE5000F63D292C200A3FBEED11322A1226F6F9A2
:10CE600017A80DE0F314291F4029E3D8121CC7327C
:10CE700038E9F0A932FC0BCDEE4302C4132D25EAAC
:10CE800029C827AD07B3E00BB73A03E8180A1635EF
:10CE900020C514F3D8B8576EE4E9CEC94E8DCBFD4A
:10CEA000E5EF13F42316C821570229EB3710F0E3FE
:10CEB000020DE82D129CFB21CB2E061822CED0C8E5
:10CEC00058FA10DFFDBE2EC9DB24C4C4CE35F7ED01
:10CED000DE1C36142908C3FBC92B1B0B020B1BE1FC
:10CEE00024CFE1F137F719C608E71B02DE1FF7DA96
:10CEF000600409D023B820041F4CE02514EBE1AAFC
:10CF0000063E93E90AD5CAF1280D0DAF30E6191E89
:10CF1000281E07C933F939DDFFC2D508ECF9FACC70
:10CF2000FB48C8DDF10D00CCE0881DECFCD752E3D6
:10CF3000D6ECFB20C5FE1008E101ED1BECF3C10DA2
:10CF4000D1A212A9D0DD17EA3321D13333DBDA279E
:10CF5000E9BD09E525E93E19CEF40EEE08070906FC
:10CF600000C8C4FB3B00F31F213CCF41E82A0ADC88
:10CF7000D78FFCD315F313EEFA3CEDD1F6F6070488
:10CF8000ED46BBF207F9270A148C3FAA311C16D8CC
:10CF90001CF037A9D310270FE812D0B2CAC90AD69D
:10CFA0002A2AEA1BDAF1DB08F90B09034419D81520
:10CFB000054D073FE9ECEA300EFCE63ED829F812B1
:10CFC00023B32006F0131EEAE226090EEE2D1AE323
:10CFD00015B932E626152B24F4260B012527274701
:10CFE00024EDD916BC2EF8283B440F121406FEF986
:10CFF000C10310C529E9132E051D0E2D0126E507D5
:10D000005D38FBE31802DD31A7C152A00C1506FE06
:10D01000E816D8E1E6ECF7F0FDD8FDC72008FE0FD2
:10D020002B19E23B19190A23DBD70CB015EC11F6CA
:10D0300016EA014CE43601FCE82518531B05F220E2
:10D040001626C3F112DCF2F7CA230805CE0FE11F42
:10D05000F61EE302E40E0B05C7BC1AE5D126F9441F
:10D060003062065B0D310F0317FE091BF121DA4C0C
:10D07000F24518CA07110D27E9DC41651EEC2F1C8B
:10D08000FA1336E832F4131AF5CADCD5CCF129B814
:10D09000FFD022D5E3F6F5D8E33602B2CA2AE4C7B8
:10D0A000323000F74E052AF6F207E90033FBCD06D1
:10D0B00022BBED03DE29DA21E401FE2C1308CF495F
:10D0C0003FF22513EB43E51514402446FDC6212904
:10D0D00006F60CC503F6022FEB33E5C1B6EFDE2CE6
:10D0E0003ED41C1725E7231D123AED3300FC21F531
:10D0F0000206C5C7CE4A28E60CD3043509EE1C1B30
:10D10000EB212118FDC100ED1C0ECFB540F8D4CEA7
:10D11000E5F4E5D50E29D50B062321F072F8EFCC06
:10D12000F23C37241E0900ED0D01101B00200EE615
:10D13000F80406412C1B15F03CBBEC13ACFA370D80
:10D14000090A1CDFDFE51F15DBBB0722D6E2EF086B
:10D150001609EE0F4519F1101BC41CDE3C1F080A0E
:10D16000F40CFFE412D5F13C49100D22F9EEF8075A
:10D17000339BEEE01B1C3D1EEBE7F5D9FFD9FD10FC
:10D18000AD20DD29EABDCFF1234825CF6E35BDF3B3
:10D19000F5FC2DE8EF0FBCEE2CFDFB8C41141EF9C5
:10D1A0000A55E632EB04EEE640C2D6C2D63C4F1D2D
:10D1B0001CDC2106CECE42E55C87C01D0A03F8DEEA
:10D1C000F701EEFDEDFB1EFA9E17336F0DA0FF0C6D
:10D1D000610618FD6E25140A1B4C1F1224C5CCF7DE
:10D1E000F2B7E214EB043D45D8E5C32BE8E6E7EBE4
:10D1F000020302E50C042D2DF6BA253BE0D33A0DCF
:10D20000C82F0B7FC8F6F00AE1EFD8E3672828C7DC
:10D21000F720281EE3113027F6F4E400D5274DF758
:10D22000271A1C49FCFF595308FAF4C53B240A117C
:10D23000F42225549F2612371A193B04A5F9FE053E
:10D240000D16F300EDD3F626DA03E3070EE1B9CEAF
:10D25000EE1BBCDE054F3408E1CFCD080D10B1EA5E
:10D2600014130025BF0ACEE0D9F90931BAE7A206A6
:10D27000D03328D8C0E447CE1C170C2805FDB305D1
:10D28000BE21FE1F211E20DBF6EDD9F82503F9C6CD
:10D29000B307F8FB33D740F3ECEFF5E5F1E1641B9E
:10D2A000ECD6DDEBEAC205FA480633D30EEE24F6DF
:10D2B000E2D8C612BD19EDF92018BE12C51A453DB7
:10D2C000D1F0E12B11F36240210CFBFAE13DC4D611
:10D2D000220ABB0912ED01DA3FEFE83A130D0E0402
:10D2E0001648CB1CE30FEC0AFFF4E5F71E323CE8CE
:10D2F000F314F8121611111F2AEEE8F6D3DEA9CAAC
:10D30000B5FA0FDC0259A0D1354E0907FF1F38F6D8
:10D31000CFC41FDC06E0C0B5F83B491A04F5FA415A
:10D32000ACCE07FDFFF2A0EFD81C4330BFD17BF994
:10D330008C16EBE5D12CF20BF704FB2903EA26CC83
:10D3400033F837F112E0E9FC412D0E16053C1B22A3
:10D350003FEC3F04CE0B17F9B40AD839F82CCF2094
:10D3600003EBF143012021E012D11A4D42E41FE208
:10D37000D7142434EAD5F813FA04BFEAF2093524A5
:10D38000DC30EAF81A47071EFA0025BC1C010CF332
:10D39000230A05EDFC07F90B0229132B11CEB8BEA9
:10D3A0002D2B26E20A1D0BD5BC042F02D100DA0773
:10D3B000C5141306C63BFF13FB12FB0908BBA31ED3
:10D3C000B74215071932160DE3F1B8E90421190027
:10D3D000F101F70504C202D202E6E8DE1018931D3F
:10D3E000E40AB3180A27C42C402A1007EF1C2C1398
:10D3F000D949F96ECCE3C6103724DDD51BD622F906
:10D400004FECDEDBF320F80D2002F0F63D4FF73154
:10D41000C9A646FA11033943F11809E7D35059A8B0
:10D4200031E01524EFCD49F4EC3E394CBA37F0CC5D
:10D43000FEE4F2ECC3D95B2A4471ABF3B1CC0CEC43
:10D44000C002DB37E139E127E737C0F6F0E922CB4C
:10D450009DFCF428D63BC618FF2BF31E1541CB3B91
:10D46000EAFEE906B6D2C2EFD207B51B2AE9F718E1
:10D47000443FC358E55F2B04F648033EF432FC1DDD
:10D480000DED2EC205F40F42E5D207F5312602E577
:10D49000FFAD48DA512ECE13ED117F210D285B0C24
:10D4A000E2E729BD12B5232E080EA63A1245110C4B
:10D4B000071EE4F011EE2507D726262225DCF70FFC
:10D4C000DC1BCD402246E9312BBBB4FC02E2D12665
:10D4D000E919F9060200370A35DEDAE0F90E131809
:10D4E000EC7FD136C0CD4538F13B2FF9D9C7296043
:10D4F00029EAC81A1C142058DB169037EE200E3388
:10D50000DDDF1293D8ABD9EF29D6D8F00D28E1058D
:10D51000431AE201CEE7BDCCE90F1CEA25B6530F52
:10D52000F2B8C3BB13E8351D15EB25F2F833080537
:10D53000060D1F0916A449F5EF05D9FD0FED1AE6F2
:10D54000ED35E368E2F3FEF7DE29EDCED2F9B3EB79
:10D55000E926F44E1CD2EFF007051EBADA2B5EF96D
:10D56000251FF5E64DB8401E29ED1602DCAA7AFE0D
:10D570003218DE4813ECDDF2B93C1C4BD123F8170E
:10D58000E0B7E1083016FEF31C0B0EEB0A4AB6DCDE
:10D590000EDA10BB05FDB4CF02DC03E0FEB6BEE33D
:10D5A00020ECB4CC0501FAEC0F10CB550BC719CA0F
:10D5B00025AFE906F2A84D11ED241103EBFB362946
:10D5C0003911DE12F911CECB10BBDEBED2320224ED
:10D5D000282BD332FADC3CE92FAEE13935DD65E4A6
:10D5E000D62A1C2309AC342C10F82730C4B42F38A9
:10D5F00028E60405F5D5E5DAF7180309320E16FA20
:10D60000BFFB2BF3DB0BC90245460F18F247CFD403
:10D610001349220AEE2BD624C319C9F0DEBDF8D077
:10D620009EBB05EFC5D7B811DD3DB8150C08C02964
:10D63000BE071E1317EB380FF197F39AE0F537305A
:10D640003B33DC031527F60913E91EEDDC00F2FB82
:10D650003543183606F2073BD20ACE544201E90799
:10D6600020E5302122DA7619B08DCDB3010D5FB3FC
:10D670003332C9E6242147C83C0A0C0FEA28FDDFF3
:10D68000142AFE1C2C3110F8E6710B74CD299B1660
:10D690002B3C073ECE53C23A10302337D0D921104D
:10D6A000E3341F1F20150B07D419E22F0FDA37D0F0
:10D6B00003F8F439D3261FE9C2D6D414281A0FC1AF
:10D6C0000D02277919F9C9F917E725F6F70C26BCD9
:10D6D000E53DD9642CFED72BD1F32D63DDEB34E788
:10D6E000FF9D01F5E7F37FC6F7BAEB16EDD62933B8
:10D6F000E309FE3D04ED4BCFCABDFB0511220F111E
:10D70000F026D2C4DAF92335FF2F09130122D135CF
:10D71000EA14F510C9E10FEC18F6E6E0E135E5137F
:10D720004209280BDD0EFB20C5D312F3F6E22628B2
:10D730000A381CDD3F2CCBFB383103D6111DBA094A
:10D740000120002AEC1F0FD3E5EFD703DB121E12D6
:10D750000B13F560D7271C10C4560FEBF700D5F458
:10D760000ACEC8ED432D081D2FD3073AF5E92CFE4C
:10D77000C5EFC00519EB0BD40A3CE32BEFED17C93D
:10D780004A1FF1FAD3CE1DE3CDFBCD1608E4EF56C8
:10D790003F10F8F3C5EE26F003FE8127FDC01E14EE
:10D7A00025FA1038F914E8F2C02E3529E12C363D5F
:10D7B00043EDF10620BACF14561509222F81F12925
:10D7C000F732550F25320004DADB17A00111EF0BF9
:10D7D000E8F0F03ADAC6CA37FAF805BEDEE1E94900
:10D7E0001627CF1EFEECF4C4FEA6A1B415AF11DCC3
:10D7F0000511E4A815E4E550D5F1ECFCEAD431BDFF
:10D80000263337BBCDFB2F543AE648400211F626AB
:10D8100007F2151FC23BECD7E1F1E2F1CD3FE9DCA5
:10D82000C6E2D231D902DFECFEC604EC19F2DAF717
:10D830004A170A2B30140D32D903F3CF3EF02715C7
:10D84000E816B624EC28FD1FE641F4BA39E12B288E
:10D850000E0530030CE1E3F9541311132FF2E52CFC
:10D8600022081E0CD5D906C71CF2D9FB0805DD2DF0
:10D8700008FC0636DDFDEECD48FDE0D3E7C1FCF542
:10D880001DED0CA4E9DDFD54A50B191D24D504ECF8
:10D89000BBE2E4F4FFD8CFF7080F211F182D35178E
:10D8A000B5340025BDBD3B33CF14354D2E1915F6CB
:10D8B000E2FB2F32F7C60102221AD1FED6D52E2B5B
:10D8C000B933A7FC0821ADD3F6EB1C127A0EF1FC9C
:10D8D000BDE31D311D382AD864EE52E3E5F70A1A7C
:10D8E0002EFC352438BCDDE5F40CF9EC4BD13D2899
:10D8F00081FBE10D360E13CE49FB00DAEFD2231E79
:10D90000140806C21A331CD2F0FD0027D01DECDA31
:10D91000010D0420D01AF20AC0F49F1059A6C703C3
:10D9200006EA0D3CF9EE162C921BE00547A4F21E08
:10D9300053C5F6D1E10625E058E142D92DDA421867
:10D94000FD14C103CDFA1BFC03FA010E43100BB307
:10D95000221E0E46F0F4130FE40D07ED0E1B2ECC25
:10D9600026E5DE17D9DDE6E45309F32317CFF5CF1B
:10D97000A500E4242BE0FF3F32F940C2BA3827C5A6
:10D98000F3D1FBCED644F5D3E9260131370FE4FBC2
:10D990000B0EDAE2E2FE354BA84AAC3B49AAEF5542
:10D9A000E406F328F748D9D7AF49F13BBEC6227445
:10D9B0001E01FA0B6F212DC516EB0D2264181F08EE
:10D9C0004DEEF62B81DDF2361C1239DFEF2E21EE03
:10D9D000FC2D1828D4DC2003C4E1A825240300E48E
:10D9E000E0FC321A0CD3DD0DFBFFC416172802A988
:10D9F0000922531ACAB9203AE3FEA7EADEF9EAD5AA
:10DA000049F21AB73D06D838FCF9090F123600174B
:10DA1000FE0A2C2AF1480936EE24D9EF2F250329D6
:10DA200038C03F1108F52209F2E84904FAFA3EF538
:10DA3000C002D9E5010C05461F27D7F064C7EBDF0C
:10DA40001F241F3B2DEFE2BA5FE031E999DCE129A9
:10DA5000E6F7F82AFAF90E0CC0CC13D3BED9F210AF
:10DA6000E80F10CC1310E4CED21335F7E80FFB0605
:10DA700056DCF5DFEF0D1F09FFFF16DB0C1AE6F190
:10DA800057262BB6FDD3FE33640E3E44A65116C373
:10DA9000F5FE2C169C08B30D291130F613062C1533
:10DAA000E11B23C32514FF3863BCE10244280BFAB1
:10DAB00048D343DC34F2EC4507D6C30C3EDF264A9C
:10DAC000FA09CCF207D7D2F949EFD31210E2C3EA30
:10DAD00002F9091AFAF22BD6EBD62CEC150E042516
:10DAE000FF01F0DE5D1530FCA3F501DA24F3260119
:10DAF000B6EA052EDF19F9D8FB3124F3D3D9C34890
:10DB0000F821BBA03CDE4BE5EEBEFD234A1FEBC770
:10DB1000F3C8B4E3140222CEFAD72DFFF112060F98
:10DB2000E7A142BB1FE9C0D6220BF11BF50100F2B1
:10DB30000CCD3918DC13D311F1EE3BBBFBF0332EC7
:10DB40000CCDD61CF00826F7E037FC0CD8F90507F9
:10DB500009CCEDEB14F10DE3F0E73D0814F5EDE62B
:10DB60002205FDE00FDD1E000CEA610407142F06FC
:10DB7000F0B7D9F9CA17031F1215F1E82EF8E11E04
:10DB800012E7CC033B00FE420AD5A91A1BDABDD12D
:10DB90000DDBB23AEEFD39DCE898C9D93F3DEDC75F
:10DBA00018A11DD437E23E03E104FF021E232F26F5
:10DBB0001DE1F6E7FEF411341DDC47C5DEE0F8DEBA
:10DBC000FDF2B9D721EFEDE5276B370DC60FD75A18
:10DBD000F0BBCFD5FA0F21DB21B80FD03313171BC1
:10DBE00012D756F4CBEBFEDF19C358C3430912F723
:10DBF000ECE707FBB4DA3EDD23E7FEF34C1215FD3C
:10DC00001B7B0C6EB013D90EE330CE2BD61BF9263E
:10DC1000DC22A83C20F84418FED505F61F1855BA9A
:10DC200000E4016EF606CF19050EE509FBEF41D1C0
:10DC30001C15FDEDEEDAEDF822C0ECC8F8D52F0F7B
:10DC4000FD2725CCC3162A0DE02704DA0C2FF01986
:10DC5000EEBD1FF9D7145FC7F118E41ACA0A291FCD
:10DC60001E21F4D004E9242A000920DE2AF403DB73
:10DC7000E0CA4FD20E19210C244830113CFDB2F7F6
:10DC8000EE2E20141B21FE32DAD7EDCC21FE0CCE75
:10DC9000E50F0EF02326321BF1F3DB0DDFE61FDE6E
:10DCA0004154087FDA02810BFBB6D1EE42E5C8038E
:10DCB00029CE08061ECD10F11D0853E00FF2BD0D50
:10DCC00000061EF40CE60DFBCC0E1EF0D804F0F39B
:10DCD0002B8106061B1B27CBF3BE2124DF1C64B956
:10DCE000F90917ED48D023FEEB043CF62C2504106F
:10DCF000F6F0EDED260CDDEFC70810FAFECE50EE83
:10DD0000E2EFED1718E0C3E61822F816C00400F899
:10DD10000335AE4BE31CE1F400EAFA1147EE0DF6D1
:10DD2000E743BFE313E4B2CE46DF251421CFCE3262
:10DD300002D1F4CD1ADAE5D83CCEF3174C0624D53F
:10DD400033FADB3FCA251D499FF53FCD15F6FA0E84
:10DD50004A061B02D128C42328BB27B24FE3D4D6DE
:10DD60000D00E4BE0408F9270CE402D623FD16F6E4
:10DD7000E7ED494AD328C813D8DAD8A6FAFA20FC26
:10DD800081010BCD34040BFC076CBF56D72FFC0769
:10DD9000D833ACFCD817E805F3381C60001598ECB4
:10DDA000BC0C382AB80E0DEC3006EF2EF2F9F5084F
:10DDB000BD29541E191531C8EFDB140C11D80BCC3A
:10DDC00035E903D30C1BC2F4DD45C02BDFFD552420
:10DDD00068EE184FDF3693F4FA3A2D04A1C824C92F
:10DDE00036F042E7F7D851E0FC1444D1B9ED46FED5
:10DDF00002E2E7EE37DAF3C0AB2B28F0C8F74F406A
:10DE00000415D4ED2617F8B3B7C5134E1BA32DDFA9
:10DE1000D711094B221AF2F0ED2A02391FCBFC0E62
:10DE200004F2193F02AFD4323A201E2841CF4030CD
:10DE30001009F50EDA01F703183FEECEFB28F229A0
:10DE40002114EE1E17201D0A01FF090A163BCEDC25
:10DE5000EC06060EE7BE0239CCFF04FD08BDE0E685
:10DE6000E1071CCCE43716081130DB00D9FFD4BB26
:10DE7000E413EDE0433FDA61D0170E06EFDD259B9A
:10DE8000AEB3B31411E212CC2C051B4618D9396776
:10DE9000D8D5020417F3CF0DC00DCC02153326E6FA
:10DEA000D9F19FFB120CC3F319E0EC391BF1BA3224
:10DEB000BA13EDE9E3232CB6E43C0CE7E31CC7E915
:10DEC0003F0CE72F1AF7E1360B0F31C8D72ED1EBF5
:10DED000D2F9DBF2F819EE3EE617D8CCEBCE26E20B
:10DEE000273700ECD4F3F41DD2E43503D2EEE4225C
:10DEF000F3E9F7EC0C6AB759B4E826F9F4FA2912F9
:10DF00004FDF0903051A15D52ADFFB13E21B093F72
:10DF10002BD216222119B22C2D030021EC13972AA3
:10DF2000C3D7E91611DDA81BFF43D22C1C23900692
:10DF3000273EC818DBC5191ABA05F3B1DB20F4BCBB
:10DF4000CA1AD2D21DF4062E030E2BE6F9EC5BC4DE
:10DF5000091CDA1CF07AE82C4AF201D9250E0A08CD
:10DF6000052AE8291419180710FED506E5073EC949
:10DF7000A4252717C5ECB0ED1337ED2224BE3ECD06
:10DF800036FB2443EA12E3D821E4EDC9D61CCF05C1
:10DF9000CFF0F2FB382AA245CF3ED4E7F406F91AB7
:10DFA00056DB5717CF0D07FDABFFFDCA172BC26F0E
:10DFB000EF3321EBD529532EDC18E125FE4B55C953
:10DFC0000FE1360E25C1CCE3BFF31D1B00A3DD21FD
:10DFD000E0F702D3D813DF03D2D8E7F1C6F308E1A4
:10DFE000142CD4CB0FFF01F02E0F0AE8BF38F1D369
:10DFF0009D38FEF3030C401D172BF02808E65EDB6E
:10E00000D4080238D717B50DFFD5251F0735FDD128
:10E0100042F23E3310D70735FD44EB3E1A30BEFEC8
:10E0200017C744F6FAFDEFE62E272ADC0224EEFCA1
:10E03000E24EEBF4F5EFEB2F152BCD16FD376539DE
:10E040000DBCE5CB2CD063A9D1030D030CA4CAB33E
:10E05000F5FA27EFF43BD7E4BEE8332434FBCCFADF
:10E06000D00FDB1D08F64017AA20E212C7EE3506D6
:10E0700023080E01E1F02BCBEDF4DDE900B70C072E
:10E08000D7CFE1E401DBF0E101BE12F9FF31E50297
:10E09000D2C70EEF01E10C15D3EF12E8F5ECD2FB7D
:10E0A000EFEDE724FA02B1BEFEC54BF01106443392
:10E0B0000DF9EA19E2D6E525184E081EF02FE70201
:10E0C000200F301BEB1AE019F8FDFC2A2F08FACDBF
:10E0D00029F81F0BF762CEE42711E91E18D728CCC8
:10E0E0002331E7E60B3A1632F4F4B236DF2EF7EBC3
:10E0F000C1D730DC1433DCF51F049FFF2B06402012
:10E10000A207090E2F012626F9E6E03E280E1A0086
:10E110000C230A3BDBD020DB1010F3F4BC0A2F0CDD
:10E12000D600FEF01EE81221C4E4D4F709EB03F890
:10E13000C4042B12C12E013008E4E8F70531C040B9
:10E140001525C9DCB91C1C213B4956071CBA29DB23
:10E15000F6E5FA05AB18F401F11DD0CB2D27E93314
:10E1600021FA16D6EE22CACF1BF4EDD4D017DF3A2F
:10E170002D0CA9EBE501F2BEF91036D61E21213C8B
:10E18000FF3C134B51BD042CF02CE4CD33F5FB28A0
:10E190002FF621FDC2E3D9C95AE5E30B4C1FFF0F4F
:10E1A000D3120F1533DF14DE09F212EDE8F200DFAF
:10E1B0001A18E7005E2E4DFF05F0FCF0FDE1FC3182
:10E1C000BC3112E6C2F0CDDE17D756F3FADA1EF6EE
:10E1D00041FBE4FC3900F8E03D1FCED650EFF23BA6
:10E1E000CAE604E4B6FB143FDBF2D6E3F40B3604D4
:10E1F000E118B8BB09E60ED2E2E22FF8ECF4F8160B
:10E2000023121105E12C372237E2F7DE37FFDFF06A
:10E21000C4040D18A8BCB92C07E3ADCDBA1BD40DAE
:10E2200008173BD1C4560F422CEFF705B0EFC4C915
:10E23000F2FF1AD8E70A271320FBE7D15EF8FB5B51
:10E240009B340010F42ABF05E7DF281FFFE8E80130
:10E250000308943AE650E6F0DCE0AF1D24FB24E42A
:10E26000D01E31F201CB0208EA1D22FEDAD0262DA3
:10E27000010BD7FD151B1124181523C82ECE25DB45
:10E2800052E7FBCCD5FEECCCDEE7E71FEFD2DFC9CF
:10E2900005D70DD80921D124481C23ECCA1BFC0941
:10E2A00069FCFE0512501E1E32FEFCE4A9ABD71D10
:10E2B000FA04F1DBD4D75306E031FA06FF27200039
:10E2C00035EB1EF408D9D7E0B0EFEC306A94AAF72A
:10E2D0001D27E5D6C1FC2C44CFEEE227FF26F7CE62
:10E2E000E407B7D4C2172F1129E7F1E5F1F2FFF0E7
:10E2F000E20712DAA998E77FAB4BA00659E6B9DA34
:10E30000E3C924DA7FF7E39E43D93A251300014A93
:10E310000EEC1019E1DBFAFAEE2528D8D424F2DF4E
:10E3200006D540F51ACCE4E32F311601E405BF2EE3
:10E33000E7E345E5DBDC01B409EB0F09D1F43BCDA4
:10E3400023EFE900214B11F1E6EEC4F1F9E90902EE
:10E350004818CE15A915E00FE6DDD9B0B2FC1007BC
:10E36000EDF2E30ECC6643F847FFDB01CB4732C644
:10E370003FE2EBF916471BF8C01CF6FC44C201371C
:10E38000F41EB1CF6308EFF5101E010AC717E50EA2
:10E390001604F0B949DCF906F120203E1597E12B6F
:10E3A000B3E2B6F841ACA8F96610DF13F5E51CDE60
:10E3B000DCEB01BEEC91BF0829C926F3C80FFEE8CB
:10E3C000FC1DE5180364EECADBFBC416412645C8F4
:10E3D0003B17451CE21602172CE612101F3402DA16
:10E3E000E9EE34CB022F209F0CF1F016D0C2DDE015
:10E3F00028D71AE4104FEBB20FD42E0D52C80D34AB
:10E40000FF16C8AFA2511526ED092B5C23034D1A48
:10E41000E3FDD40D1B0FEE1BFC37D41429CDED1AF0
:10E420002B4F81EDCE1F33EA0F43CC3DF7BDE0C942
:10E43000DCF9C2C529FBD703EC07D6204100F1C99E
:10E44000E10F0AE539FC060EF6F911FFF24EE3E49E
:10E450000728E426D504F3E608E705F911FA11B216
:10E4600012DBFCCCDBEA1A150D14F0D93508C9040F
:10E470001308EC03DAE429EF17CCF4DB39F6FF13C9
:10E4800007FC1AE0E7EA4FE91D58FCEF0222CF4CE7
:10E49000EF47140EC20C311D27471742BAED3B055A
:10E4A000FD68C922E50146DF07011D02F001D70C16
:10E4B00001E9DC07143130180FFD071404C05008BF
:10E4C0001A07DBCCE2E9EA2311D355C72E50C53336
:10E4D000032AB8211EEF31DC0305362F26D1F92798
:10E4E000F0F9D9042CD41DC108E202DA10F54FFD71
:10E4F000E4F012E3FEDECD18E3D3E6EA48114E3035
:10E50000FAB64A033420A21313343D1CFA08CB3860
:10E51000F9EF07ED0F1A1ACDFB70480BC92FCCDDB0
:10E52000EED155D64A1CC414E420C6F712282FF7A2
:10E5300014C308E02F2DA1401D43060FEAC6191E83
:10E54000F405BEF5070EFFCED3CE1924C716C7E8D3
:10E5500004360E32D3F3FE1AF02A5802AD05F3F159
:10E56000111EDE033DA92B08F83736F95308EC19C4
:10E570001AE50D05FAD4030814E714E821F412FD96
:10E5800021134CD524EB2815D0F6E1042F2608D50D
:10E59000FA0314E418F127CFD2D3F1D347D015EE04
:10E5A000140C040DEBEAFC06E6B1D80F451E56BC70
:10E5B0001C8947D72E10C229FB0767BBE7E68741B6
:10E5C000F62E2BD018EB093C16EDE221EF0B0711CC
:10E5D000DDFCFBC50D1C1820EEE0CAF639DEB424C4
:10E5E000F641ECBD34E0ED4C17F902221615F4F9B2
:10E5F000E00F0100E7CD1BF0029CE9072D0737F67D
:10E60000082AF7DFB1393017D4FB021910271CB9DB
:10E61000E23B21F0FF186007B71DDBE6A2E041DE18
:10E6200009FAC6FDCBF707F2EFF9E5231AD34BF54C
:10E630002FFFCA451318FDB11309DC272A01AFFECD
:10E640003120A8F4A807FB6F4E2B46EEEAFBD5FB62
:10E65000DB0F2B1DCA0A40CB3629EF0617E910EB5A
:10E660005B0B06C2DAFD0D112D0E0FE6220B981A78
:10E67000FA2F2A2AE818CB242CFDC508F7E42CFD34
:10E6800018DDF1E8DD374300A0FAC44AF5D540D4DF
:10E69000BAE21BF10C003E1EC54FEA53FF091D3EB6
:10E6A00008E20412AC2BE327024CCC5045FC1C2D95
:10E6B000313CF8239D4FD9DDEAFAD8459B063C81D1
:10E6C00023FF15333129D0164B064FD7C80FE1422F
:10E6D000B809F23B1021D148F024DE14F0E8C02341
:10E6E00021FDFA06C5FCC805F6FF2228E604C5E9A7
:10E6F0001CC9D803F722E61C410C0E0DDA03DFDD3E
:10E700002804D1BFD14DE92F0F00CA10F53DC30C2D
:10E710003F01ECC7F8001928C212F5F806FCF521F4
:10E720003494C8CA3A1FC26EE41AC3B52F43001608
:10E73000B30A181FEA060EF898F1FA3B0001D04020
:10E740003009C1E823011F29D72E03DBBD130C09B3
:10E75000E2F4E51EF4161BFCBB2911F0F224083C80
:10E76000C507193AD81FF74CF8041DD1EEBFC5ED07
:10E7700017C9FBD8FA083957CDE8E9DC1AB21BCF24
:10E78000E42F03DFC942EEBC5F36224313CA3E1DAD
:10E790002AD932E81AD41ECF7723EFF70A4FC9FFE0
:10E7A000553FD51B134CF0C33B25F33EDD14F6EB70
:10E7B00022220AE6223D30C2C5C519A52807DB037F
:10E7C000F0EFCEE12E17ED43BB4C3622D1D954AA3F
:10E7D00018FADE170C24F420EAD4DC362A031FF0E2
:10E7E000C9E30C222CF62523EBD4B302EA24B5FFAF
:10E7F00000EA36EB10202628E80BBE0EDCFF1AD309
:10E800002349FBDADBB3FEBB3FDC08CEF7EF45E77D
:10E810000D112B06D1ABDDE8753F49E5C802D61CCA
:10E82000EC3765050CD6DFFC6011451129D321F3C7
:10E83000E9323308C63FAF00E42C011A0135F5F97F
:10E840000A04F9063010D1EBC1ECBBFDFCFA01FB68
:10E850007F3322DD0709D0FC08163C582D37E41021
:10E86000B806ED2A3B04DD1D1749182000411CF7AE
:10E87000C521D8D4F3FDD531EEEAEE200F38D728E4
:10E880002F12E52936BFFE9FE1E10DC6CFECEBE08C
:10E8900003F4E6F53BA1F5EBA8E125DAE0E92FB4B6
:10E8A000ECF058C4E4F455E4F5CC11EA10BDF5D50C
:10E8B0009A053FD8C72BE7383C25312E1822C5E0F2
:10E8C00051EAF12FFD21CC14C2DDADA0D9F4DA3F1D
:10E8D00022E93B0526E6F7D1A303F9B8FB3FF64052
:10E8E000F532CF4D276C98EFD53AD5DEF93C220EA4
:10E8F000BBF41A321729C20A10D7BB05B90ECCEDEA
:10E900001EFB06F82AD34F032517E541E8DFC32491
:10E910000CF2D8DE321A15E9063114D55CF4C2F6D1
:10E9200058E109F616CC63340EDE212B17F5BCE74F
:10E9300017BEE1C81B0B1A56C322E6D7CCF81F112D
:10E94000E1E006BCFD18632CEB25D94E3328E368C3
:10E95000E114182E3CFFE0340B1102240202D450C3
:10E96000EB2DF1DC0E11241C2EEA07FB1F55CBF515
:10E97000D62A1801F122AFB807EAD6F2ECF12168E5
:10E98000F005B3FED61BD9F52119D8361ED984A9B6
:10E99000E8F8F210E407010CE0B144E1EFC7A6ACDF
:10E9A00008DD0C441E300501F3C122EC0ED8D4F86A
:10E9B00001D8031C3E2F0EF3190BF32CFC04BFF5FA
:10E9C000E8055DC7F0533016DCE0AD19EC1B4B0CCD
:10E9D000F90321B11FED07E9120A1AE9171E3323C3
:10E9E000E50C0FD4F2280FD5F537C40608DAFCD8A9
:10E9F0002820F822211A3DB2E826F7E7F1D2C8F61E
:10EA000007DED2CC39D39DC2FD05520D43F4F76128
:10EA1000163A3946E5131AF11CC8C8373E0A2EFAD1
:10EA2000D30FC94646CCF9D84004FA3F420B164DE5
:10EA30000C0AAF2026E4D7D918E4C8EBA4E1000003
:10EA4000301A101523C9F426C0F1F5F9A730F327C1
:10EA500032E0096248E6FEF0C207EE45CFCDE9207C
:10EA60002BF5CC03CE16DAD704EEC20AE61DE82A4F
:10EA700051F6E629C4DA2FDABACFEA0B2FD1D8EA59
:10EA8000173343C4DED2EF3F3BF347F849EC01F3C1
:10EA9000EF13C4DDFCE8EEE22E282520EBF1373C35
:10EAA000F824D1DC3825C0F50824060522FFD3114F
:10EAB000F826E0D43A23FD070F0307323CD4C3FC09
:10EAC000B32DDFDA1EECFE124126FFDAD0F246FA51
:10EAD0006218F6F25321F3F85C09E91F2F44022F64
:10EAE000E9CFABFD0BE6F91017FFEF34453E1ED919
:10EAF000031EE5E01247C1DB52FB2F2CCBC62D4491
:10EB0000E41E3A000B054A05DDE80DD8CAD802F12B
:10EB1000A9092A31F388F7239D08B414121AB5F213
:10EB2000F500440EB13BF6F40FF7A505F4FFE0F253
:10EB30001120F5F4BA35FFF811321AFDD20DF0FBB1
:10EB400012132A262B2103F2D5F907BEB0FA42E5AB
:10EB5000D5D9BE0215119AE61BEA0ACC9960470680
:10EB6000F61DE90CFC24EB410FE32ECDBD00E20FB6
:10EB7000BEE20407CD12F21E36311FC5F4F415258E
:10EB80003B10EEDF07F000C6ECF9FF3A1EDE00C9CD
:10EB900022F811231919DFD40F27C128C5BA9CFC0C
:10EBA000D70DFA24F1F430F305EAFAF8E7E4A2F31A
:10EBB0003817FB27DD2C18DDD933B3213E663932F7
:10EBC000032307DF17C3E9E6CD0DFD09BADD2AF5FA
:10EBD0000A1C202DE4FAFCFCCB1BE1FED2F7F1C0AD
:10EBE0006E34FAE6E16D4318110D05FC5717ED2759
:10EBF00062EE74CBB0FFFA4BFB1F02FCFE0FFFB5B9
:10EC000024DD03EF35E404EAA3E943062EA7E61763
:10EC100006EE1305EAC613EB24042416E02619F3C6
:10EC200013D7D32C3BCD01B618F7DBD1B50401289F
:10EC3000380D1A2DA6B3D4F9FC29BD2FD0ECDEC8AF
:10EC400036E1D05136ECEBCE30F024D9FD0E46F84B
:10EC500028E9200DC5B1091EE9ECF6FE1306C6240D
:10EC60005A12C857D9111FE9E609F7DD0CE6E1B5DC
:10EC70004B03D6FA14F34524DCFB0CC1AFC60B13CF
:10EC8000B921DBE5FC3712F7B6CDCB3362EFFB23BE
:10EC9000C3D8C5EF0B49FCE6060711E3F61B0231AA
:10ECA000A41019EC43EC1717E2CA2F31E2024FF916
:10ECB00048F22502AC6110C92239DF15D70EF5F3F1
:10ECC0003736F0FFB1EDFC071003DB2D5215271886
:10ECD0001EE9F44725DD1B0D09100EFE400EDCFF7A
:10ECE0004704F626FD0EBD14F30DD24CE1090DC309
:10ECF0004330D3F3E3530BEF293430DBA2E505E1D6
:10ED00000BE3DF04DF334B3FF1B64A0AD720481745
:10ED100021CB2B1FAF1EE013F4F1F605027F1EDDA1
:10ED2000EE3A0414C2250B0608F630E31A2E1FDF54
:10ED300012EED51A32D9DE1A1326B71541D6D402EF
:10ED4000E3F1EB022BEFFC2401D5C403D0CDE9D8CD
:10ED5000FC23ECE1C3462A1D2521C3F2DEFB4D1244
:10ED6000140DED1925B3D7C0F828CB15EAC728E84C
:10ED7000FFF724002A311F16EF31B0D525BE00EB76
:10ED8000E4D3A5E32FEE1EE9E6C12716D74FD53011
:10ED9000D5BE18EDF9EC1CF5F7C7DEF3C356FE2C13
:10EDA000EC0F070AF5472417D4E72B3146DCB623CE
:10EDB00020DE002216FCE115F122AF24273A1EF3D3
:10EDC000D4EEE6FCD426F3F2FE1F4F2333BBE9ED6D
:10EDD000DEF01110D12BFEEB0DB4E4FE173E041251
:10EDE0002433E3CA599939E5ECFEEEE8062B1E16EA
:10EDF000EAE0D3F107E9B0F7F9F50C1236D0ED2EC1
:10EE0000F4EFEFEB2BB70124EAEC56F3DFE49C2D93
:10EE1000EE010238F4CD36C0F41B0AD3F528D12E0A
:10EE20000FAFDD0718B62514DE00ED2F15F3B21273
:10EE3000FC2329FDD81CF20E14F9F9D9312336220E
:10EE4000E604E125DEF74711FE401B0752F1081EDC
:10EE5000013B0DD2EB3FF71E11081CC627FFFBE05C
:10EE6000ED38B80E2DD02AFEEC2D2EFA40F9C60B47
:10EE7000E42289DDF31701F80C286711F2EC111177
:10EE80000B423E2A3CC9E4150FB6D8DDD1F4340D4F
:10EE9000FE3C30042712ED31E5DEA9EDBA1010FD7D
:10EEA000DFFE32F0D1D56EDC17F4F4F0EB1CF4F693
:10EEB000E008E90F39E63EDAF00C1205EFFFE3EA6D
:10EEC000E2F20A39D42DD1F0F2DDDEF4BBE351DEFB
:10EED000FDDCE1FEDB09F1CC07C2152819D82FC8EB
:10EEE000F534BDD14E23F420F0E42BD4C6204DF2EE
:10EEF0002711C7EDF01B3DDAD6E6EAD90506220157
:10EF000008FFEBF2FCFD07FB1AC71B34D3EEC7F476
:10EF10003CC21500F3031C581A5B1C1AD31BD61AEB
:10EF2000F6ED0E1E110BEB41FBFEB1D8EC0C1117E8
:10EF3000DB44E32EA0123AE4E31DCC5010D560F37D
:10EF4000BBE1A81714D636ED29FF34F81619A6F33D
:10EF5000011CFED0C6F81ECA3326151DBFEF2321A3
:10EF6000E3F5D4E3E30EF2F52F391842E51F23FE53
:10EF7000100736BA350A1D16EFD8C92A0E2C11EB28
:10EF80003C07C2C2D2FDCB2D281024B7EAB806E256
:10EF900052D028B74030E90D3AFCF4B83933AE3CD2
:10EFA0002CBEC7D9F2F7FD06E3EF18E5001921F9E9
:10EFB000E601E42B032DAB2BE956C911F1392438B6
:10EFC000E223E4F462E525F3E7EB3121F8C6FC2CFB
:10EFD000DB5823DF09272226FDD8D8EB16F1E80CF1
:10EFE000BA3ACA7517004B112006B0E80C124D5DF5
:10EFF000F81103CF4816F558E924A41CAD1949208F
:10F00000F9C00C10F338E07BFF4E1EE508FB19DE5B
:10F0100023D6D4212CDF403542EBFCEAF8EE0C3A43
:10F0200026F42A2A0BF70BFADA44E608E0D304B7F1
:10F03000E907DCEF251ED9034ED2F84AFF27E41C6E
:10F04000D60FB9CFF1B8EBD09ADBF8AC02F6BCD54D
:10F0500015251DC7EB0804D2220EE1EEE3143B5246
:10F06000CCEBFCF7F15517B6F2B4E3DCE365EF380F
:10F07000E00AEDEEDE21E2CA0A17E8B216F90B2625
:10F08000FBE7D8E91ECCCCB1EB4B06CE23B226175A
:10F09000F3DF24E12AB31DEC23203061F9E534F6D7
:10F0A00036EA1B10D5E40E11A8C60213DFC219C937
:10F0B00034C3F1070A141F1E05BBD711F45644527E
:10F0C000E8C30D2DEF331D1BFA38B2F22905ECE22F
:10F0D00029DAD749F6CD46F8F61B0F0903FF76A7C4
:10F0E0001E98D0341EFFFDF6481DD120FC3444D6B6
:10F0F000E4B8220014D60924FB03C017FE0F11F751
:10F100008DF0B51E1AFA07EC3535F91DCEFDC7E6B0
:10F11000B50CC2D726E80F511CFE0AE5F538AC2D18
:10F12000E3D9FBC3FB05EDCE27DFECF9F3E9A55AE4
:10F13000FE3F0FB8FB0706B9DA1917CD0B2F619008
:10F1400036B50D2BE4E141ED3A06F33B0DCFF4EB80
:10F150005BEF002DDCFE38F2401E5842E958E7F51F
:10F16000F7CB04EB10FFDAD0C53E124C14DCFFDF06
:10F17000039FDBBFF9D540392B782B3D2153F20A91
:10F18000BE29ECF33D25DA14FACAFAC9CCF03C28C2
:10F1900045D7F43F23D1E54923B1E10E01DDD1FC90
:10F1A000AC4BC03C09DAD53C01DD0BF9EBD5ED3DAC
:10F1B00014E6F5D806D8E1D0CFD3DF01ED63E2C481
:10F1C00004121F2DEC0C2310CAE9E2DDCD08EE1B62
:10F1D000EB9E05FEF8A44B1AC50419FAD8CDD0E26F
:10F1E0001340F73C0022FEB136D425C1DB1924FCC4
:10F1F00011D8D81810B328EEE8F93A27F3020F0C0B
:10F20000FFEEFBC8CC185A4ADCF7D2D712E42352DF
:10F2100001F8E3F2B8B7451A2E230D353E1104EA82
:10F2200038EF0BE7E1B7B7FFF3CB07F13AFF004A3E
:10F2300004E40E0937C3A91F37FC1FD21DCD1918CE
:10F240002CDED6CEE8BD16D30110E2F3142DEF3339
:10F2500023C8E2DC1CD81C1CEDE73A415DE3022A1E
:10F26000EBDC4DE1FE47CA8114390545495032E0D7
:10F270002E01F5132D0DFFC9DB0B013C04F5FCB588
:10F28000F320CCC6C6532755DE29980ADAE215FECC
:10F290000C38CCF6CB421AF435F00214BBDA45F345
:10F2A00016E610EFD2384A0EEC071F2513FBA10318
:10F2B00002A37A9A080A56D74AC8220C7F25D2336D
:10F2C000061C01E726F7F90107E7E0B1B82454234B
:10F2D000262637FB28E681B812EDFEFFF7DCD6C6FE
:10F2E0000EC958F51B0204A9F89DFDDD2009C9E5EA
:10F2F00021F503C9123A1EF136BCE0FC36D6F9CC32
:10F300009A0FC2D0CB1DCFD336061721E8BD130DFF
:10F31000181F3ACA9440FD05E7162B2F042234F833
:10F3200006EC3B20C9D5091907D11CC6CEEFE8343D
:10F33000BDEB0AEF73EF34E91BD7090BF7FF44EB82
:10F34000DE38EB31C51DF30B3AFDE408F5DBB226E0
:10F35000CEE519D27504154ABAE00EF0100FD52388
:10F36000D3C9F36149391D0E07FE17CFE41D07030A
:10F3700027051D26C1C9272DDEC634371E35EB3AB9
:10F38000BA1A8105B2E0C7CFFB1224EB2FE61DF2BB
:10F39000FB2AE8F9C70CC3DA353031E42C351CF60A
:10F3A000A3FDA3A0D513D4EADB102BCAC5154ADEF2
:10F3B0001138D502D01ED9CB1230E4002E55C9EF3A
:10F3C000FFDEFBD7EA122DFA62F4253AD7E238F1D4
:10F3D00034F9F0EBD2D047F84F5200161726FA084E
:10F3E00018F40A33495DA2FD4418F618093FDADA29
:10F3F000BAF801D5B8331EC6591C371FF3FEF8F60C
:10F40000F3E90927F81F101ED7FED500B4C950FC38
:10F41000B7DC47F0F3DF18F71BFB0D1F0BCAFCDB53
:10F42000D502301C96FF180BC3BF41C7193DDFF151
:10F43000040D181BE010F3B62A10CF08E73AD1FFED
:10F44000E827FF1423AFE10911F70B0CB70DD50521
:10F45000DF19DEF735191BDC300D1D158B0E19C2B7
:10F4600023FEF320D34B9F0EF93B310CBE4C37F9F2
:10F4700092E2C8063BE781F75A33CD01FF70FB21CA
:10F480002D0FE1EBBB350ED7B4F6F8C52AACF4046A
:10F49000181544C6E4FF26FFEDE531E40494D220BC
:10F4A00026FC52E1B0FD3F490806CF0B0FC2FF22F8
:10F4B000ECC43CFFD607F8484DDA5BFFCDFE2F12B7
:10F4C000AC02DB2BD2C5F52DB6EBC7444511F3F8E2
:10F4D000B9DDE6CE2CF0CAE1AF10CA2EACEFA51410
:10F4E000D049D3F90223FA1AF91ADC29BFDEE1DE8A
:10F4F000D027E9E60B4BB01CBB0D17310CD0E21640
:10F500003907DB05F12EF4F7F503FD07060B1F4065
:10F5100005050D0534121123FF1C11DB3B39D3FE09
:10F52000E8D6DE19F0380842DAFB2CABCF301517DD
:10F53000D7C81716FF07102AF8E0E80DDC1111E80C
:10F54000C8DA2E1A25A0F1FE4E3AC4430CFA29D58A
:10F550001FBB12E4A4EEF449C4E721D2DE423F21EE
:10F56000D8FB3C37FF0BC302D42C3A2DFADEF52032
:10F5700054E2DAD5C91DFC3BBA07F710D5B62414FE
:10F580003607C916223DE48E61DE081F391A2B2D7D
:10F59000FDF9AFC6192012E71515101EEA1D01FA74
:10F5A000E6E3BF440FE700A7D81CCDF62213CE2513
:10F5B000FB21EB597E303F0D10CCDA0CDDE6EF6914
:10F5C0009FF50DCA181814142428C51A0334E5D45D
:10F5D0000BF7390E211BD54D09FFD449F23207171D
:10F5E00010F41C10C78F0A2B5C1EEA26C4F7C80D46
:10F5F00027060DF220D1F71F36DB061E10D3ED14BF
:10F6000019F9E028CFD326FEFD261F2CC5F80A01E4
:10F610001F2DEB0408E7293DE9E1C5FFFD044B1769
:10F6200003EE08FC29C7BBED2F040D121C061F2694
:10F630001ACEFFDBB81FD020FCC9D9F6EAF8AA071A
:10F64000070CF5DD18214235DDE0E21204034AE043
:10F65000DF07EC1BE5EA320E06C90B35E8EC43FC8C
:10F66000E4E4DA1AC243FAF5FFEABA23101FD61B04
:10F67000E8E70DFFEB2D0FFD07E0E4FF1BE0FAFAD2
:10F68000EAE8A531CF17FAE7160B34EDE429DE11CD
:10F69000052E1DFD05B53FC61E37135104BEA3033D
:10F6A000F717F23D13CBF718EAE73B2F3E24361B42
:10F6B000050B2A09292908EDE5DDA0ED01EFEAFD9A
:10F6C0000AD6051CD70509EA1012D01C1F211E2ED0
:10F6D000230B5C0009BEEA1103D9EC2DCBDACB4A2F
:10F6E0000635ECCFB710D30D0B13B1E611D5ECE610
:10F6F000F4EAE2ECD70605F7D903DA04FA15310A81
:10F7000018E1BE08D8491712E8F416ED4D06C307F4
:10F71000E0192D08CDDB23E3182E4705A3FDF6D213
:10F72000F51A9A16E2002FCBE112F8F0E42300F06C
:10F730000A24BAD1CE1356F00F3FAD15EABEE1DA76
:10F74000FA0E1CEEDFF92F32DE46F7B822FBD81195
:10F7500013EC333720C8C2D6DF1B28D92C12BFFCCC
:10F76000FB08A541BB2BCF211C23152E32F01B0813
:10F770000FC8B7FEB0F13F07121C10DDF028B7DB51
:10F780000B0113DC1EE9C542CCE15230DEE142FB45
:10F7900015D215E350F6A340E8BF12F0C636FBBD04
:10F7A000FA06DCFF3A12DD1106E806FDDC271CFF35
:10F7B00019ECA9E5A5F019C008F8ED21C60B41C662
:10F7C00023D8DCEC35EAF2D918FAB8FD22FE63CF73
:10F7D00009F5E327F5EDB60118F4FA22B5CA0EE5EE
:10F7E000011EFBF70238E613FDF629EF29041ECBB4
:10F7F00024D10407260FF3250BF506CFE60326C315
:10F80000FE2CF6C75D181600012CF70F301C0AEB12
:10F81000EBE42CD4F4C8B043183320340C07D91BC4
:10F82000072370C0EA01E546F33FEC30181ADFD732
:10F830000E290AB8270AFE19E317E6EBCD14CD15F9
:10F840001419F82536E50BCD152FA3FD452935D222
:10F85000FDF6C007FEE11820EBE20AECD0FDB2D1C4
:10F860002D22B615A91208C30A00F019C2272A23AF
:10F870001AD92801EC1F172FDB41D3070B01F5C361
:10F880000DF51136481A37FB1FBF200D51FB0E38FE
:10F8900005F1E43F152CCA0005D214F52C22F61F01
:10F8A000ECDA073562E709D1FE080909D9D4FAFB79
:10F8B000F4C555C05F1BFBFBC123310B0006282C90
:10F8C000190A3AE157D1A414F608A3F5C416231A6D
:10F8D0000BFB2110EC1FE3F41AF4E03919E117D304
:10F8E000FB4AE7DBCF11FF21F2190FCA092DDE0A0F
:10F8F000082E1FCA12CBF9FF0629D4142525F10CB6
:10F9000011F7C7E03EEF0CD7BE2F05DFE9E7DF2593
:10F91000BF2ADBECE89FDC2FA707C3DDDC1FD94D36
:10F92000F6F922EEF1C3130BCED2EDD6F5E0982511
:10F930000E01202DCF490DD54503FC50D52E1EFEBE
:10F94000000919C527F7D301EC03E4E91D4FF8219D
:10F95000E812C8E805ADC2EF06D52306D4E0D3D13E
:10F9600029E62FF9F44462AC0E05F508072B3BD6C7
:10F97000F226EBEBE5C13110DC0130C801274EE97E
:10F98000209916BB1213CE0FC8530FF4F5BAC6E375
:10F99000F7EE01130F0A185E0219F7022904ABC72C
:10F9A000CDF1FFE61508EB6B2043D03C1AFE3BED92
:10F9B000E2E5EED0F337B2CCDBD1EF1FD73532BC66
:10F9C000EC22ECDF0931E619DBE4D8BEE7131B9427
:10F9D00018250D23D598AD1AB8E5D7BFE31BE0CFA6
:10F9E00027CFE7EA346920D0F7D51D09D5DB0BCE48
:10F9F0002507FB1811E23801EFCBE7CB19CCFCDD72
:10FA00001B12CF2022C945E4123C3A4C10C4E7FC3B
:10FA1000DC301800F5D0DD014130F942DABAED33BF
:10FA200017E8D30EF6E03337100C22690EE80F42C8
:10FA300010C4F7FC1BD8ECC807F4EFD5EA3FE60783
:10FA4000D91B15F50F0CDF61100AEE2132121BB322
:10FA500000502747D2EADC51E60D182510FBEBAA2F
:10FA6000AD8114A6023DD0D3FE05C6E7F4181BF6FF
:10FA7000D1A01EC218282DE641E72DC701063ABCC9
:10FA8000FD1904F422E3550B1738FD27EDD61217A4
:10FA9000051F0D300EEFF2EA062A302E1BB63A3E55
:10FAA0001E0FDD3DE8291017EE342AD3E5212EEE96
:10FAB000FAC4FC2716A8E7CD11E6E13409EF1816C1
:10FAC0002000CC2D29DAB511D9F816DAFF03C520AC
:10FAD000D2130B0E0EEFDE231EAFE3EAD6FB1C277C
:10FAE000FAE0E7DA0C652F2222060CE8F117C616B9
:10FAF000EBDAEDDF12E703DEFFC308F1010A3401A0
:10FB0000DE3300D5150406ACC13A2BF7211B342097
:10FB1000D6E8D5EEC1CC582F24CD150D2AB217E268
:10FB20001E490416F9F63126DEE4E724EED7F70A7B
:10FB3000EFD3E02C15F4B33FF3F013E72308273598
:10FB4000E2F28DDAF9029F2401E0291726190B123F
:10FB5000E8BA0714CB00D42DF2F50505392DB90804
:10FB60002ED6F4BB1FBAEED918D74AF010EEC2B9A0
:10FB7000332019CF22F02A1AE916061337E7AE35DB
:10FB800021293EF31B062929C3DFBDF1B51331D866
:10FB9000CE3FFFC4ED354E142B0CB7A7D22B74D239
:10FBA000260911E4BB24D3DDF6F6B50814191E1A94
:10FBB000ED172907DFBBECA9E7F801D4F4074C25C2
:10FBC0001A2AFA1CEDF9B00EE4BFC2060A55FE3F30
:10FBD000D8ECD8B8E147FE093009CAD7DAD53823BE
:10FBE000F2F3DF403BEBAF05FCC638E805E93F190F
:10FBF000D2DC112805373C0E512234201A9BC5E96E
:10FC0000FDD11716ECDD36E92705CDFD1ED60BF12B
:10FC1000F00BBAF5960AD62CDD10261437B007047F
:10FC20000B1A171CB126EFD840EDE6341BDCFBE3C2
:10FC3000DDDE26DF60C21D30230A3712E50407CC63
:10FC4000D412D728BF13110E16D60CE95222E7267C
:10FC5000321AD507EF1DB4F3B7DB2FD1E00FFFC881
:10FC6000C80D05C2540D271FD2DC57D340EB221616
:10FC70003BFDD13BF20220E90DEC260D1A100D03DD
:10FC8000B4E9F2ECE9D8CFFCFDEBAE39CBE7FF15D8
:10FC90001FF2ED18F7E1202D0F3403ECD6092F23C6
:10FCA00016F6F2FDCBFE17F3061912352BD44025BC
:10FCB000E91C1DB53413FB0EC6EDE4AF46D0E6C912
:10FCC000DC0FE710E0E004E4CF30FC183140CFF067
:10FCD0005433EEFEC5D5011D4F20CDFB130B27F885
:10FCE000AB0FFF95F1081CCCED0EEB08213BF9C0E2
:10FCF000AB0EFD150203F0CD042A2AF92E1AECE80A
:10FD000012202715E2D5D5EEE9F7DD3E09D40F0E16
:10FD10000F00E920FCEED016E1EE0915110FEFD12E
:10FD200021CAE81543EFB9EBCB0AC3FDD2F52A3758
:10FD3000D70A20DB2AC1D5E3DE0AE0E8EE02C7D30A
:10FD4000DE100FF203D709C60916EDE9055F3E0A7A
:10FD5000EE0213E5D0FF2F00C3FAF3DB0C060C27ED
:10FD600007EDE49A031E110CF413FEEB0A0CEAE013
:10FD7000891B4014EFE9B3D6CFDCE3D3010BE7DAFC
:10FD8000DF022D01115BEE0201E4C43022DB150617
:10FD900011F2192F22430AD99FF9A72118FB02F863
:10FDA00045062304CE57E81BAB1DD9F4FCB50FCB99
:10FDB00032CF03F709E5EF10CCE801A6E624E31300
:10FDC0001610E0EB20CDF4D310152DE8C7E110CECE
:10FDD000B71FEC34E0B1F20CC5E0CE2B26A5BA0972
:10FDE0000ADD5A87D6A8C905B0C3D0C22B26C8FCE5
:10FDF000CE04C4BC39CEB60826E03501261CA608C0
:10FE00002813083C112FDAA50F52CA11340B399967
:10FE100029F10B6BF9FD1E9BEF0CFC40D6DC1CBFDF
:10FE20000D16DD45F15119E0E633E627284942D8A1
:10FE30000ECA17DFCA0C185905E306FF3BBEC93AC4
:10FE400037F8CA1035260F0DDE122D10C237060600
:10FE5000170FE7F1D81E380BB9FCED162701440344
:10FE600038CB60CFE1F40F72F7E617ACC8DAF20BCB
:10FE70004AFCEEFA252A19E8EA1DD8A7AFC4EA3FE2
:10FE800000180713E60F0ACBE427BE28FC183BA88E
:10FE9000E007C61BBE1C30C0C77FBC30120D10BFB0
:10FEA0003F0EC521FC2533C33125123833FDE82030
:10FEB00016FED0D7B035F4043419BDCFDE2330D4CC
:10FEC000D4D9FD0308D4F4EBD5EE11FA2ED70544AE
:10FED000EC0AE30B0631C7B82328EB2F6FEE03D3F0
:10FEE000E7C826B0B4CA0C7F45F2CC01FF11020965
:10FEF000DBC912E845B7DD08FAF4FBCB3D273E1914
:10FF0000E3DC50E421F090CA11488F08B91D02D9F2
:10FF1000064EE5D6FCEB02171DEB08FAB2DC4133C6
:10FF20000301373E4CF8BF291E08E524EEE3093EE5
:10FF3000D9D84F4B06E71C17020423FE25051AE605
:10FF40001232F007E8182C1B13E2C32E03DA2C0A36
:10FF5000F8DD0F1420FE05EEF7F50A39D3D5D7DC0E
:10FF6000E40CF4DBFFEA1FFA02EC044345FCA8F4BE
:10FF7000F0F3C3EABF340C04F3B6EEFEEB0411ED6C
:10FF80000F42E7DBF9F511DA1B16C5D4B9F877395A
:10FF9000F4EAEDB30AF60F28EDFB36E3CAFBF30BE8
:10FFA00005CFFCF9D6F31DB9FCEAD622E03BE8F117
:10FFB000E80D38FB30E91CE023D7123E0BECAEDB3A
:10FFC000120EF714C8DA0710EE1BB223ED09E6167D
:10FFD00009D6020A44132F21E3D622F8CE0A2903B8
:10FFE0000FCA67ECECF39A1FE0344C1D0CEE2CE1C9
:10FFF000DE021021321CD3F4DE1B12E4031C25E7C1
:02000004701971
:10000000E7E1B1E6B93806ECE020B1D9DE2E5021A7
:10001000FB0BB9C824F611E9FFE1E1F1D8F034FB9C
:10002000FB00E2DF141CD807ED3A0FDF2CEBE906EA
:10003000F828E120E2D4CE36050617F5CE1733DDD9
:100040001E0BDFEAF60DEC1CDC2A482A36E9AFEA83
:1000500021DB1CD7CBF1F4EFFF2939CE0CFFD927D8
:10006000E51D494BF6E1D926ECE8DD32F81AEDE85A
:10007000E0EAEEDFD0F4F8141B49283EC714FE0670
:10008000E72C04E8FC1AC3D821B8E20329FAFA03E2
:100090000CE2E1BD43F439DB0B131AB92FCEF6F1B4
:1000A000F74EDAF64FE7E341E6E2DFC201D3020F93
:1000B000E312FD31D0E8A22E1FEAC6EB0212B7F61A
:1000C000040329D143DC2DF60EF1C635E708FA1CEE
:1000D00005CD1B0C1A00D91DEE0536E50DD9FC1314
:1000E000F501394E1113C41C1CFFDED72A00B423BE
:1000F000F1183407141B111CE7EDF531F03CB9F28F
:10010000E6D4E6C4FE091506010C0FB4DAFD4ADB9D
:10011000F9EC26CEDBDA3E020409FD161BE249DCCF
:1001200026D829BD2BFE133508EEC9D8F627C907F6
:10013000FDFEB9E527FFF9CB09030EF325E1B42C49
:100140003A2420052E0ED81FF1FD0B3CCF39231782
:1001500002223621EDF11CFD1E1D24090015F4E4D8
:100160000FE925F5D4D5F800F3D7D0E838F72B26DA
:1001700023E4DA3B11D92D4500EC31F0141520E3CE
:10018000FBE206E6E5DE2CD4F0F3F53C1A04F8F2C7
:10019000FA21B6D2EF19621EF3FAB1E0BB1AFEFDE6
:1001A00017CA002725CB39C403D5C3FC1FE2E006DC
:1001B000111D02EABED30819FFC40F9C3203112E91
:1001C000FABB000E70F5FDFB0BF211E5F6E7FBDD67
:1001D0000003D3E8D314C3F6190E2AF9F41DFFE780
:1001E000E605F31125ECA8170C4D523EF50AF20B6B
:1001F00008FCED24F509172EE9030CE2CEFEC0FB46
:100200002C4B002C10EFEC281003D7C03919C40C6C
:10021000EB1713E641CE1BF51E01E30023FD1E0084
:100220004D55193FED90190AE5E4CABC1904F906C9
:10023000D143F413D7B3003D4608CC150AC535EABF
:1002400010FA1D07FC1534EFCBBA2C03F15ACCCDB4
:10025000E2C8EE8117C6E60FF323E2351BC5084B53
:100260000ED9C728D4F82E3F2D34240FD91808F4FE
:1002700020FDB7E41CBAD2FCEA01E649FC26362987
:10028000C9DE22DAF9463334EF08E8A4F7DF010BC0
:10029000EBE938000B215E49E20E22F8108159E3A8
:1002A00001471E61E6CBC5FDC8C0BF0A249C4FD3E1
:1002B0001D61E52C1EFFCFF7EC291A091313D23765
:1002C000E31EFE10E8C40D1A120910ED093CEADD28
:1002D000020FFFE335F906C3F12BD033E4AF18E882
:1002E000EA44F8ECE5F2F1FE0801F4FE21F80225FB
:1002F000F737074B1CBECCE4FCDEE8DF0A2FC3E96E
:100300001BAB25AFE424BFF82C0006DD02D6E611B6
:1003100027D921BF12482EE017EBE2181CB03FE8A6
:10032000C6E305A30703533AE72EF3DC331414E5C1
:10033000D215D70E06E4063BDD12E918F7DD40249E
:100340002823DB2A070DCC243E354105E932D5DED2
:10035000EB27FD3C0ED2E31CD3E35419E9BD38E58D
:10036000F439F23DE132BF48F300D63308D336FC0E
:1003700017021C10E329E93FD313F70A061BAC1E32
:100380002AC316D012701CC90AF3DE092CF8E53313
:10039000F314EBFC2B5115280D15F00D0EBB08FFC7
:1003A0002DFF0C0F343AFCE9D4ECEFF116D1134ECB
:1003B0002C145813E7080D202E050E09F115EE2117
:1003C000FD31E41319DF0315DFD31FEC09ED363FD0
:1003D000EF221943FCC3F040DF07F727F3D10218DF
:1003E000EBF8E658C0A7D4DAF5F43D1BF30DF81886
:1003F000D95202FE250FF24CFCD6013E130D3248B5
:1004000007E5C90EC62ADAB6D41AD61136283D0C2D
:100410002A38C3F0F5F90D12F515E2E0F1E8C64609
:10042000331E05CADC614CA03F43181405C2ED1A07
:1004300023F90EBFF71A3ED306AF2E0912E1411E73
:10044000D03C0E19C7DEEE0CDAE714431130BCB80D
:100450003F1A11282A03CC0FC033F0CE06A3E4E0E4
:10046000CEC1F639EF05DEF417FCEEDBC2F226DF73
:100470000F29EAC6D8170E0810092026262AFDFCE7
:10048000061C1B463AD713F647F9D5E82936F3067A
:10049000C301EC410F2DC7E4D8F8DBED1E44182D45
:1004A000C4E21F2F2630181305EB0F1208181B4C3F
:1004B0001410EC01EA6304AAEB3CCB098603550E49
:1004C000C33AECD4FEC5401B02C4F8F4FAE52BF0A5
:1004D000E4231611270A0EFE37E9D008F4FFFEDFE9
:1004E000DBEB25CED1E1483A1620030B00B4BA006D
:1004F0000A0AD5ECF112EB1ADAE7E3F8CE09362E48
:1005000042DADFFD271C0309DBF6021B4528D80F62
:10051000F5F1E8EFF0492CE35A0DDD295E02CF1624
:1005200062F31DECF44404ECCA1C23FE0E0DF51A14
:100530004931DF0C0FE0FC1AD733ED152B400FEBE0
:100540004345C7148B13D521FEF5FBC64FCE141DB2
:10055000FF0F23E04BDCCB15FD0AE3E825F74D4FF9
:100560000E49E12819F422FDE9D355CFBFBDF1F8BA
:10057000DE10001DD6E8B6F01DDB15F40301FA13FA
:10058000E9D943F8521EF410FA2CE11ED729A6042B
:100590009ACE142EB3E711142A05092C151436E54A
:1005A000D0BCCDF7FA4338DA05470B05A810F9F7A8
:1005B000120C0A2AE0BA390AECD4EA0FF0E224F06D
:1005C0009DE82428EF3435244C03F7C4062524E5A0
:1005D000401AEDF70639E12B3339C036351E14E1E8
:1005E0003B23DAE0F132FFEE64F1D30C4F8B3F2A6C
:1005F000F337F508FC352D181023F5FCD83A2918E7
:10060000EB1BF7BE2BE70636D8EACB4D927FE30211
:10061000DE193100F64FC6E7C5F81934101BEBE8B8
:10062000E8E1F41B41D0CF17F31D2122C90518F8CA
:10063000C4F425D7DEED1CF0FDF2010F29B7141E1E
:10064000DD07AB09E2250ED3392509E0FF080EE1ED
:10065000EEDCEF1BCB2F0D13D8EDC12800F0FF0A05
:1006600009CE33DB28C01CF1C1F3E3FD07DEF62021
:10067000FEDCE4080FB6000BD1FACEFA232922EAF9
:100680001FE9DEF8EAE2E224FEE51420AE60EA2883
:100690000F1208F7E803E8F2BE27F82E11BAF7E3C5
:1006A000222FDA10C001FEF7B3EBE201E3F2E1F82A
:1006B000C40C23DE3B0EDDEDD900E5EC2BD2FA04B1
:1006C0000731CF271A4524C92AD9F6D5F022F835A3
:1006D000D305D930DEF7F727C7FC071F56E8B9283E
:1006E0003DE8DD0F51D5E72A3E0EF9122601171617
:1006F0002649A1491732E4CA0BF0230A3908BCE99C
:10070000280F1DB82C162242F7E00231F2F730050F
:10071000340E2DD7B91E0623141ADFE236F245F93E
:1007200043E2FC05193CF20DC1F1F4252DEBFCCDA3
:100730005714C80D300AEFEB6D060D25091AFB0999
:100740001F171E28322527BD541D05FAEFEBF72889
:10075000CF16F8262E5129BF2A191AE5F70B45E6C0
:10076000003425273E1B18290DFF20E1F5DD311D42
:10077000C71BB52E41220BE4273907F1D4D4EBE592
:10078000DCD0E3CCDAE30959C9FFCC42251C23D8DD
:10079000E3F3EB0A140BD3EABE3CC0F88C15E5AFCB
:1007A00047F5EEB9C713C7FFDB3EB8744DDF2AD655
:1007B0004B3DEBCF1A2ADDB7E52B2003F141E9DAF7
:1007C0002A02EF36CAF235A45B01F0C52FE4F044EB
:1007D0003431F77FE4182E9440FCFF29E6E7DFFA76
:1007E000F038D92D19F3FAE826D6DA161FDB1A17D6
:1007F00026372AFED4CA2ABC00F3BD2C7415E4BDEA
:100800001326440F7F5CAC3EFAF3EA303CED19B39B
:10081000F9EEB1B44F1FC1DCE2DCF701A33BEB0AF8
:1008200000FAD6DED6FC1E2EFBFDE2282CCBF325EB
:10083000D1F811E2F93C54F0CE25F6DE972EF745BB
:10084000F537EF16FF005019DEE2021C16E5DCB6A4
:100850000631AC37E7CA12D2EADF25E0CFD112C3A6
:10086000162029D2A8F015FEE3FB0D0AD9092F287E
:10087000EA2599C9DC1A090C00CB2557D92B37D3A7
:10088000FC05151D19D4C8DBEE37F505F80D171753
:10089000E0F1D5D0F31AF2E0EF22CFC83E030137E2
:1008A000ECC63AEB541121E40322D6E7ED281442BA
:1008B000F5F4FEF11B38F82117D8E1EBD52415F239
:1008C000053FD6FD282C37E1EF201C41E901C3E5A7
:1008D0000621F621A6F0D23BF9BBF6FEAA32FDE3D3
:1008E000F91604E61DF8E03405CFE5E700DC3E002C
:1008F000E7EE140BCBFEEFE9ECCF4503FFEF2D172E
:100900001B12ED310EE3E2E92439C0280AFD002173
:10091000DBF3D049330AB715E6D812CA431400E313
:10092000FEF5FD2B5A13ADDA0739C726E446DE4241
:100930000CC9210605C7F61EDF06F30A2A1E20EAA7
:100940000AFEEB19D216391210192AF9CB0DBBFA8F
:10095000F0E5ABBAD40B1430E1D221C4BD1A163481
:100960001CA6FECBC11D60DC0EC7DAEF8FDA2B2E82
:10097000EC27F2DB1735CEE6120D4603D3D645360B
:1009800005200820FCD6EB24F11CF14E2605DECC18
:10099000FA1EDB092302DAE7EDFE16064008DC2426
:1009A0001AD03D3EDC0CE1BDF801FCE73826CBF265
:1009B000E3CEFBDA0E0740F8F7DFF607EC34C7D7D3
:1009C000F014E7E14206550E1A0B06FABE05D926C9
:1009D000EFF90009311BE6DC02EED6DE171645D72B
:1009E000F2D8F7F903F42D2B0FCE001332F101D515
:1009F00004D4D0F5DE0350F3E21BECB8E0CFEC34C6
:100A00000323F6EAC8DF2C200E0AC7FBE0F115C766
:100A10002B0DD907C9F0F0EA261F3531D8360C0264
:100A20002A220BFFE2200E0AE9220CC3140805E774
:100A3000F73F23D21C0B07EFD9F8B111342F4FF930
:100A40000BEC2DEEDB3309CC07D541C1EFEBC5F93B
:100A500000C3302CF709460F0DBBD40CDEF4FA1995
:100A600011FE27E1B6E5172EFDBCF8C235F82924A2
:100A7000EED3E51714074EECF2F51BDD32D0E5207E
:100A8000F12FFAE616EE0AE0F10431231FF9DFEA4E
:100A9000FE26E91F00E6BFBC181D0BCB0827F34656
:100AA000FB0CEF1220E5E10B08DBD6E5CF345F1637
:100AB000E824F6321802165FE9010004F312163832
:100AC0001FF7ECD6FAFA32FFFDF5003B071FF02ABC
:100AD00019D4E3DEF9FE16D5FFFCEE15E2FE240B79
:100AE00006C6B5CF3D0BDB2FEDBA0F01951534FED1
:100AF00013B525DF35FFD2110633EBE6C612F13A06
:100B0000203BDE20E1EAF42EE31F3905DC241C4201
:100B1000DC272102FD2DC9C6C5DAA4DD260D9CEB1C
:100B2000E2E726DCECFDDECAA1FDDA012C4EC2CCE8
:100B3000D3ECD3BFF3AACD0E02FFD00807D643DE15
:100B4000CCB413BB2A1D0302141035FEFBC416E5FA
:100B50008E3BE3E92BF5FFE7DB53D5F60FE9DD2C00
:100B6000C4DAD194FBD91FCD0021E7291AC1141290
:100B7000EBADDCB83E4938F8CCDBCEBFF5B126088A
:100B800035131029FFD3FC14D0EE31DB2C6EE43387
:100B9000D7CC5DF9ED37FDDE060BF21ED94B18D030
:100BA00038EE2B08050D521CF3F821B3D349B7D901
:100BB0001FF01AD3F5C9052EFB0C1E1CD89E34F469
:100BC000090703D217DA1DD7DE23C412D9C304DE06
:100BD000D9D102FBD514E9D9DAEAF0DB04CD4935E5
:100BE000FCF2ADC62BCEEFC7FB37D7FBDFB3533BD1
:100BF000480A2220FA103913F72BA91D2ADA020518
:100C000003FA0E2209CCC703E70624FDFF72B514D0
:100C100005C40AF3FF3506081CB01937F6DDCFEA24
:100C2000C5C93408B72DE70A081B0A2B381AD9237F
:100C3000BFDCF713CDC04401A4011517DA231B5AFA
:100C40001BE513E7F7F426F90A26F7390CF9F21E2B
:100C5000FEE9F0C61949BE12F8CB18F4E01156D1DE
:100C60001E2FCA2817A75618A2FDFDBDDE120723A6
:100C7000FD06E0E227E1F310FB3B1D0BFCBD10C5B8
:100C8000E725DE061805EFC812CDF9E31B69030757
:100C9000D0F7D9FF1D46E5FAE2FDCDC9091E1912AC
:100CA000D41FE12EDEF60BC81CD2D0F52C3B401A27
:100CB000C50308EF27A6FB010D0DF612EB24D54D59
:100CC000F0E5EDC4E2DF21E9E4371419070F4EF631
:100CD000160705CF13ED11E939D817E7F2070FFD15
:100CE000D7D90D07ECE714E810F618DFF415412BFF
:100CF000FB1DA59F2C3B1224DD0201311ED6E71FF0
:100D00001FE11AF70D13DAF02E17DFF82828B0B616
:100D1000D200E4F8011510F3E119EA4CE4FE1927BA
:100D200021D613F5D61D1CB3F7DCE0C008C4313A58
:100D3000FE21D4DC0EBC3DEFD814FBBFCED93D253F
:100D4000EEF90207FC1A3033E7F91E12D8E52EC07F
:100D5000CCF81D10E8DC3C0CE608C900D52D23C0FA
:100D6000CC0D0FDD170B05FCF915B7F7A72C68EFB5
:100D7000C12D0EDA06173426F3EDBDD1D4172D0997
:100D8000D10DFE0EF4BD03FCFF0F2442161AECB980
:100D9000F60CF631F00EF6AEDEE2FE42353BDDFE3D
:100DA0003CD6091B2D4A39AAC326E3FDF9E4DC54DD
:100DB0000E26D03821FB21C3CC0F813123052BFE19
:100DC000FEFCDCF0EDDB1F5F182D4C11BD1A0F0689
:100DD000CDF0E5D40AFADF1D1A1A3503342808EFDE
:100DE000F90FCCC7DFD5E32FF5CF2324D6020AFBBA
:100DF000F6EC07D1D0F1FB44F20CFFCD075FFF50BA
:100E0000E7075BFD9F123217D2E7F2D8062042E1D6
:100E1000182810F0B5E1DA32EF3AC1C0DF5F8D1D5E
:100E20001B01DCC41C0429D45F4726EE86B4BC2910
:100E3000C7D8DB26C4C48BD03BCE16ED23DEF7CB60
:100E4000CDC40E20FEC8E8F2EAB9F85151FA3C3A96
:100E5000A8FB18EAA929BE550AEBD5A5C528E1D8F3
:100E600038E0D4B840082EE4D14010FB38452ADDE4
:100E700000ED183951F6C625B4221D0FD3E4E50D57
:100E8000A7D71E0BDB2E3743C6EF22FFF260F6B169
:100E9000BAE9F9D07F4AF8AACD04D42650031FE05E
:100EA0002CC5DA1818F273B40589CEF0664F589B3A
:100EB0002DBC3E2ED5EFC9DA18A9B00A492C64DE44
:100EC0000C0B227FC1C44109436131E734E9A6D943
:100ED000BC814D3923E20E81E363B8CA3C18F5F3B7
:100EE000BF21EDE608539FDAB7A2C70DA75AB78F07
:100EF0005DDD1B02FAC3F4252EA0063B0AE54FC3B5
:100F0000D2052B3B04ACC32AF007D1D52D0694FDA6
:100F1000DED2529EFABAD11AD3F1B65D9CF71F13F6
:100F200047EC1903B7F48BFEF59CDE38D5AC1DCF2A
:100F3000BD102CAC5D03C1EFC8C2B0DD36F3FD358A
:100F400039FD4FA60C09D5ABE798ED29EE581CE901
:100F50006FD643DA08F41A15E5960E6E320C165663
:100F6000C444F1CA19040E32714ED502CE002A6271
:100F70005F3D4F5611D07F24A8CEFB4C07240E05B1
:100F8000CD1B1411E3E7DDBC31F6C9004DF4265A40
:100F90008A083039DE38BA67E13A2FA2C71A5B5D9A
:100FA000FFE03C2B1DB5D6A3CC9E74D430EBD24BC6
:100FB000DE3867F52421CCB375781639A5F7333EB2
:100FC00034D9BC340E1ACA9C26D80425494642A5F9
:100FD0003F72FB67FEB1E94C01AF2F7DFD405FC260
:100FE0002520C421B72F003F54A70660850E25FD9C
:100FF00016DC18E436143DEB331505CDF6CCFDD3E5
:1010000034B90F151F6BE5B720FEE025492DC3A2AB
:101010004A2808BCAAD3CC0C55E2050AAC14A6D1C8
:101020004F43AC10294DF62DD039221A4E4BA21445
:1010300003D5F8DFFD7FD9C62B04C9DFC0EE54F21B
:10104000B20AB135160EF617D8EA27A02443B2DB50
:101050001718ED2EA843DF2DF7381154C038351777
:10106000F1495BAE4E089D97BE501C11929959F7FD
:10107000320F26B1BF14F0EBC837443125D4B21576
:10108000CC20C83B061EC60A54470EB41DD43DD81A
:101090002CCA592556C9241A162ECDFD28D3FD3742
:1010A000A9A75017CECBF145143C36301919D5E518
:1010B000FD072FDBDEC4F8E22A6AC43F10C99B4952
:1010C000391EE09233DBD5F07F49953B9EBA08D7B5
:1010D000D114DD243F2E7CF0741DDD96F2E4103631
:1010E0001EBC3D07CBD45B0E5DB80334F53F36D351
:1010F000C031F861E80CBB44F41A92DB7F711454E0
:10110000BEF6B62C32020E30D4ECD612AEFC2D9ABE
:10111000DCD9F5432D2411013133C9D5F72FF9CD91
:101120001C50163125DDF2105A48F1EBFBF8D9DCE2
:10113000A7460D3FDDF3AE3E3DC4FD6436241E0AD6
:10114000EA5BEEA1FEC60AE2AA0851DBE102A18633
:10115000AEE906AE2AE92541D0C3EE171D5F25246E
:101160002C15B42EC51063DBA5E5F3EBE5548DA477
:101170001955D33ED816A205442F1FB300A5D94454
:1011800017C1DAF05145D1B4DA257FCD1302CF1E55
:10119000DE2A37BD1C6DD7D9361FA904524818372F
:1011A000092D63155932AFA359C919B6B309C11A2C
:1011B0004110F185F3BF2EC9F73F38F1D832C1276E
:1011C0009A3BE62144FAEFA6DF100B36CAFAF31970
:1011D000E0AA4F1D0DCB1E280B8DF320BFF123F885
:1011E0003EEFE6C316E2A448F2C1E6D2E05116ACE7
:1011F0001515B750189608B7480EE9D977FC42C3C1
:10120000F1DCE9EEDA1B0E25C20E3523F3D894F794
:101210002D355D0D4EF120E239BF26D3E73B4DE879
:10122000280FEEDDB221DD913A1BCB25DBD3D7F7BA
:1012300049ADD4BDDD1A090118D068080BF21B2096
:101240002AFB19203E0625361BDF514849C40FD919
:10125000CE44963BF62BECDBEC105A180F1132DE25
:10126000E3630AED2049AB10EC3EEB19F30D8D3230
:10127000F3FAA59F50082C132A0F156DC1F3D3E381
:101280002314DAF2BBDEA211EC2EF4FF53E4E10DDD
:10129000DE2FD9F430EB96E71A022AD5C5D6F540F1
:1012A00021F71E41E8B21D10E3F8F3F722ED950A8D
:1012B000DA30AAAD19DBF13C02D21CE713C7F3EC1C
:1012C000D661B6D4F3F7305BD0CAB02BCDDABC3CD4
:1012D000CFBCD0490CEAA3D4190B2D1C18E135055D
:1012E000CEE7DBC443F6461619F6381EE6283E0460
:1012F000B9CBE6D82A28B1C245EF3FEDB90561EC7C
:101300000C2E9C96F13127E7D0000844A2EBAFDD0C
:10131000243BDAF9BDC14EC82F6BFA3E1015550EAD
:101320008D18B3B94112DFCB9DDE349861FA30B627
:10133000AF6F89B510CE07053926CAE6230515A576
:1013400037F1DE48541AE4F6121EEFDC231044F3A2
:10135000B032B163C3FC1340031563D6E6D815BBA6
:101360001CBDA412413E16CBF753E43E3D12123B86
:10137000294EE1EF932F040CDB4AF45CCCF0ED092D
:1013800038183D31A108EBDFDDAC68C7A62F913ED0
:10139000321CB49E4BEBA75854EA7D392527A2FF97
:1013A000AFCF93D1414018E8B0021EB414112428E5
:1013B000E3BD452D1C02C236D54C0362BFEA24EBC7
:1013C00040C4053F2FEFEF2C04FC25F2FC18FAED8A
:1013D0003ADB0C42EAF45B0D25A90E1238195E10B7
:1013E00058011D6613D5C6B6FAD64847D12514CC88
:1013F0007EB471BB4BBFCFBF28F595C1E5DA33DEB4
:10140000DA6B694BEFD4D5F123F4C32BF9DA141955
:1014100045333041AFBD272755D7EB71A2C72445CF
:10142000513F9C24F7E1F62105F4FB26FCE002E69F
:10143000311BAFAA31373EF91CF134D00B07B25A39
:10144000BAA9C9ECC524180C053F40195A3BC4C1C0
:10145000E0CDAD340722A3CBC406FE194558FD0EDE
:10146000F6FDD21BA1DCCC5C24172B4FA22840191F
:10147000EB4B0EAFF67FF618EC2C4BDF0B0855EC60
:101480008121C21DC74329C3A626E8FCAF11D12E76
:1014900033DB254211DF2534F4EA45D409230AFC65
:1014A000CC5B31D34FD038172E050DED32B1B8ECEF
:1014B00054DFB760030621F3E30306A781EF81C081
:1014C00043AA353C2027E6C8263F6EDD4FF107EAE8
:1014D0002AC9FF4D2F0811FFDB810AD14227B6EE42
:1014E000300C115E67DC112FC60D15B063F3E800F8
:1014F00011F9A61EC6EE4D3843176F7F18E29D39CD
:10150000AB0FCBAF463E41F5F52F81342035982EF9
:10151000D5273F12D8FA4E0212D41C122FEEFB062A
:1015200032F2D1F8F9EE23E057A4C94436010E3A5D
:101530002E0162F6BF5430EDAD28C214530519C513
:1015400047419B3DA705E0F8AB2600214204F67F0A
:101550002B8D29F146ADB0F6CEE50752D1F8C8DAA9
:10156000F7D4FF0DE327F6039F49CEB5562EE32AA5
:10157000C60C7E1EF7087D31DF1FD5F8E04F002D29
:10158000E8E21D53B7D1C1BB7F31D39CEB1AE8C150
:10159000BC43291F0ADF29CAD128F2160D7723B0D0
:1015A000059A435E1556F7C4073EFD04B00B6AA7C3
:1015B000C540CF47EFBB201DF16921E538DF0B3077
:1015C00066386041671C63A158F9FE28E9C029AB61
:1015D000EC0FB4BCFF0D4C2157C957D7141226BCD1
:1015E0005316E5D4D51A22D0D2DAFF14AA0A3B2D1D
:1015F000DFFF3F4459FB2F1A0AE6D0B194E28FEB8C
:1016000034202FF936DF1A3E813234DE37E2DA0534
:1016100050E35C45316422093E489B373F513939DC
:10162000F2C7BEB3A4A791D238BBD6EC49D01521DE
:1016300025F6C4B0F8E754EE23841DE5BD27F5C1B7
:1016400001C221E315F9E1F818A81DFBE53A5EDABD
:101650003627C0D7FC2201F358E508642B00EF2A97
:10166000FAE7362F52462D592B8D14C62607AEEBBE
:101670002F9B474081D02C20C0CD2721283CE7ABB1
:10168000F6E8F0084EF9EDFBDE1E64E725A2D71060
:10169000E7C8B23C03FCFA39002B442BC6C8C64F3E
:1016A0005357343EDC28C13474C7A4F822C7FEE384
:1016B000AAD1DDB9512BEFD5284CD6EA7981CD6678
:1016C000FAD033C1550BFEC9F6FD7FB54C4DF6344B
:1016D000F76546DCDC05176069F1BAB017BAB6D514
:1016E0006D670603DA1FC5E00932EBB90707B7FFDC
:1016F0003A0D02FBFE0DA016D80D5BCC1C394A6CCE
:101700003E8DCEC3C6E8FCFCE9C24A2CB241256836
:1017100058A7D541C0030936ECE1D5CC53B2C72058
:101720005EF13CD1FE3A285BB90611C4BD15DE3C22
:101730002FBFBAE1130FF611AE614F4040C2104CFB
:1017400000B3125920D3253308580FFDE164DBA7FD
:10175000D5510D43D0A8D9DA996931D72C0B680A35
:1017600005C6D521BF001C0637C99E06B6DE12A9E4
:101770001AD849C408F43A4C50F82753B6A1F133AB
:10178000B8AFA3E34EA5CA190CE14CFDDC35EF1C44
:10179000CAEB6F0AEF43EFFFDFC77C08D5F3510CAC
:1017A000BB0CB8570AB5C81FBCF56932BC1BA9CC25
:1017B00046EC0A2A042FC0BF57CAF9A64D2FA7012D
:1017C0002FB63ABA29F60FC834F1CF3EC7D59DCE11
:1017D0005FF7F0BB410E5255134733BF08151AC4CB
:1017E0004A9CCA082CC9B93BB1101CFCC655E10083
:1017F0002CBC040AC3F7D9B4CC40452BC4E943F050
:10180000BB7FDFBA8E7F3725E0D301B9FB439D2D27
:10181000D334160C1553D338600834C502071B3176
:1018200010232FD0E6A2FA2481DCDDDF2C33482BF5
:101830009612E635A9EA33EAC7D3BB0AD00116CB24
:101840004FD63DD82E1CD1085BD8DEE623E10DE251
:10185000E440E63F4A31D9CF15B12B0C2BFF3DF4C4
:1018600008E1FFCCE5F75B4235AC3A26F19E17F272
:10187000CFEA43FEC33AD8E7FC19E637EAFF19E49A
:101880002318031EEDED4C53203D3389CB0F29194E
:10189000F3FBDBA2371A4FA6E7E6ED28501529B671
:1018A000EAC002F329AFB161CE2700150CEBDA3B99
:1018B000334CFC45CB150AAC09C9EA4F5EFE08CF94
:1018C00098F234F0DDE9361EF8030A87FB29AFA948
:1018D00041F3F51D04ED4726E527F422584C04D9C1
:1018E0001EEEA31D2EBCC019849422EF1A201909E4
:1018F0003548D02AF824DECEBBCA243F2AD9CEBD33
:10190000F257D90825EA75123D0D174BBA46F6F97C
:10191000FFF6FAF2EB3B0360C1F04AEF0DF3E95F2B
:10192000323670D3E307E2AD1C403D90E416EF7F02
:10193000E351E939AB46573B2B0BC0E86CB6BA2FE5
:10194000D12726CEB7C735BCEE1509C77000DCDA43
:101950008CDF1A0081FFEBE6A9B44029EDF30243C6
:1019600001C9FFB5C5BDEC1DABC0B2E4D4E5EB3F8A
:101970000CEFBD5EFC47EF4912C51D3123DD07C1E9
:101980005151021F4FB6180EA22BF7A7ED0BE7F32C
:101990003E0CED3018E743C8E5CDCFE0434832CAEE
:1019A000F70C262297D732FD090792F423ABE80003
:1019B00000F41508E7DE07DE1793B823D320FC4AAE
:1019C000563D3AF7F23C48A8C4F1004651F6413082
:1019D000D6362CE8DBC0373BCAE742E9EA163D239E
:1019E00053DD2AE6F8B4CA1B23BBE0C963CFD8EBAA
:1019F00004E0FF02F960D1A632CAFB17CB35D3450C
:101A0000ADDB182FC3EB39A7D5B14CD5224CB91E8D
:101A100026231FA967084D101C32EEEEEBE561CEC0
:101A2000DCD3CA273F3E98D82B536ECCFAF8D3A804
:101A3000E41D4EB7D71B01F3AE22231FB0DBA02E4F
:101A400002E2EC00971BF9C9D6C6F535E2DACB1FE6
:101A50002F0FE906F9FB8137F9B391DD7C29FB955E
:101A600008FDB231322452D70A0E3CEEC3D620DD37
:101A70004AECA34DD1CFCBEA0BBEC70C304BB3E43D
:101A8000F2620870DB2B1849EF39BD5B34B8544E55
:101A9000B3B99DC5020C35DC3CD8414D14006E61D4
:101AA000C91E0E24404E1313E5DCF2E15BFFD12E7C
:101AB000CBBFFECD42410DD4EFF4441B6D2538F56C
:101AC00076167FD903FAE6514D02E31C01169CEA13
:101AD000C70FE64ABFA9DFDFD892F7BF564026BE40
:101AE000ED0E42C9E3EB5D241C0E5C48A7ED2EBF52
:101AF0004517C5464244D5CAF33810FF0FD1A49B01
:101B0000F4E904CEE95538F04E34CAF025FABBACFE
:101B100035FD2D1B39BEDCD0C110DA25494A152E02
:101B2000AB36FA8132EA3FF70AE618CF4ABCE4D373
:101B3000BD530FC446413DF33AA858C3DEE163C725
:101B4000DBBB09F6C733C8CBF674EEFCD15A0103F0
:101B5000F3FBB0B616FBB8DF37AE28DE29FFC13085
:101B6000F241FCBC51CB14C2EEC0BCD10706B0C0E0
:101B7000EAD419D0AC884E2337CC191AEAC33958A5
:101B800004510DE0123A4CDEFD694827071B3FE780
:101B900038F7BFE435CB0604E653118150BEC7C207
:101BA0002621B039B85FF8F1311D210624340E33F7
:101BB0002811B9E242B8C623C11C4F10F3E09F3888
:101BC000BD03EFFA18321B342C104C0D0A8A046244
:101BD00048312EDE00B3091138C9CBE4D43BCA7CAE
:101BE000E73CA131E371B42DCEDD3B66E3ABB243FC
:101BF000E03845EBFDD6417FBCFDA8B9FFC82BCB33
:101C0000420ABFDF17189EC7FD07D4F71FF1B92995
:101C1000D11AA6C0D5AD43EFC1C134DFD5FCB9F1AF
:101C2000375A06B9EF3025F6F65EF9D7C8C85B38E3
:101C300014CB04DDCC674AAAD5BF3FB9E6C7F75439
:101C4000D30FF03ED9D6542BD53A05EEE4EE055E1F
:101C500008EB2407F6DCCE44F3CE4E1DBD9D03DF1A
:101C6000456D3ED5E5E5CF3FDFEF185B2A64F442D2
:101C70002EC1E15C24F60712133DB209CBADFECEB6
:101C80005DF02B510D0D1DF5687F1DB3ADD7FC29FF
:101C90003B1BAE99CE2110A7CCCF1BDBB5BE063EB9
:101CA000C0F9F23431D42DE8DFF865110C2A77152C
:101CB000B1F73133A6CF22E23F2E71F917290B5528
:101CC0001AE63629C6F645F2F7B9DDB2D040DACDCC
:101CD0000A081FF853F3C14DEB4741A0EE4F3133D3
:101CE0006B2AED13042D091E4302F93E6622B73715
:101CF000D2EF99D2F121CED2A82342AE2B0B24F2FF
:101D00003BDFDEE4132B35BBCF3A410B2C1AC30A61
:101D100050BF52EA03DD40E5346146F71907EC4C49
:101D20003A2B1E0E35D5E14BD1153D4EFE0BF9EE8B
:101D3000B009B964391D0108E45F2A8C1C18083207
:101D4000C1D41AC4B25DD3F0B1004E7211671CEC5D
:101D50001709D70E1C8AB2A2EC33C5F3CF910FFD41
:101D60004CF64A081A2CCB03DA36189DCC0A69EED9
:101D7000200FD21720F413040945F1482E227F07C3
:101D8000C7A8C6E129EE1ECA4F26343EF3B235235A
:101D90000E054405BA4F31B74BD001A5A12256E537
:101DA00046E4FD620FCDB921114D4DF1BAD7C94EB0
:101DB0001050FF971F27C32DE4C8006005B2E20C46
:101DC00031D4E5FBEDCB2D306D16CF17FE22BFFFD2
:101DD00000E40809D7BFD43F43F5CAFDF4FBA85D72
:101DE0004A0CE6D5C74B30DC2BFCD89D2ADC1FE122
:101DF000D502EA460EFA18E9C43320C5233FCAEDDE
:101E000005FFE7380821E7C5C6B9AD397FE9D7B482
:101E10000E14C84F2769D3CBB60CB62801EB25C1E9
:101E2000073245A0394CB500EACC21F1D369F30A59
:101E3000A8DF05FD062BEA4211D1BE2FD8C2ECAEB9
:101E4000E996AA15341BFF16811CBE2F386F430E6E
:101E5000F535D22423AC0E17D31CD8D2172408E0B2
:101E6000D2D69CEFDD08B6BDE6FD38DFFEA614E94C
:101E7000F5482CD31B24ADCAD63A579E28E60E3619
:101E800074E5FAD5FC65AEE100F5C47ADAD3FC2638
:101E9000E04FF4DB31F302BD315967C1FCEFC547B8
:101EA000FEAC21F406A72DECD6C65E3AE881DAD462
:101EB00018ED053EF7CE3EE4E0136006D3F05F2E4A
:101EC0003311261F1919C5F429FE525EF6434F1629
:101ED00017D7D2FB97C62AC9405462BA3128A64EFA
:101EE0001A3B2A2C04EE035ECF52BDD8E320F94101
:101EF00000DF2BAA36DDAC8EE3F6103BE8125CEE79
:101F0000E30D4ADEF203EA2902AFC9BD18D70BABD5
:101F1000CB384AE30EFF031AE70221A7F4081A4858
:101F200014FAC7FBC652281D4B512693BED899C937
:101F3000F3FFEFE6CF43574425596BFB17F6C12A51
:101F4000102C7F0E1E05A0660017C0E939D7A2B677
:101F50002EA3B6E0277031FAB5C2D5A42034EFB86D
:101F6000C2CE23FC9D2B1578E906143E07AE09C5A9
:101F7000B7F6F51A35C9E3E70CC8AB9D27131F392F
:101F800039ED48CF1BB23562E6D1C7FBE207C0B1DD
:101F90000406F29EEED3DD493B0ADCF0F1E562EC8B
:101FA000D266B45DCFC22954B119120E152ED1D00C
:101FB00011E1FF4330059EE11902FC5FB0A779CC27
:101FC000D799D17F001FD2FB04F6D8D41CFACE0CCF
:101FD00081FA1A2BFDDFF71BC59D32124242E14107
:101FE00042F90CED24D6B1324358CDC90EF11DF49F
:101FF00027D6CB37C2231AEA0BD83BE6DA4F05D9EE
:102000006BD441F3184421B40F2D13E2410A0FFCA5
:1020100001EEC6F5F4B20D133FB808A7C76BC208AE
:10202000B736CB0D03E0F0673C222C1D41D400C82D
:10203000D2740DEB58D3CA05C8CA2626FF178E24C2
:1020400017CAD6C50F4FD8EB4B5FC3EB30C7C422BE
:10205000B90B3A4AC8CBFAA410DFD838BB2601F82E
:10206000CDC30E75FAFB1233346E2B29EDB9DBEDBF
:10207000F9022BD35023356AC7FF1AC89DC6C90B76
:10208000BDE9FD15E24E1304311ABC511308BDD44D
:10209000F90B29A7CB663AD2C011B010F73E16DC77
:1020A000EE28067F04EA067304EBC42A0EF4C81F68
:1020B0004B39E3D4E74509F9C30BFBC403488A1A3B
:1020C0009ACB19D4A8763BCA2A6EAEC860EE3426E5
:1020D0002620D92CC836B66EC924AEEB27D3C9E763
:1020E000BCA6C3DC1118CA256316D738D8AEF028B1
:1020F000CCB8B4222A160ACBFBE9533A36CD29D8FC
:1021000058AFD96C03D2410B21E33B191CC646E101
:10211000AFECDED54014030CE1E1090D33A84BB060
:10212000F4E6D157CCC466B0ABFADF26810725238D
:10213000D0431FFDDFF41C77A04858191095E52601
:10214000E713330A0424DA30F3AD3F4C34FED1D226
:10215000B2C7291F12B34A16F0BE97F0F026F81A3C
:102160005021D02EB09432131319502B1495FE3AEF
:10217000E9391C7FC1185EA31E6951140B061F2488
:102180002C5C280A02DE1EBD71474232D319D05E94
:1021900029E1F8EFF32CF5540749E0ED9A56332284
:1021A000E2C0235E0A2736F607D60C68BC0E20086C
:1021B000E4DEDB3958ED2C6106E55D16CD60FAE111
:1021C00005BC93A9266D07DFD11FC2C1E0E1D2078C
:1021D00053CDC6E1FDBF191D0327F91B27883A4ED1
:1021E0001BF4501DDA1528DA41D227CAE3FA433826
:1021F00030BF1A1637EC0DEBBF45EF2313B502497C
:10220000C216B910F474AD160B7684C2DB03EE650A
:10221000E195932E4FA22236DC29FF164CF10215D0
:10222000F20229C3D0972DD63926DCAAC6DCE2E11A
:10223000EB25181EC9C81FF60B2F32F2243DD21809
:1022400034D23929CB5424B9B51E0FADC8C8EE3FDE
:10225000BAB54015FA10DD4A37E70DDA444096D793
:10226000BAED31F6139B31FA33FC12255640C161A9
:10227000C9D55C0C016EF511D0404A4CCE7F244686
:10228000CA33C1C4C5B8CE35CC2694D022D10FD71D
:10229000FAEC672BB204182315CA81AA1EC0BD042C
:1022A000109B062906E435CEDC1C2635350CE3E20E
:1022B000287312560BDA12F9F825FFEACC1E2E10FD
:1022C000FA630DC2DB3B2DDD3D18087F310AF7E9CB
:1022D0002F6EA9FBE2FCF434FDC11BF9F05C2F1852
:1022E00021B3C9B32F9BA9230634AF4631CE0AF7D9
:1022F000075BECCF292547F2292917C5E60FFB39E3
:10230000C9253744E82DD437E4A1D769F5AAB52FFC
:10231000451B7CCFDD33FFE0C53AB32A0745D11A10
:10232000EFEC0AE01DF7D2B226D9D226263FC1EB48
:10233000C4E51C010F5A421B09DA8655DB52BE0167
:102340002ED7FA23D3D0BDDED301A0100C392E54E2
:10235000204A2FEA1DDCE39E4922CDDAE03E288A9E
:10236000E8D7DCC03CFB11B930CA5924DE9DEF60D0
:102370000CCE2ECDFCF4E83620CEE8B6DDD9DFCD8C
:10238000E75A4BC0FB03C404D7A8CAC5F8ED003D0B
:1023900003E0F5C81435F5D0F00D543DEF9EFC1563
:1023A0000390B2FAE327A5B9D0A20EFDEA11BC044E
:1023B00037E9AAEC0917C9F0A734780F1D27551B78
:1023C00017DE1EA10A0E1F21CBC2DADB0BD8DBC73A
:1023D000068F3B4ED2E02419F0B03ED6B5BBC5BD4A
:1023E0002DFF0AD81504DE1D2B3CC1FEEE45C1DBD6
:1023F0002B3447DAC72212F8FE3208F7A7581FEC31
:102400000ED6D63318E70346E0A4E8F9DE1F183DE0
:10241000A41DC7CD32D9D9C8DA49D5481EB1172E67
:10242000D34F25E042FB1128E334A415E006D3C2C4
:10243000077F114CEBB5461AD42497DB44AEF16A02
:102440003F38C4CA0B641522F416E432F8A4B34D25
:10245000D3DE7230C0BB04CC1ED72349B9FFAFCA4C
:10246000D477EDDE1C2D4A13F2C6F3F5D0EB0CF653
:10247000E31AF7482F1F1036C8712BBD28003F659F
:1024800015021F38F47A10BBEE33E62A4CA4403212
:10249000346E4320F4E608FBF8D440C130F91EFD49
:1024A000BC016404812D7FBC16A3E7CDBCEEF2E72E
:1024B00024A1C9A1F7531244E545AB0C04C3262659
:1024C0000DA800BE152F195D1A39C9D6E8DF663F81
:1024D00019223A13B616FEC0B834FCEA2FD723DB14
:1024E0002928FA17D540E8D5EBD541174ED8DE306C
:1024F000FEF75EF5312C492981E11C204ED81FC022
:10250000FB553F340DFF209FD6BC97F9DEBFB5DEEB
:1025100027212BA61E51AD26E26D3FD0E4EA149D83
:1025200018309CF4DC024427CC1B4E2F05CFBEE7AD
:10253000CBDE2EEFEE346609FB45694AD25ED281CE
:10254000E2A526ECD04C1AD3DE3122F4D4370704AE
:10255000C162171EF1150D57F4ECB4E5DDA72EDAB4
:102560004773F8414C04DF02FC2EA261DF0529F419
:10257000273233D0441720DDFC50B1170528EECDAB
:10258000E25466A81FC3F736DB01F1DB2B39D2EE2C
:102590000A26CCD24ACF5B38C5CA55D5C8287FD7C2
:1025A000D6F3470A07DB41042E52C5CF461B121251
:1025B000A449EA31DE612DDBF9D29809815204C5C4
:1025C0003FD8250361FAEFC7B6597DB11FF43E4CE1
:1025D0004017D4FC2E74E72FD4C3B0F70242DAFEC2
:1025E000D62404A9F3DDB53301C5EED0ECC3AC317C
:1025F0004AC44114F7DD07DCCEE4CAEBEA3AD5FF62
:10260000000A4339F725BF0BDEE53A11EBEC111256
:1026100005E0EFD7F3D35F25EBE8CEBA15D301334E
:10262000EDDB32FAAADFC8C92D1B4867C52CFBDEDB
:102630000027EDF505FFD0F5CCE87C0FE4DF16DBD5
:10264000C5E8FE090B541E34F1CF35D1DAB1D24BB7
:10265000FFE5A83548B9B1E6E1D710B22F6CEBC45D
:10266000E80D04C80059FCECEDEBEBCC1B36C204C2
:10267000654CCA32F10BC513713B09E0ECE3CA01AA
:10268000EAF413C2E7813E0B51B2F854308B359413
:102690008F356601F3154C3A1AC37FF238B7010C37
:1026A000D00CA02DF83BD97F39BDB3F8F7284630C0
:1026B000CAF176B1D90F2865D7EE2ECFBC3DE326FF
:1026C000B33BE4B8F22C51DE2BE41403F0D4F4F65F
:1026D00028C5FA4CBACD224A320A3736C245EACC6E
:1026E000E3ED16EDB7C008F7BF0C4FE9054C37C155
:1026F000E9496A3B2FDD103244C318562AE60C0D17
:10270000FD2503C7BFB224F94FE111FFFEE2C3C9A3
:102710002B41046910EFE722CF20B5A7CB282DE08D
:10272000EF0D21E233CB0DB7F69C58ECA738EDBC8A
:10273000CEC15401FF5908CDA823A09A2845BB5605
:1027400016DBFE332A81D529F602D7F4F212E8F11E
:102750005921BB2111A2AD292BF7BA1806F82ADF9F
:102760003F12E0CD190ACAB525EDBAF2ABCF48D970
:102770001EFBE8112C74A3C01D01C21C8349152443
:10278000907FFA17F85FD22EA330CEC3281259FBE0
:10279000DDE533DC50EFFC9245D61BBEE7F02A06A0
:1027A00081E0A4061A0F110DF8184C41D200BF2683
:1027B0005BBFAEDE0DACD305F945A7C6352ED9AF4C
:1027C000D6F7269CD05E0EB7CA21B714ECBEC2D78E
:1027D000B6F815B225DB39D2F8CF1A813BD43031A7
:1027E0003BB213F8BC02E7F6F6F1A2B5C5EDE51869
:1027F0001DC13219D3EB06B425D9461731DBD212ED
:10280000C5410F470531F9444126DE25FA093A5BF7
:10281000492CBC271ED948EB49B5AF1533F7B6B8DC
:1028200008BEC2E9D34AB95F7906334E51D90C03C9
:10283000ADB1A13A9CD54B5AECFA99E19E46F7C14D
:1028400047B6C1C6F8D19B0DA3EF11F20B2D1CE4C6
:10285000D5FEE304B392CA06A4F418CBBAC91D0C82
:10286000DA05AA9BE7C1B0FAFDBF9912D25AC74850
:10287000F2F3113F53C007B3ED0FE932E4224F26C4
:1028800024004DE705CF3D26C3EFCDBEB8D0AB2B1E
:102890000E11ABC6D01703B7D9455858E6CF314B08
:1028A0000D62E9EF1988C50CEB242212DA5ECA1119
:1028B000BC5062CAB6FB44E7014D391CEC3927C352
:1028C0001A551ACF1BCF00D4B6D81CB0B55A012D5B
:1028D000203A1C13F605021F362222BCF855DE38BA
:1028E000E5E89AE8C9C8120A2D0B73122486381835
:1028F000D0341222B41F1FF71841AEADD784D9D1FE
:10290000E007D71F54771159F5FC46522BE428EE07
:10291000BBFD300FE51921423A2307DBE745576637
:10292000B9E2509D47DF20F4CF29D395C7FD14DFCE
:102930005737DFFD00DC62EEE60DA259CA450FCD28
:10294000311FDCD6B9E940E1AC5829044915A3D0C0
:1029500001CE925EFC3D02D93BA837A7030D811042
:102960004C40C0E4E2A953B404D5B08129BAB704FD
:102970006E360EF2D8D4F4E92948114EF1E5C914A7
:102980009734F1ACD958CFE4B39EF6DFDCC01B20FE
:10299000CA39E6DBD21228FAD20BF632C43C43C461
:1029A00050F54740AA2CE52946ADCCCFB9EAF9D677
:1029B0002BD9C4195738DDC02CEA5F35D30526144E
:1029C00040EEE6D0E311DA980810226DF42DEB3BCF
:1029D000C4ED290D4113B3FF3F23A2C9C7B73F2060
:1029E000031B13A1882BE925B5D5D185BA20D47D49
:1029F0006F3C0AC2F1E62248E72A6411D056BEF6BF
:102A000013BF50F9464EC72E43DE0B39A0B1E91370
:102A10006EB30D30356C10F60E30FBF960B6164B08
:102A20000D15330557BB15CF202413CE0D88D0CC00
:102A30006DD75FF2630D2B084A94C6F112E265E18F
:102A4000E2ADB9E109F731366A39B0133DEEC83E5F
:102A5000DCA782C436FB4449E105EAC00FAAF70CA3
:102A6000553BCC13F84D0940AABB40C1CBAEB56D68
:102A7000293481FE1956AE2EEAC1F0A3B300D43337
:102A8000231443C65FD7A12ADDD310A49E50430769
:102A90000649EC4BEE4E07CCE2BD36E0C6C362CF32
:102AA000F79BFD6405B49B34A4AB1282AD1D11E508
:102AB0001396D6173806D22D1A6CECFD4209D801B0
:102AC0002426F5455D53FEF4395757CD0FEA4E489D
:102AD0003E451FAF9C09DAC59AA3C41C194309B629
:102AE000612173E0981002EB5D331A4C747F422928
:102AF0001AC5FD55E6175FE6E9C862CFB5E751B3E1
:102B00007F174A481A46A03AD7D71E560CD80663F4
:102B1000C790AE1A621C1F3C409BB409B3F2D2D9D5
:102B2000EBDE4926D54E13DA0F17B93438CCAE9EFA
:102B300016B0FF3841BD81F4F8B62E3DB628A75532
:102B4000BC59BC183FED41402227D15616C9C5E8F3
:102B500067F0C64EDFAB10D23948B7CE3D1117D65D
:102B600019C70DF1152D0C3F1EAE84141E3B5E22BD
:102B70009FEC110922C136105706DC3C3C9CBC2C52
:102B800048408C81CD0DECB499F226DE5F5C0E23BB
:102B90007FE5CA43F8F52208D91EFF56C34954F40D
:102BA000D13EF637C535123329293A1C18A4492FCE
:102BB00091097F2AE917182814E907501C2DDE68AF
:102BC000FEC9E9B0050B4916372FDF1849BE4E8103
:102BD000BFB3378758B7FA02CA0ED26A421739F81C
:102BE0001E1807FED5725FEC094026D8457F32F9E2
:102BF000C27AFB2000ADC1B5B830DECCA3A9372F17
:102C000057DE33272608D925531FD5E622D0543363
:102C1000B9182FCCCE9DB06149070905A445395D8F
:102C20000F07DAD4031B01ACEE46E8C6490EB61115
:102C3000BA2DAFCA57942FE51CECF7F6B5C7139120
:102C4000B4408A1C1ED3FB41FE4EB001E6C740A92A
:102C5000BFE1714E6A587AFA21F80705F3A7D8F157
:102C600049F5182DFFF501EC1460BE39E7F426F79D
:102C70000F35CD5016119BBBF76B2B28BDD6600FBF
:102C80005FF516E40295B438D6E5D72F3CAFD0985F
:102C9000A60E1ECE4D424C1A49214352C70B14CEEC
:102CA000F4EFF43B39A5A9D13BEE2EE40C392F14F7
:102CB000C0471D7F7FF3C95F42CB0DCFEFBBEF9CB9
:102CC000D9FAF1C10BE6C2241B29111F34627FA37C
:102CD000260E09B8E6AEC3E7F23E69F54C4F1CD8A4
:102CE00094C2433F30E09DE742F4A839B6D247CEC4
:102CF0001AD613E706D740C154CA0FE806A817EB47
:102D000033DDD9621F3CC70832D4ECADB3545D2427
:102D1000E0F81FEE15043A115B043D66F413F3DA94
:102D20002AF94E406757274BEAE015E5E3D7DA9CCE
:102D300008CEAF0CC502D02A0DDAB9E0488AE1C549
:102D400040A433CA47E1E011F54AF735F5AC272C2A
:102D5000FAC60A0910490939B6CCEDAEF8E52CDC03
:102D6000123036B1DAA7D5F94BC7B5DFAB4237B56C
:102D7000E11CD4B2E79B98451318B51206162C68CF
:102D80002E5EB14120D8E4F211E99206B92BA30BD3
:102D9000B0E5CCE2CCC9ADB9FCF4B7D2173911CD4E
:102DA0001053EFD1EAE942D2C07419002AF8C05F8B
:102DB0003CF230130F30A346E635E73DBBF42CCB95
:102DC000FE2CE42DE7EC41F60AD536CCD51AEC0002
:102DD000234832ECD627493BCAEDF5E15DF2DDCA66
:102DE000B9011941DC19124FC4560FC1E173EAF25F
:102DF000C1083FED25310C0A12B700F920231BC88A
:102E0000D8AEF7D60AEBD604329FA4C9D00DFD0880
:102E10002993DA1120CD03A9043C3F1FCC1D3DA30B
:102E200022194CEAC956BFB2DE6ED218E61BC1E6C3
:102E300068D2BE49CAFD9501EED3F9BBCBB7D18D9F
:102E4000CCF6C14935C14F16DD521F1940C50E1AC7
:102E5000A4B2C5D32EBD251A3500D310C25EAA0D6B
:102E600032D2FB374D06CDDA483017F6DF4637D27F
:102E7000F5E805D2B2F2B2F6B505AFFE1215B4C54B
:102E80003C0CD8E191FD28BCF97BCFB9E9EFED12FC
:102E9000C1AE23E73201C9B5BC61005AEBD13D7C1C
:102EA0004890F9DF26442BA712F63DEDEF27CE0D13
:102EB000A83A28AA140E152E2D4704EA95BC44A959
:102EC000F8CFB6AA4EB2B5A214EE34C4C4595637E0
:102ED000C402E395F0CD1D8C4A3EF71BC2BFE3EE62
:102EE0001B7FFD48171DDD4D6B170A1BC1C5EE0684
:102EF00044B02BEFF40FD921140125FA5711F5F244
:102F0000D1D4401E1826DC22113AF8C500C6013B78
:102F1000322403CFF73F0BB4283AE630D34652F3BE
:102F2000DAFE141BCDDEEEB3FCCD0DC8EB252F0F62
:102F300002ACDEEA272643AAA7FF551EF240336CF7
:102F40005005373BCB00AF02EA55A6EFBC1F9EC62B
:102F5000464D2B953DC117BFC8599ED64338FC2C12
:102F600031DD4305EA3F26DB3CDDCEEBF6D8A87B1E
:102F7000153FE44F19DED6EC9E8A697F31C778642D
:102F8000B8A2C11D60CDC370DC4E4302DC21D1313B
:102F900052491650F92249FA381AF117FFF7306FE3
:102FA000081E1B4834091C0457D8E9593D7F43B615
:102FB000CD2629E22A44EC204005212B5524D1AF0F
:102FC0000A611DDCDD242BB120AD54C009E832B20A
:102FD0000DC7BE2CD988E7E0A42C31042429F03891
:102FE0003447D9C4101FECAA1457FC4330EBF251FC
:102FF000FE0F532624001C2E2908C2F892F54BB66A
:103000008803FD47A3FDDE87D4FF03CC34E055C71A
:10301000A30BE4450AF6F60C0FD7F3D82A3C2E365C
:10302000B71CBC264CECF3C933B3C5260BF1EBBA85
:10303000EE4846CD06062437812CEEDD330ABD0B63
:1030400067F5FAC70F086933CFAF71D8E11908FEE9
:103050002A53262DE541B50B191D09365CF3E6F31D
:103060008DBA46B02E4479320839FC0979E30F064F
:103070001C0F171AEDD56873501BDD26E406BDBA88
:10308000592241ED9847571395D18D116CF8B1F540
:10309000C9D3ECFEB4B603DB954AF55153C4B24A2A
:1030A0005934FFF0DC3D0915142C33F92A5903403B
:1030B000EB72E739315883D51F3E16C25905020815
:1030C000FF22C21B37630F61813DFB0BDF1DFE44F6
:1030D0002ECE3DC907F908DE6728AFFF2EDA7F7EC6
:1030E0004B71FF18E4011D5248FA5420E50BCCDF68
:1030F00023CA3535EFFBF1441789D113C2CD6A706D
:10310000F939074EA3151DA5F94ED5E351E7FC3F4C
:1031100052A01AE1E7AAE32B2341544502971E94DB
:103120003D0CB3A4D29F20342F303D54C14AFE94AD
:10313000F3B209FA14F9013956C4D5DCE6BF6615B5
:103140002346FBFA9C11516E340B0DE033CF48DC63
:1031500054A0444A8AE1297FC5E6F11C21A42360DA
:10316000FB3BE522FBFF88EC36C60BFF331A1158F8
:10317000B7EB713C15F26B04A62ECD2A70E8DF097F
:10318000D437CCD86EA8D6A1C1DD7F033A01DF28A1
:10319000BDCF3DFB1715CA241DB8A4952298F1692F
:1031A000E418253CF3183EFA72B9F822D663EB58BE
:1031B00050C508146955C35F355A21DD444FA9DC59
:1031C000662D32B6F91EE1F9CC6D7957AC2121D0CC
:1031D000D45D33BCE83FE3AEFB45A4272A0AB228FE
:1031E000FEDE06D3F40F014F15CC520CF99FD3200D
:1031F00045BA15D890560951003A2A50DE01CC1C28
:103200001D9B624730502F67EA7F0AFB2C0896010E
:10321000C810E06D2CAB9D903C41E8F34AEED4CC55
:10322000A5E8FA2E0416A9F2FAD1E9C93F03C6AF00
:10323000066BBDA7D5B8FC135005EACEF9C76C3CA8
:10324000212EB82DC812E1B6A52F2F1569E8BFDFD2
:1032500025F2D0041EFCC650A9A4A612E1363EF207
:1032600052C604290937E60B4DA4570737D6F5BCDB
:10327000C949D41D7F01B0FF3FB1E4AD4AAE25522C
:10328000F3D940F1CCD6413E245AD110022CD4BA05
:103290001A07C9199CF7111740D90CA74BE8016010
:1032A0004548F0E3CFCFF723F8E8BBE22B33F5FF37
:1032B0005B8EDD6311AFC65BDB12512783EAE82525
:1032C000DB0EA5DF00EDE739B8333654E21200C754
:1032D0001CEFE287319A2A4D36F7DDA2F9A9289E24
:1032E000CDDC1D9BE3404C310FC6D653B51AFB39DC
:1032F000CBB52D3777B6197FCB07F8405ED6A23D08
:103300002635AA9FFA2E053D3E302FEF3725FCE5E6
:10331000D0EC2745FCF47F0B9F363B4312F3625BF6
:10332000E42E47F57F26A5E92A1F4D75E7E3DF4028
:103330001408C52E2D07F51B2DD1F20A3D1D376649
:10334000DFF612E9E42AF14CE649743D5DAB51B574
:10335000C02E4F194706F74440FD132FB6C73FCD87
:10336000AC06C747C6EBCA4CD9CEEEC2E8631137EC
:103370001D20D4532FB237F23914CDC1F729CD1FF8
:10338000BB21FB31FE36E0B934F933040AFC092BCA
:10339000D623D836F6D9354B296D0DD90709385FB4
:1033A000443CB54D07EAC2E9EDD7ED4FC4A360B97F
:1033B000123ABD74D3955FE60907DA0B0A07D1D537
:1033C00003F9F9F1CB25E227FB0E37CDF12856C2E0
:1033D000084ABEDBE149414907F863E8EC711AF09D
:1033E000CB2C22070EBCCF2ED905A719A3E5E1A847
:1033F000E11E274F18FDAE1DC424E9D354C843D4A1
:1034000008D2F91B23EF3CD3FACCE92F1EC801D414
:10341000C4094402FB3152012B56E6FC93BA493BE6
:10342000F7CC6361D154F251B82EE807D0B3AADCCF
:1034300019F53AADB28181B23EE9961D0AC5CAA519
:103440004621F40ED4193DE52A9BE1C1E9275F0F1F
:103450004BBB45DEDA54E8271FF10E38274962E9F5
:10346000DBC3D221FC2F7F1B084B2BEFDFFDCF07E7
:10347000B315B902D2D31F19C24649325858C843AE
:10348000331A00FD1A4719F6FBD816E9F229CBD6F4
:10349000193E4CD8CC23143B88CD9AD2F1EEE5D21C
:1034A000F7245F0E2EB11AD6C2E906C8E523555996
:1034B000E0F4CC34F2282AC00A25F395ECCBACE535
:1034C000AC550BFF2A1FBFC8E8C80C9B3DA0F9F5FF
:1034D00011FAFFDDB6DDAEEEF13BE56E390AF7F12C
:1034E00042AB3E1708E1A8E5DE746AE6E560B4C5C4
:1034F0004EAE470E31082ED895BCB133C2F3130F30
:103500002CCC032EF442C2F9FF094D23F531D8C764
:10351000CBC2BE3FCDB05F0A42B7E658E610F93ADB
:103520005C57D925B5C1DBF5BF6117D29A4B23E8AB
:10353000F7C5ED0C43B0F4421EB4BAE9EEE23BCC61
:103540001A166EB73F17152E2223BDC94AD5110E84
:10355000C82BAEE238D25CC9DC72E0D7BB1DCC1000
:103560000FF2F239D70B1423F7E722E8D72A1D4AC6
:10357000DDC91DC4DC4BB8EF060AE620FBEF21F9DC
:10358000EEE0C0FA0AE5EAFEC3DF29D91343BABC6C
:1035900029E7F439CFE62AC4F759A6EFE609EAD4B9
:1035A000E3F506C5E91EC4D406C4F1CC1D30D21F14
:1035B0002BB0F5150D2D1AE0CC2A1FBC1965EDD0E6
:1035C00040DCAE3FE6A00CDC14F703221AB4E74857
:1035D000ADC5D1C035BFDB1E110031E6C6E4BBF975
:1035E0001A9FE405D2225B07D80A270A00110DFDB5
:1035F000F61BDE0803DAF3CDD822E0E817E6EEE1A9
:10360000151EE6D6F2F519E9111815D22B1BC10FBC
:1036100039DD22F9AEC216AFA81EF49D03E7D0DD56
:1036200015EAF7E1CB0F00B42615AD0C48C7CAF177
:1036300009E3110E361205FE3C10FE2BE423FA18A6
:10364000DCFBE03913FD1F11CB37F2C0472A9E0780
:103650003758FA2F4FE104530F004A1706F0285548
:1036600073C1364D120847E41E7FE42E5CFAEDEF7D
:103670002EA2F714109B2448F5E67F0AD1032C43B1
:10368000E7D5152EEFC9762B9B3F17D3F338400FA4
:10369000E5155727BC690E97305A1BF4D32702C48F
:1036A0001E13D3D2BFE631B90527DBFB2C191EFC54
:1036B000090EE3FF45FA0C2C14F6071C4330B11D2C
:1036C00023E8054EF2DA1542CFEBE838CF9E52D808
:1036D00017F70607EF241443F2AE59D6EC53CABCD1
:1036E000E63A17C31125FA05CC2ED9F5E7C04010EC
:1036F000493F125E2AC3D6FFCC4527CF0A4C01DBD7
:1037000022211EDD232437CC131E071DF918B3FC1C
:1037100015B4EBEF33E01E3211155150B3E710C46E
:10372000E3283302DBD11626BEF408952C64B43AA4
:103730000311D2A5E032E918111A103245CD6E04FA
:103740000A99D919BFF9FCFCCD4304FE16D7D92339
:10375000DACEFBEAE9D01E2FB81817D50717E8E430
:10376000E920F20218023BAE1D26C42931E1F1E73F
:10377000D2EC121E2214260FBF3353D1E8D95708BA
:10378000B54011C7AD4A29A8125EAEEBBE1D36B0DA
:103790000A3538E34267FB3A6DEDEAF9F82047FB5A
:1037A0007F04C94732132129CDE3E6D706F9ECCED1
:1037B000EF0FB9C051F8B2EA15F1144AD305180A4F
:1037C000079439521E2AFF08BD257FFBA5574BA73A
:1037D000F86C33273B3AD626BD2F14ED2839A201C9
:1037E0007FC115321EA9992342A3FC38B0F208EC20
:1037F00030CE28210F021936C813470213BAC4531A
:10380000D1D20822BABF09D2AF06E7A11E1EC9E075
:1038100034FD0E16F9180AED48E5FA05F3CBDD384C
:10382000DA0504D5B8091BC189F9B0C6E4C1F4E4CE
:103830000DF9EAD42B13FE0805C9D3E1EBE906E242
:103840002631C6FBFAD038F3FD182DC1291902DD47
:1038500026131EEBED30D5CA1434CE0F351C0631BD
:10386000EBD5F3E7D5D719D8D815270F2525E3F9D8
:103870002533022BF13407F903E0AE34C4B134E24E
:10388000CEDFEBE916CBC208ECC439010CE5EEBD86
:10389000340115FEB0D84EDABDE92E1FD3F833B58A
:1038A0000E2FB2F617DAF604D5E504234C04BE1C3D
:1038B0004FBC3EF3DF10032136CE201ED8E2FD11AF
:1038C00015CA2A29D433D9F00D162D42AA08FBC9EE
:1038D000DC23093949371AC8E714ECEDF43CCF066C
:1038E000391F3BC9142516FE3FE8401905F240F880
:1038F000084C07EF1714D6E124280ED1FFF4B5E8E1
:103900002A1BACF305E2DCEF45C8EBF23081F80C82
:10391000F124FBBCDD0CCAB834F1E92714FEB6F182
:1039200025E0C9D9D6D0810E3997AF5CC7DF4723D0
:10393000B5E71FCED0A7D92002230AF726FAFA1737
:103940001B380218F4580CCB15083BD002FB3CD0B6
:10395000622CEE7732C8F45418DDF53A1E0E263A82
:10396000E1D93F32BE81102FDF13201A3CED02E770
:10397000B5082420F53A3A58F5901C1FD6310DB7FA
:103980001368342EEAD339D7F31EE1E10A18C0C117
:10399000FBEA81FE39FB8E05F0F12AEC2C44C823AA
:1039A0003E0514490B053FF039FE0414151B3A3B44
:1039B000CE073013EB02F9F80000FC0420FCB9F24A
:1039C000DB12FDE10C42DC0946C7E3252AC6BE1026
:1039D000E8AB5E1ED5FE24F21CFD19C41ECA16E219
:1039E000DF19D2302ADF06344D253B3C3FC2272663
:1039F000C9F9F5E30BE51FF6F0032FDEEB412F20AD
:103A00001F350DD6E1ECEDE04542144404D42E25DB
:103A10002AED1018E8DDF2431401033DBB20201A03
:103A2000C0F5EAC3410043DBAF540E1B0BF4F4DCDA
:103A300005D70D180055E3F70E08CCFEB2421C0E58
:103A4000DE26083A9CB85790EA2C0D9A5D36ED1D9B
:103A500034A6EB32DDE031DD03FE07F1D3D404E11F
:103A60000EEAD5EDCDEBDFCECFFE90BE3A91813D93
:103A7000DE92FCD6CDE9D1C50BAED915D9A9050C7E
:103A8000B1BE43E1CF2946E91D00DBED42EF312D08
:103A9000DAEBB4ECE2C2D9FBBFC4C4DFC9A7FA1A9F
:103AA000A5E62A0FA6F5330AC4370BB11806B5ED03
:103AB00006F6AB4D4003C6033F1FED673281004B56
:103AC000DACB40FAC78E42FF93CF4EBBAAEF4DE749
:103AD0002F0A0C7B2BCA6B19BEE350DB0941F4B0F3
:103AE000F838DEF6C5A2AC43F197FCACB7FBB6D60E
:103AF000DDDBC4ACBBB1FAD4CB569E8444CFAAF272
:103B0000050A270D0716C73421E8F235DFD2F4F095
:103B1000323AF84E35E44BFACC072704D1030D5A5C
:103B200003BC3E08D05E2C042103F439302B30D87E
:103B3000DBFB0ADF1322D92F37FF38F1272835079F
:103B400048470B284FB65159B61EF0C5D2EDCEDD11
:103B5000E40E59F5F63E4BDE3BC809F2EAE02E26AC
:103B6000CC1F20D245071E010D0F04F912F4ED2AD7
:103B700010E51500E746F2BD3A24ED2B5011142F45
:103B8000E1CD1B44CBC424D31A11060B18B51DE993
:103B900081E839F7F742D8F7D4D547EFD84D26FB5F
:103BA00004DE1B0C2906B1CF13E5E3E2DAE10316CC
:103BB000FEBAE730D93BCBF342BA220D8BC7FA1FCE
:103BC000C3FFECE3E716DB19E6242594BCF5FCB94A
:103BD000E02112F3E04E0BEECFEBEF81FD46A8CFD4
:103BE0004BDAEF06F7CEEC9BEBF4A1E043F4F8F8E8
:103BF000A5BD31C9DC13CBD4FF43DBF9FBF4B9D845
:103C00001979FE426A29452E4CBEDA72FFB4EAF2F7
:103C1000A6FC30EAED4CF7F2F4330441EC27ECB7A4
:103C2000F8DB1452CCE732F3AA0131B2E8D62BC04C
:103C3000C90A3B172D55F3B85DD6B6AB4654E3021F
:103C4000E7FB34283BE9B936D8C3FB3C0FF50E1728
:103C500037E1A64CBFAE2112E7E4F0200C0A0F0EAC
:103C6000B8B835C5E213F6D87B6BE052591CD2D0F8
:103C700032E4C856DABB06C668B6B2430DDDD81EBC
:103C8000BCEE32C7F93A09E4CC6108A55429E7BC77
:103C900026D7051CEB21A510EBD608EE8ACF92CCD7
:103CA0000C01CD265A17144C6E1526FB54C0C75B69
:103CB0000D9130E40DFCEC3256AA1F0BA8C1041480
:103CC000A91ED6FF09AFE25CDEBD39F1812442C2F4
:103CD000B5C8FF1BD5FF04E0F3174CE4FD32F1C774
:103CE000201BFB35C9DF3301F2D93F16B5534ADF3C
:103CF000E5EFE4F2E60CD2F9E30F0AB7233642C34C
:103D0000E0F20922C5E3DFFE0624D2D3ECD2E006BE
:103D1000D52BE4F0F32FF51F4DE01F22301B1002CE
:103D20001EF3DF152DD32FF63413022CE5B245CA4E
:103D30001015DD064C23FF40031333AECB190A3FA9
:103D4000EDED2D3FBEC654B9981CE129E8ED4605BE
:103D50000337D7EDD21096D6AA0D0515F02E0D0219
:103D6000C4390DAAE436D1E6E1DDD4010032079E64
:103D70003D0288E4160F44DD022A3DC6CC0C4634D1
:103D80006736304F2C5915C62562D14475FF4B5507
:103D9000D6CFFC14D8F938F9A0D0CFCBC4AD0430BD
:103DA000FEE71109DFF71CC625DDC2F5FEA82818BD
:103DB000B3EF180E2C510F15EE1C118AD95AE49648
:103DC0005A626ADD1E19B9B65AF9FE4AFC2BEDDAC1
:103DD00028CEAB3DBAB24FA0C60CCFC801DDD7F696
:103DE000DAE817B60ED8F61202D3070AE0E34CEC75
:103DF0001420F918DE36355016B82CD2D0BDE606A0
:103E0000FA040618D81518B91203F7DE51AE9E0849
:103E10000B0CF1FB04F7EE15DC141B22DCBB0DE4EC
:103E2000D011E2D019CDE64508090BD6E7130715E6
:103E3000D3AF3B4FA2F815ACD72CFE289C29448366
:103E40000D33011A14D717CFD0DF47EFB5E818C3E9
:103E50000340F3DEDACB1F3B4D052549ED2024005E
:103E6000110FF908E84036B5DED0BF1E81E936E80B
:103E700028741C092566DF06E424C4EE432CC558CB
:103E80000B73F6E8D4E731D589E344A0C82A14DDE2
:103E900017001609EF5057DBDD0BCBD11DAA0BBA6B
:103EA000C7F652D7E30746FA1F5A66244D481DC687
:103EB0000F18F3A70D7ABFFE2C44E37F3058FCB8EF
:103EC000221DBB1890145825B84552BEB42A43AAE7
:103ED00006BE0E073D352498534441C2ADA2A73318
:103EE000309615C10ED8B7420B00B7023F9EC45999
:103EF00059D7237FD3B61E7A016561C5183E624744
:103F0000D636A7DE690890352FBF6B1C9E1D403149
:103F1000BE3ABE3F4ECB9DECA12120A348B0DB7240
:103F200054F7C01C164A15C5F9BE5329005AA49D62
:103F3000A8FCEDE4943654DB141317FD2BC6129243
:103F400046C3D69EABFF65A61E9F5B5DA09EA63DA9
:103F50002BDBB7514B420FE2A82C981F48AA53E025
:103F60008A315B163725F612CCEAFB109DB44890D7
:103F7000AB3D4863AF30E5C836AC984DF41E1050E9
:103F8000DD2731EE37F3B3D96ED0CDFF17AE7FA06A
:103F9000007FCC54ED22C4CA3E0F4B58080AA95BDF
:103FA00081A45A36B903EE2E07028939230B4F5DDF
:103FB0002AB1C0D7BE053800DDB2CF8D0B47D1D3B3
:103FC000AC374AC2260DE4FF9A471D39F95938EA41
:103FD000D0AC5C1539292B914BEA46AE55E7B803B6
:103FE0002AFE268F1B7FE0C1CF4ABFA05EE4488A2D
:103FF00046EDE597FA3754F25CC31B43EF15D13118
:10400000DF2A11CA1C2AB6FBD52CAE3719ADCCE37A
:104010007400FB4A19E64C2435DA55FCBA3DEC93A2
:10402000371311AB97A25113B5123DEA93F13C013E
:104030001CC2F5609550E45128A91AB660F9536482
:10404000E253EBA6C92B1DAAD938BC09AB2DF263EC
:104050000A5A77C3FFE3D0CE38AFC5A25966489756
:10406000FDB9D99FE47955666CF651ADABE7063CD6
:10407000275BA6D67D29D202FEE39AF0D9E99953AF
:10408000DA14EF400A70A0FC03B7125E4C57C592D9
:10409000EAE6BF4185D3A652C757E85C3DF812EB6C
:1040A000F0DA125FA827EB81DF3FE655C0481DB16B
:1040B00043F61A2928B5F90B52A1EBE37FBC49BDA1
:1040C000BCCDADED45EBCC4682CFFBF3F06514CD16
:1040D000CC0717AF72113247B04B3C11D739C973B7
:1040E00098C4DFC3383F58266502DBC1DA562AF789
:1040F000EF51E81331DB434B9CED5B3954D3BB9359
:10410000EE9CD11CE9F3573C2A6E3AC2C2C510128C
:10411000F527F2AA945AD93B25F5BA05565A6442B6
:10412000BD4F43002251E626042F5DA74AB8364909
:1041300097F816142B52EE1ADCDB81122D52D72F72
:10414000B695F9D64F4E9945D833AC5A51FC01413A
:10415000B90EE266A442B519E536CDBD493506A9CA
:1041600054C65DB5D41DBF0A31D534E4E4D11AD6A6
:10417000F7199D14F3E0F53EE2AD4CD1B4AAA84284
:104180002272FE2053EE7F524A21316DE415FE2942
:1041900071A12BC8AAD0F3D03A00064E24E19ECBE1
:1041A000BA2B66FAE2472BC9BA224A160F2C915C49
:1041B0004B452C06CE9D3905F466A105E4C497A2B3
:1041C0004455259FC7DAD430B996329AC6C43A020C
:1041D00098F53DCD402EE586131650A1588A12DB86
:1041E000E1FCC7DCC8BAC2D3388111B2BDE02E0CE5
:1041F000378EF113380CD0AB5597F85A9B6E371C9D
:1042000007399C598654D49D00000000000000002E
:1042100051961300154C0900C9EA160048800C009D
:10422000C0BE18007AFE1200D9F2140058421400E1
:10423000A50B0D0064480F00D79F14003ED4170053
:104240002A4614003F3307007D4E0D0046EE0B005A
:10425000F906120090720B00C0F30D00D2060E009A
:104260001CE21600B0451100B8AA0D0042991000DA
:10427000180C14006BE615003E920F003FBF0E00B5
:1042800089AD07001EF310004C9D0E0006020C00C5
:104290004FFF120023250F003E180F0090E214007C
:1042A00061051300ED6C1400A2740900B3FD0E004B
:1042B0008CD10F00EFD80C0047461400A426120042
:1042C000305A0900C9820C00C5AD0E006AF912000F
:1042D000115F10006C7E10000ECD0C00056D1200F9
:1042E0001A330F00B6C80900895315007E330E003B
:1042F000C4010D00A09A0F00C9D50B00750D09006F
:10430000B2370C006CEB13007F830B00356D12008D
:10431000C9B00C00A2A70D00B3430C0092110B0012
:10432000CF281100D7C30A001F890C0071B60C00FA
:1043300030371000A9C20D00AC481000FCB91100C4
:10434000BAF61000BFF41500D9C6110097870E0009
:1043500066C00A00328A1300284D100063E811007D
:10436000BEEE0A001E2E0C00BA4F1100A1F711007C
:1043700041890E00849D0E0069B906007BFB110087
:104380003ADC0E00A587070002A8130029C5080023
:104390004DBC0F008EED1400544B14005C590B0003
:1043A00084EE0A00D499130001880E00D4F51000A1
:1043B000159E0C0081031100239A0800E3870C006E
:1043C000FFE60E00CEAE150058D7100039A115003B
:1043D0007DFE0D0034FE0900FB3C0900D3BC0D003E
:1043E00075CA0F00C00F10008FBD1500EB970E00AF
:1043F0007925D1FF587FCAFFAEC1D2FF2654DFFF17
:104400006345D2FF3DF7BFFF3D45D3FF7BEAD7FFB2
:104410009AD0CFFF2EC3E6FF4C7FC8FF1A54D6FFB9
:104420007BDAD3FFCF9ED4FFE3D4D4FFDD92D1FF5C
:104430007C3EC6FF5F53CFFF316BC0FFFDDCC2FF88
:104440005577D3FF8E13C3FFD108D9FF7B09CDFF6A
:104450001ACFC1FFAA74B9FF7156D5FFF270D7FF0A
:104460000624D2FFE39AD1FF1328C2FFE341E6FFFF
:1044700018A2E3FFA907CFFF3F72D0FF21D3BFFFF0
:10448000D2DDDFFF7CAABBFFFF16CAFF46EED9FFD5
:1044900029CCD8FF2BEAB5FF8277D1FFCCE8CEFF3D
:1044A000EC81CAFF0311E3FFDA8ADDFF3008DCFF8D
:1044B0002015D2FF0E8DDDFF2854D6FFD235D4FF54
:1044C000D1D2D7FF2419C8FFC045DAFF35DCD0FFB1
:1044D0006F20E1FF322AC7FFCCF9CEFFDB3ED6FFCB
:1044E000246ED5FFA873DCFFD5F0BBFF3322BCFFE1
:1044F00095B3C1FF07D2D6FF0392D9FF03BBE6FFF6
:104500005349CAFF27ACD8FF7848D1FF52CDCEFF20
:10451000A868BFFF42AFD6FF3C2DD6FF8E2AD2FF40
:104520003B05D5FFD3E5D6FF2669DEFF66F1CDFF5B
:10453000D4A1C1FFFCCECEFFD408DAFF3220DAFFCF
:104540000C35F23732456133DB3BB93AB637E331EC
:10455000B338D83B473804388C404D37BA395128E6
:104560003133AD35B242BB41F03BCC358A37CA3826
:104570004639F33D38411B2EB236C6312B32C0438B
:104580006E2DCF308D3CBA36F73EA531D237343759
:104590006A550C4FEB3A3040632D753B5530CD3F9B
:1045A000D738C236C736BA42922C8835593D7D3548
:1045B000B22B2631B0324239963F7C32D03661314F
:1045C0005B3CE3361F34BD3E6033B03C134E2130BC
:1045D000CD310F2D963D343299335B3E4242633EDE
:1045E000BB32CC3A4A3A553DE93AB8321F331A3415
:1045F0009736FE316C393C2AAD398D3A5035F53459
:10460000D12DB0479B36433BF32B3331123DB83AA3
:104610008D563C3DDF35B03BCB2FFA45CE30503E7A
:104620007735F83C3B429A3592452A338C30263117
:10463000944651484C493C45C146F04B3344834273
:10464000994C8A43943C0C4A1A43A25EA0430C53F3
:10465000C24B61441C4D97440540B94E70483C4CD8
:10466000C74B23478D4F5745F84697509A4B5245B5
:1046700002444057E642D546CF441342A65B63440A
:104680006448594AB2567640053EF94F2A57A3432B
:104690008852D84B24491B5312408548B54F383EA9
:1046A000CD4B0A4EDB3AFC410C516550163CDB4ABF
:1046B000ED45CF4A414FB24D0341B4475B42E8411B
:1046C000BB3DD74670467D42A0480446CA3CDB4409
:1046D00019461351BC4803500000000000000000C0
:1046E0000000000000C00000000000C0000000004A
:1046F00000C00000000000C00000000000C000007A
:104700005501E0C2AB0A002235DC0020004C10F15C
:104710000038006A84FA00E06668BAF900D0006EDA
:1047200070FA00F000321017ABFA5515582A000045
:104730000000803F00000000803F00000000803F3C
:1047400000000000803F00000000803F00000000EB
:104750000000000000C00000000000C000000000D9
:1047600000C000003B0145C3EA007C113CD50706B0
:10477000924E5D03850B5C7B511A4801EC59641322
:104780007BF40A53D612E4F80040F917F2FD5F1AE1
:10479000C529F4FCCF2B521800000000803F000018
:1047A0000000803F00000000803F00000000803FCC
:1047B0000000000000C00000000000C049022533D6
:1047C00055070C03C33865029A01331BE9DDA804C1
:1047D0008C3E9DF73309E662ED09AB05C257F7073A
:1047E000CBF77D534A0752F81F4DDF0944FD44259E
:1047F0005B1E2BFFA60E522F00000000803F000022
:104800000000803F00000000803F00000000803F6B
:104810000A053457F59FECEA203CAEAAD917C02A06
:10482000E6EFFF2A607F4F38F66275653F4C1BA2AA
:104830000B0A1AD0B3C64A08616F1A334996F4CBF3
:10484000F6DEADBDA8143C9FC132200AF3D8DDB11D
:10485000A4FBBBB312CB3A4B0ED6077F3EBAC8DBE4
:1048600046C9C7F7233AD322839500000000000011
:104870001124ACFFA7AD7DFFA58E94FF24999CFF6A
:10488000107579FFFC4583FF3FDE9BFF3A1296FFD0
:10489000A3688CFFDB6AADFF201684FFA84298FF57
:1048A000EE4C99FF1455A6FF28AB8BFF2E87A2FF75
:1048B000B58281988DD0DCE5AC1CB4E332E62610DD
:1048C000981FC3197F37751EF45CEE6B23F0D8C6B2
:1048D0001E707FF9102232760B47511B5D5B7F4EB5
:1048E0001A4F792688F5AC60F1B696A40000000056
:1048F0004600CB1361AEDF00DB2FCDD7AC01FE4805
:10490000ADF08301EB49C7F271FF9F496FF224FEBE
:10491000595859EDDAFED340C3058DFFAA1F093758
:1049200045B03CFFE0B143FF356A46FF01003DFF63
:104930007D803DFFF9504AFFB26B36FF959744FFEB
:1049400081B335FF0B9441FF000000000000000020
:10495000544D934DB237C55BDA37953D173939471A
:104960004A4FF2417F46F13B7C4CF038713A0E34AD
:104970009E4DD000128DE3FFA6A6BDFF61A70D00DE
:10498000CDEAEFFF25BFAF000000000000000000EF
:104990009A75617ABE7F5D6B93634F7AEE721D6D7F
:1049A000B96C946D000000000000000000000000E1
:1049B000314C0D485248DC556D5BE243000000006D
:1049C00000C1C9110000000000000000000000004C
:1049D0007E9EB43D000000000000000000000000CA
:1049E0000000803B0000000000000000000000000C
:1049F000C0C800000000000000000000000000002F
:104A0000C0C800000000000000000000000000001E
:104A10000000000000000000000000000000000096
:104A2000C0000000000000000000000000000000C6
:104A3000F400000000000000000000000000000082
:014A400080F5
:04000005701800006F
:00000001FF
