:0200000470008A
:1000000053544D32000000000000000000000000CA
:1000100000000000000000000000000000000000E0
:1000200000000000000000000000000000000000D0
:1000300000000000000000000000000000000000C0
:1000400000000000000000000000000000000000B0
:1000500000000000000000000000000000000000A0
:1000600000000000517252000003020000B80000BE
:100070000104183400000000FFFFFFFF0000000033
:100080000000000000000080A0010000100000003F
:100090000000000000000000000000000000000060
:1000A0005354FFFFA001000032938CFF140FDB9527
:1000B00049F55D5200F55F5D96E6C8B57C8C2DC3B1
:1000C00079307ADA87A5F271A97338EA0340CEA7AE
:1000D00011B8A9194B0E334E3A53DC5324EB1EE0F2
:1000E000599DB212D39DAAC417B1E9656D58DE5A65
:1000F0006B14DB32B466406104E71BC933A22FAF37
:100100006B6932C8E64C58B21484A585D73AC00C46
:1001100028852EB24CC48AC681D464E2DD10DFDCAF
:100120003CC18EC9D0DBC8E068F5209BC4C0D7EACB
:10013000631153CD9ED5DC1156B25CA183ED31A77E
:100140003C84484741D25AC1DBDC80A3A25B603FBC
:10015000DE34B4B36A1C34CD4B82D5980B9D10C4E9
:100160001B39502C061832A3FE0BA41DD879FF6949
:10017000AEDA4196292BAAF942C5B54301B61CAFA8
:100180004ACED7DA19BD7D73BD58F5A8E5CF863BB9
:10019000031A336364B96AB13FFB7AFE712C68C5F8
:1001A0007CEC740356CAF0F7DA553C3A7E89DBD50D
:1001B0006F4A05DD11793C4327A820477525CDE01E
:1001C0000B378C22C4320AE8BC3FD81EA610959784
:1001D0002DC0807AA315D077339C86561E145852B2
:1001E0004C00722F87EB3841918E4E987896DBF554
:1001F000CF5FAB2BFA6C36CA521A8CAB5C99A5FB5D
:100200009DD513B09C53C38BE7DDBA7F7B64F6E4C6
:10021000E25FD05A00CFBCFA50AAE92DA830458C35
:1002200047AB5C10046E0EC66146B067B6040C2B7B
:100230000F0B12B2475AF16E754D2D715701CC1E3E
:10024000EF6783171AEAACC967DFE73DFFA95B6C6C
:100250000303826E0B74FBD8FD2DBD4D93767BE5B9
:1002600035A4D00B296196B521A5EBC418F7264F0C
:1002700045FE5F1D3F224EEA07D4AE67FD9133E68F
:100280007327A5C18D362E50817A8BAB4A0B7A5BD2
:10029000094EF607AF32C9E9B7271CED949511E96D
:1002A0007C611665566BCB73FB418E73AC07CF9C9C
:1002B000A9D2734F5B36049678E537DF3F8C7B54C9
:1002C00099B7E95F76B58FED54311D7826CA88F16C
:1002D00074524235E5A7D3693765ED2AFFA6B256B9
:1002E0006F443C44A791C95EB408E6DCC812D169EA
:1002F00089FF323B2ED9695BB445ED2F8FF7433828
:100300005F734FB522047BB65BF55DD3A4B471CEA9
:10031000AF99FD5FC899874B70EF4BEDE53A7403D9
:100320007D461BDC393F0494E52C47D9609DF35C86
:10033000155EDEF2FD79014BFF1D832C482B86D024
:100340008D6FBE8CBFBE2C87345458F33502C38FDB
:10035000907255223A959494887CBA127B809C4482
:1003600009BBEC12C133544A36B9E9CFBA87D60E6D
:100370002E7DD7CC298B16886DDD8F710EC4A7C357
:10038000187379D9AD769153322E6D4EE70EE04653
:10039000B044DD40135F64DA6B8E60FFA01CBFB811
:1003A000CD9F9F09B1333BD8961823581FFEB8D96B
:1003B00044CE65852EC767D73C0B35BEA7D8487D90
:1003C0006B842F6842D3FFD0871F2A5EF121E90D8D
:1003D000F781BB56A5247EC03D75EA3626F6854AD0
:1003E000BCF363B99BCDC4EF7FD7C77AD53CACAA29
:1003F0003D79D1B041471D22DF1537659A869110AE
:1004000072B64FF0805000F580314FF0000303606A
:1004100000F104008842FAD34FF0005000F500319B
:100420004FF00003036000F104008842FAD34FF05C
:10043000FF3E4FF0000080F30A88DFF814D000F090
:1004400017F800F049F800F03FF800F039F8FEE73F
:1004500000000220002100F03BB801380132013ACF
:1004600000D1704711F8013B00F8013FF7E70000A9
:100470000A480B4A08B5121A0A49FFF7EEFF0A4864
:100480000A4A0B49121AFFF7E8FFBDE8084009487D
:10049000094A0021121AFFF7DDBF00BF000000303B
:1004A00098B00030E0041834C0B0003050B50030CF
:1004B000A0B5183450B50030E8B700300000000097
:1004C0005FF800F00D0600305FF800F0BDA40030CA
:1004D0005FF800F015A400305FF800F0FD0900306F
:1004E00053B94AB9002908BF00281CBF4FF0FF319B
:1004F0004FF0FF3000F07EB9ADF1080C6DE904CE8D
:1005000000F006F8DDF804E0DDE9022304B07047EE
:100510002DE9F04F099D0C46002B4DD18A420F4624
:1005200084469646B2FA82F360D94BB102FA03FED2
:10053000C3F120029F4000FA03FC20FA02F21743A5
:100540004FEA1E461FFA8EF44FEA1C42B7FBF6F143
:1005500006FB117701FB04F042EA0742904208D9FA
:100560001EEB020201F1FF3702D2904200F22D8110
:100570003946121A1FFA8CFCB2FBF6F006FB102269
:1005800000FB04F44CEA024C644508D91EEB0C0C49
:1005900000F1FF3202D2644500F21A81104640EAAF
:1005A0000140ACEB040C002125B12CFA03F300222E
:1005B000C5E90032BDE8F08F8B4205D90DB1C5E920
:1005C000000100210846F5E7B3FA83F100294DD177
:1005D000A342C0F0F280904280F0EF8006462346AE
:1005E0000846002DE6D0C5E90063E3E7002B40F0A4
:1005F000A2808A1A4FEA1E471FFA8EF60121B2FB2B
:10060000F7F407FB14204FEA1C4242EA004206FBC3
:1006100004F090420FD91EEB020204F1FF382CBF08
:100620004FF001094FF00009904203D9B9F1000FD2
:1006300000F0C8804446121A1FFA8CFCB2FBF7F097
:1006400007FB102200FB06F64CEA024C664508D96F
:100650001EEB0C0C00F1FF3202D2664500F2BB80AB
:100660001046ACEB060C40EA04409DE7C1F12006C1
:100670008B4004FA01FE22FA06F720FA06FCF44049
:100680008A401F434EEA0C0300FA01FE4FEA174866
:100690004FEA13491FFA87FCB4FBF8F008FB10443B
:1006A00049EA044400FB0CF9A1450ED93C1900F1BC
:1006B000FF3A2CBF4FF0010B4FF0000BA14503D9BF
:1006C000BBF1000F00F093805046A4EB09041FFA21
:1006D00083F9B4FBF8F308FB134403FB0CFC49EA71
:1006E0000444A44506D93C1903F1FF3801D2A445BE
:1006F0007AD8434643EA0040A4EB0C04A0FB0298DE
:100700004445CC46434602D306D1CE4504D20138F7
:10071000B9EB020C68EB07035DB1BEEB0C0264EBB6
:10072000030404FA06F622FA01F3CC401E43C5E99D
:10073000006400213EE702FA03FEC3F1200104FA3F
:1007400003F200FA03FCCC404FEA1E4720FA01F105
:100750001FFA8EF6B4FBF7F00A4307FB1044110CA6
:1007600041EA044100FB06F48C420ED91EEB010164
:1007700000F1FF382CBF4FF001094FF000098C4207
:1007800002D9B9F1000F2CD04046091B92B2B1FB3F
:10079000F7F407FB141142EA014204FB06F191420F
:1007A00007D91EEB020204F1FF3801D2914215D89D
:1007B0004446521A44EA004121E7861A64EB0303D7
:1007C00001200EE7023C724435E702397244D0E65C
:1007D000F4440238E3E6F444023842E7023C72444F
:1007E000E7E702387144D0E7023B3C4482E7023835
:1007F0003C446AE7704700BF00B5E7B04FF4C872E9
:10080000002102A80AF076F84FF400030022CDE997
:100810000223104B02A82E930C23099302F032F806
:1008200000B1FEE701A9ADF8040009F04BFA30B1C0
:1008300040F20511084B094A094809F021FE09F068
:1008400033F920B14FF48471034B044AF4E767B0E5
:100850005DF804FB14040203C0B00030EBB10030BB
:10086000D6B0003000B5E5B04FF4C872002168463C
:100870000AF040F8002009F039F930B140F21111C6
:100880000D4B0E4A0E4809F0FBFD09F049F920B165
:100890004FF48A71084B094AF4E7019B684643F418
:1008A00000030193074B2C9301F0ECFF00B1FEE72E
:1008B00065B05DF804FB00BFC0B00030CDB10030C2
:1008C000D6B0003014040003F0B5104C054626687D
:1008D0000F48864218D194F84A70022F14D194F828
:1008E0004900012810D1E66CA6F500762E60256D32
:1008F0000D604FF480611160D4F800241A60059BEC
:100900001F60069B1860F0BD0020FCE70000087027
:1009100053544D32F0B5104C104D2668AE4219D1EB
:1009200094F86A70022F15D194F86960032E11D1E2
:10093000E56EA5F500750560206F08604FF48061D5
:1009400001201160D4F800241A60059B1F60069BEB
:100950001E60F0BD0020FCE70000087053544D32CB
:100960002DE9F743DDE90A89CDE9008904460D4602
:1009700016461F46FFF7A8FF50B93B4632462946A8
:100980002046CDE90A8903B0BDE8F043FFF7C2BFB6
:1009900003B0BDE8F08300000138012810B514460B
:1009A00007D909F0F5FF09234FF0FF340360204613
:1009B00010BD4FF0FF33044892B206F0C1FF00288B
:1009C00018BF0024F3E700BF9CB5003000B5144BFE
:1009D00089B0834205D08D21124B134A134809F088
:1009E0004FFD1022124B1348C3F85C2AD3F85C1257
:1009F00002910299C3F86C2AD3F86C320122019358
:100A0000019B0223CDE9043206936023039307235D
:100A100003A9079307F03AF909B05DF804FB00BF9A
:100A20009CB50030E1B000304AB20030D6B00030A2
:100A3000008002560010025637B51025084C602180
:100A400004F58053C3F86C52064807F039FBC4F82C
:100A50005C5AD4F85C320193019B03B030BD00BFF7
:100A60000080025600100256024B1B68586AC008EC
:100A7000704700BF50B500300A4B07B5834206D01F
:100A80004FF49D71084B094A094809F0F9FC01220D
:100A9000084BC3F8642AD3F864320193019B03B076
:100AA0005DF804FB50B50030F2B0003035B20030D4
:100AB000D6B000300080025608B5074B834206D0FE
:100AC00040F24111054B064A064809F0D9FC0122C3
:100AD000054BC3F8642208BD50B50030F2B00030B9
:100AE0001EB20030D6B00030009002562DE9F04121
:100AF000BCB072B6934A136843F4405313600023AA
:100B0000A2F57342C2F88430BFF34F8F536923F4C8
:100B100080335361BFF34F8F43F6E074D2F88030D7
:100B2000C3F3C900C3F34E335B0100F1010E01466C
:100B30004EF001E003EA040646EA8175C2F87452F9
:100B400001390FF007C8203B13F1200FEDD1BFF39F
:100B50004F8FBFF36F8FBFF34F8FBFF36F8F0024A3
:100B6000536923F400335361C2F85042BFF34F8FEF
:100B7000BFF36F8F734A136823F4405313604FF42D
:100B80000032714BC3F89420BFF34F8FBFF36F8FC8
:100B90004FF080636D4A6E49C2F8203A06ADC1F845
:100BA0002032C1F86032146206F00CFB16AE21460A
:100BB0004022284609F09EFE21469822304609F040
:100BC00099FE08230127022422934B233046CDE9C6
:100BD00024372094269700F0AFFE28B1D3215D4B37
:100BE0005D4A5E4809F04CFC7F2306934FF4403386
:100BF00007934FF0407308934FF48013CDE90E072D
:100C0000CDE90930CDE90B001090129014900D90B1
:100C1000284611941394159401F094FA044618B1DF
:100C2000F0214C4B4C4ADCE74FF0A0434C4F3B606B
:100C300001F014FDB0F57A6F06D301F00FFD4FF40B
:100C40007A63B0FBF3F4013C00234FF001087C60B1
:100C50004FF0FF344248C7E90234C7E90433BB61AF
:100C600087F81C8008F06EFC20B14FF4AA713D4B50
:100C70003D4AB6E73A4808F0E7F9034620B140F2AA
:100C80005711384B384AACE74FF4E1323748384F08
:100C9000C0E90233C0E900720C228361C0E904326A
:100CA0004FF40043C36106F001FF18B1B021294B96
:100CB000304A96E7FFF7A0FD4FF00F122E4BDA6493
:100CC00040F201129C641A644FF0FF12C3F88C20AA
:100CD000C3F88840C3F880801C4BD3F878329C0757
:100CE0000BD5264B284605A9069308F003FE48B10C
:100CF0004FF4DD71174B224A73E740F2B511214BD7
:100D00001F4A6EE7059B002B3ED14FF434034FF48E
:100D1000344016934FF034433146CDE9173028461E
:100D200008F07EFD20B14FF4E2710A4B144A58E7F7
:100D3000B421284608F0BCFD30B34FF4E371054BF5
:100D40000F4A4EE700E001E000E100E000800256BB
:100D50000090025600B100300BB20030D6B0003027
:100D600050B500300EB1003001B200309CB50030FB
:100D700000100052F4B100300010035400900056EF
:100D8000D8B1003017B10030424B03A91A6804A84B
:100D900002925B684FF4001203930023CDE90056E2
:100DA000CDE9042302AB05AAFFF7DAFD002835D010
:100DB000169A0699384809F055FC4FF05056059997
:100DC000049B01F1E0414FF0505201F500213348FE
:100DD00009F048FCDDE9042101F1E04101F50021C1
:100DE000304609F002FEDDE902212D4809F03AFC07
:100DF0002C4B039F1A6C22F001021A64D3F8802056
:100E000022F00102C3F88020FFF72CFD264806F0EF
:100E100033FA38B1B821254B254AE2E6254809F0D6
:100E200089FCCAE700F064FC234808F00BFA20B103
:100E300040F25F11214B224AD3E61F4808F02CF8FC
:100E4000044620B14FF4B1711C4B1D4AC9E672B67D
:100E50001C4D06F0DBF96B68402243F000736B60B9
:100E6000FF21194809F046FD4022FF21174809F0EB
:100E700041FDAE6084F30A88029B83F3088884F303
:100E80001488BFF36F8F62B6B84740F2D111104B90
:100E9000104AA6E60000087037B100306FB100308C
:100EA00090B10030001003549CB5003000B1003008
:100EB000BEB1003054B1003050B500300EB100303A
:100EC000B2B1003000ED00E080E100E080E200E03F
:100ED00015B10030E3B10030FEE700004FF40063CD
:100EE0003F4A30B5C2F89030BFF34F8FBFF36F8FDA
:100EF0003C49C2F8903101F58050C1F8343AC0F84D
:100F00003432D1F87021012422F4E002C1F87021BA
:100F1000C0F874324FF4405300220225C1F8184A39
:100F2000C0F81842C0F85842C1F8203AC0F8203240
:100F30002D4BC3F8D820C3F8DC20C3F8E020C3F859
:100F4000D840C3F8DC20C3F8E020C3F8D85003250C
:100F5000C3F8DC20C3F8E020C3F8D8500425C3F858
:100F6000DC20C3F8E020C3F8D8500525C3F8DC2006
:100F7000C3F8E020C3F8D8500625C3F8DC20C3F836
:100F8000E020C3F8D8500725C3F8DC20C3F8E020E0
:100F9000C3F8D850C3F8DC20C3F8E02062B69A60EA
:100FA000C1F8784AD1F878224FF41E710F4A516483
:100FB000D1645165D1655166996811611269C0F8B3
:100FC0007842D3F8882042F47002C3F88820084A97
:100FD000D2F8883043F47003C2F8883030BD00BFC7
:100FE00000E100E00080025600ED00E000800056C5
:100FF00000ED02E0704BF0B5186A00F44010B0F557
:10100000001F00F0C18008D800283BD0B0F5801F39
:101010003ED00023694A1360F0BDB0F5401FF8D1FF
:10102000D3F8C40000F04050B0F1805F38D0B0F188
:10103000005F47D0002857D1D3F8807017F00064C4
:1010400007F0E04040F0A980D3F88410D3F888205E
:10105000C7F30556C7F30B2521F07F41B0F1005FC0
:10106000C2F3C26C0446C2F3026200F08A8000F24E
:101070008D8000284AD0B0F1805F4FF0000477D017
:1010800000234AE09A6C4E4BC2F3C112D340C1E731
:101090005B6C4C4A13F4007F4B4B08BF1346B9E717
:1010A000D3F8907017F0006407F0E04075D1D3F8E2
:1010B0009410C7F30556D3F89820C7F30B2521F0F9
:1010C0007F41CBE7D3F8A07017F0006407F0E04051
:1010D00063D1D3F8A410C7F30556D3F8A820C7F3FB
:1010E0000B2521F07F41B9E7D3F8B07017F0006409
:1010F00007F0E04051D1D3F8B410C7F30556D3F848
:10110000B820C7F30B2521F07F41A7E72A4B986C45
:101110002B4BC0F3C110C3400CBB07EE901A07EE77
:10112000105AFAEEC47AB8EEC77A37EE877A07EE2D
:10113000903AF8EEE77A67EE277A07EE106AB8EE93
:10114000C77A02FB0CF2C7EE876A07EE902AB8EE68
:10115000E77AC6EE877AFCEEE77A17EE903A164AFF
:10116000D2F8C420C2F307420132B3FBF2F351E7D5
:10117000114B14485B6C13F4007F134B08BF0346FC
:10118000CAE70024114BC7E7104B43E7B0F1405FBB
:101190007FF476AF00240E4BBEE7B0F1005FF1D0D4
:1011A00006D80028B2D0B0F1805FE1D00023D6E7A6
:1011B000B0F1405FEFD0F9E700800256E8B40030AC
:1011C0000090D00300093D000024F400006CDC0214
:1011D0000080BB006DED81CF00B5FFF70BFF054B25
:1011E0005DF804EB18689FEC100A9FE80E90FDEC88
:1011F00081CF7447E8B40030C31E042B10B50446F9
:1012000003D9BE210948FFF767FE09492302CA68CE
:1012100003F4E06322F4E0621204120C134343F07F
:10122000BF6343F40033CB6010BD00BF5BB200303E
:1012300000ED00E00F2AF8B505460C46164603D926
:10124000D7211C48FFF748FE0F2C03D9D821194895
:10125000FFF742FE184A4FF0FF37D368C3F302236B
:10126000C3F10700191D042828BF0420033B0629E9
:101270008CBF1946002107FA00F024EA00038F40D2
:10128000002D03FA01F326EA0706B8BF05F00F05A3
:1012900043EA0603A8BF05F160454FEA0313B8BF50
:1012A000043DDBB2ABBF05F56145521985F800334B
:1012B0001376F8BD5BB2003000ED00E00138B0F10C
:1012C000807F0BD24FF0E023F021054A586182F86D
:1012D00023100020072298611A617047012070478F
:1012E00000ED00E0024B5868C0F3C000704700BF3B
:1012F00000800256024B5868C0F38000704700BF60
:1013000000800256024B5868C0F30020704700BFAF
:1013100000800256024B5868C0F34020704700BF5F
:1013200000800256024B5868C0F38020704700BF0F
:1013300000800256024B5868C0F3C020704700BFBF
:101340000080025670B50B691B4D8E68040162590E
:101350001B0243EA06534E6822F00C4222F0FF02C1
:1013600033439A4226D1154BCA68E35823F07F4392
:1013700093421FD1124BE258D1E905631B0602F0DC
:101380007C5243EAC6639A4214D10E4B5A684FF41A
:10139000807303FA00F090430AD0635913F0006F92
:1013A0000CBF012303230868C01A18BF012070BDB9
:1013B0000223F8E70120FAE7808002568480025673
:1013C000888002560080025670B54FF48074094E32
:1013D0008440C6F80048FFF747FB054673681C4287
:1013E00001D0002070BDFFF73FFB401B0128F5D95D
:1013F0000320F7E7008002560B682DE9F047022B27
:1014000081460D46834F844E4FEA001440F0998088
:101410004B6833F0405304D040F28E717F48FFF7A1
:101420005BFDEB68B3F1807F04D340F28F717B48A2
:10143000FFF752FDAB68013B3E2B04D94FF4F2613C
:101440007648FFF749FD40F6BA122B690A3B9342F2
:1014500004D940F291717148FFF73EFD6B69013B81
:10146000062B04D940F292716C48FFF735FDAB6949
:10147000013B062B04D940F293716848FFF72CFD1D
:101480004FF48078664B08FA09F8C3F80080FFF73C
:10149000EBFA8146DFF894A1DAF8043038EA030366
:1014A00040D0A3595F4943F00403A351E35923F00B
:1014B0000063E3512B69AA681B0243EA02536A687E
:1014C000E0591343584A02401343E351A259D5E966
:1014D00005031B0622F07C5243EAC0631343A35169
:1014E0006358EA6803F07F4313436350A35923F022
:1014F0000803A351EB681BB1A35943F00A03A3519E
:10150000A3594A4D43F0804343F00103A351C5F86A
:101510000088FFF7A9FA04466B6818EA030F0AD09F
:10152000002006E0FFF7A0FAA0EB09000128B3D9DC
:101530000320BDE8F087FFF797FA001B0128EBD9DD
:10154000F6E7032B46D14B687BB3B3F1805F32D013
:10155000B3F1005F32D0B3F1405F0DD040F2D171F2
:101560002E48FFF7B9FC6B68B3F1005F26D003D8B3
:10157000DBB1B3F1805F1ED04FF48076284B06FAC2
:1015800009F61E60FFF770FA8046DFF8A090D9F8E0
:10159000043036EA030316D0E3596A6823F0F043B7
:1015A000134343F00063E351BAE7FFF79BFE0028C3
:1015B000E2D10120BDE7FFF79DFEF8E71B4B5B681A
:1015C000DB06F6D5D8E7FFF74FFAA0EB08000128B5
:1015D000DDD9ADE7012BA3D14FF48075A359854028
:1015E00023F08043A3510E4BDFF840801D60FFF7CE
:1015F0003BFA0646D8F8043035EA030303D0E35932
:1016000023F00063CFE7FFF72FFA801B0128F1D901
:101610008EE700BF808002568880025696B2003066
:101620000090025684800256FF00008C0080025613
:10163000B0F1005F08B52CD00ED8B8B1B0F1805F22
:101640001FD00022B1F1005F47D02AD899B3B1F181
:10165000805F3AD0002236E0B0F1405FF1D1FFF771
:1016600069FE30B9214BD3F8B02007E0FFF74AFEFE
:1016700008B10122E6E71D4BD3F88020C2F3C06217
:10168000E0E7FFF747FE0028F3D1184BD3F890208E
:10169000F4E7FFF747FE0028EBD1144BD3F8A02066
:1016A000ECE7B1F1405FD5D1FFF744FE58B90F4BDD
:1016B000D3F8B03005E0FFF725FE20B90B4BD3F887
:1016C00080301B01C6D5104608BDFFF723FE002859
:1016D000F9D1064BD3F89030F3E7FFF723FE00284B
:1016E000F1D1024BD3F8A030EBE700BF00800256E7
:1016F0004FF40032884B70B5C3F8242102F1013257
:1017000002F61E62C3F82C215A6B42F480325A63EF
:101710009A6C22F4C0729A640822C3F80028FFF77A
:10172000A3F90446FFF7DEFD002800F0C88000237F
:10173000794D41F288362B62FFF796F904462B6A01
:1017400013F0405F40F0C480744B754A1A60754BCB
:10175000186805F011FD0446002840F0B68040F6F8
:101760001472714B1A60FFF77FF90546FFF7CAFD47
:10177000002840F0B480FFF777F90546FFF7CAFD6F
:10178000002840F0B380FFF76FF90546FFF7CAFD68
:10179000002840F0B280FFF767F90546FFF7CAFD61
:1017A0000246002840F0B0804FF480115A4B596235
:1017B0005E4918645864D9644FF400615965082182
:1017C00099605B494FF00060C3F880104FF400014E
:1017D000C3F884105749C3F888100839C3F890003B
:1017E000C3F89420C3F89810C3F8A000C3F8A4204D
:1017F000C3F8A810C3F8B0006FF07F40C3F8B4205E
:10180000C3F8B8104849C1F840024FF400314FF412
:101810004030C3F8C4104FF08051C3F8C800C3F87B
:10182000CC20C3F8D020C3F8D420C3F8D800C3F824
:10183000DC10C3F8E010C3F8E410C3F8E8104FF070
:101840000051C3F8EC00C3F8F010C3F8F410C3F86B
:10185000F810C3F8FC104FF04051C3F80011C3F862
:101860000411C3F80811C3F80C11C3F810110121B9
:10187000C3F84421C3F84821C3F84C114FF2F001DA
:10188000C3F85021C3F85411C3F85821D3F85C11A0
:1018900021F0EE6121F03701C3F85C1141F2FF3114
:1018A000C3F86021C3F86421C3F87021C3F8742120
:1018B000C3F87821C3F84C12C3F8482206E0FFF7BA
:1018C000D3F8001B01287FF62DAF0324204670BDFE
:1018D000FFF7CAF8001BB0427FF631AFF5E7FFF71C
:1018E000C3F8401B01287FF641AFEEE7FFF7BCF8D5
:1018F000401B01287FF642AFE7E7FFF7B5F8401B32
:1019000001287FF643AFE0E7FFF7AEF8401B012860
:101910007FF644AFD9E700BF00800256E8B400303C
:101920000090D003F0B4003000900256A1071F00D1
:10193000002520080D0000492DE9F74F044618B98D
:10194000012003B0BDE8F08F036833B1D90604D19C
:1019500040F2B3119348FFF7BFFA934B1E6A1D6A1A
:10196000D3F8802006F4401602F0E04BD3F8902024
:1019700005F0405502F0E04AD3F8A02002F0E0491B
:10198000D3F8B0205F68236802F0E048DA0763D438
:1019900023689B0700F1D4802368DA0622D5E36927
:1019A000002B00F04B83042B00F0518340F24621C2
:1019B0007C48FFF791FAB6F5801F40F04881E36953
:1019C000002BBDD0636A1F2B04D940F25921754802
:1019D000FFF782FA744A616A536C23F4F81343EAFE
:1019E0000143536423681B0700F1898123685F0763
:1019F00000F1B481A36A032B04D940F2E6216948BF
:101A0000FFF76AFAA76A002F40F01082636C032B7D
:101A100004D940F20E316348FFF75EFA676C002F7D
:101A200040F04682236E032B04D940F236315D48E4
:101A3000FFF752FA276E002F40F07C82E36F032BF2
:101A400004D940F25E315748FFF746FAE76F002F9E
:101A500040F0B282002074E76368002B00F0178327
:101A600023F40042102A00F00983504A934200F008
:101A7000058340F2C1114B48FFF72EFAB6F5001F5F
:101A800003D16368002B83D15AE7B5F1005FF8D02A
:101A9000BBF1005F01D1F805F3D4BAF1005F01D1C9
:101AA000B905EED4B9F1005F01D17A05E9D4B8F1F6
:101AB000005F01D13B05E4D462683B4B102A14D18E
:101AC000C3F80028FEF7D0FF636801905BB3364B84
:101AD0005A68D0063FF55CAFFEF7C6FF019BC01AFF
:101AE0006428314BF4D903202BE73AB91021304A4E
:101AF00011605A6D22F4C0325A65E3E748F21001D2
:101B00008A4209D15A6D42F400425A655A6D22F454
:101B100080325A651022D3E724498A42E6D15A6DB1
:101B200042F4C032F5E7204B5A68D1067FF530AF5A
:101B3000FEF79AFF019BC01A64281B4BF4D9D2E729
:101B4000E368002B00F08C82082B00F090824FF4A9
:101B5000FB711448FFF7C0F966BBE368002B3FF444
:101B6000EFAE236933F4C07304D04FF402710D4813
:101B7000FFF7B2F963697F2B04D940F209210948C4
:101B8000FFF7AAF9084A2169936C23F4C0730B4349
:101B90009364936C616923F4FE0343EA0143936405
:101BA000FAE600BF96B200300080025610800100B5
:101BB00000900256002DD0D0BBF1000F01D1FA05E4
:101BC000CBD4BAF1000F01D1BB05C6D4B9F1000FD7
:101BD00001D17805C1D4B8F1000F01D13905BCD4C9
:101BE000E36813B3236933F4C07304D040F21721C0
:101BF000AB48FFF771F963697F2B04D94FF4067185
:101C0000A748FFF769F90822A64BC3F80028FEF79A
:101C10002BFF0190FFF766FB0028B3D1FEF724FFEE
:101C2000019BC01A0128F5D95DE708229E4B1A6076
:101C3000FEF71AFF0190FFF755FB00283FF4ACAE0A
:101C4000FEF712FF019BC01A0128F4D94BE7B5F14A
:101C5000805F3FF4B4AEBBF1805F02D1FB053FF57E
:101C6000AEAEBAF1805F02D1B8053FF5A8AEB9F1CA
:101C7000805F02D179053FF5A2AEB8F1805F02D155
:101C80003A053FF59CAEE36943B3236A33F400732E
:101C900004D040F265218248FFF71EF9636A1F2BCA
:101CA00004D940F266217E48FFF716F97D4A216A81
:101CB000536C23F400730B4353640423C2F80038BD
:101CC000FEF7D2FE0746FFF715FB00287FF482AE31
:101CD000FEF7CAFEC01B0128F5D904E70422724BA7
:101CE0001A60FEF7C1FE0746FFF704FB00283FF429
:101CF00079AEFEF7B9FEC01B0128F5D9F3E6A3695A
:101D0000012B04D940F296216548FFF7E5F8A26956
:101D100001238AB1DFF88C81C8F80038FEF7A4FEF1
:101D20000746D8F80430D8073FF560AEFEF79CFEB2
:101D3000C01B0128F5D9D6E65B4ADFF8688113603D
:101D4000FEF792FE0746D8F80430D9077FF54EAE6D
:101D5000FEF78AFEC01B0128F5D9C4E6A36833F05C
:101D600002020AD048F2020223F48033934204D0E4
:101D700040F2C1214A48FFF7AFF8A368494F022B50
:101D800013D1C7F80038FEF76FFE41F288380746D6
:101D9000DFF81091D9F804309A073FF52BAEFEF723
:101DA00063FEC31B4345F5D99DE6D3B902223E4BE2
:101DB00041F288391A603B6C23F480333B643B6CFE
:101DC00023F400433B64FEF74FFE80467B689B078D
:101DD0007FF510AEFEF748FEA0EB08034B45F5D9A2
:101DE00081E648F20202934209D13B6C43F400437E
:101DF0003B643B6C23F480333B640223C1E72B4AF2
:101E0000934207D13B6C43F400433B643B6C43F487
:101E10008033F1E70222244B1A603B6C23F4004329
:101E20003B643B6C23F480333B64ACE7002004F15B
:101E30002801FFF787FA012826D1B6F5401F06D101
:101E4000184BD3F8C43013F0405F3FF479ADB5F1CF
:101E5000405F12D1134BD3F8C82012F0405F3FF41B
:101E60006FADD3F8D82012F0405F3FF469ADD3F8DE
:101E7000EC3013F0405F3FF463AD0020FFF7BCFA95
:101E800000283FF4C3AD5BE5022F7FF4BFADFFF741
:101E900039FA00287FF4BAADFFF796FAF0E700BFF1
:101EA00096B2003000800256009002560280010077
:101EB000012004F14401FFF745FA01282ED1B6F5BF
:101EC000401F08D1764BD3F8C43003F04053B3F130
:101ED000805F3FF435ADB5F1405F18D1704BD3F85A
:101EE000C82002F04052B2F1805F3FF429ADD3F830
:101EF000D82002F04052B2F1805F3FF421ADD3F818
:101F0000EC3003F04053B3F1805F3FF419AD012092
:101F1000FFF772FA00283FF485AD11E5022F7FF438
:101F200081ADFFF7F7F900287FF47CAD0120FFF7C2
:101F30004BFAEFE7022004F16001FFF703FA0128F2
:101F40002ED1B6F5401F08D1554BD3F8C43003F05D
:101F50004053B3F1005F3FF4F3ACB5F1405F18D1EB
:101F60004F4BD3F8C82002F04052B2F1005F3FF46B
:101F7000E7ACD3F8D82002F04052B2F1005F3FF452
:101F8000DFACD3F8EC3003F04053B3F1005F3FF423
:101F9000D7AC0220FFF730FA00283FF44FADCFE472
:101FA000022F7FF44BADFFF7BDF900287FF446AD5B
:101FB0003846FFF709FAEFE7032004F17C01FFF749
:101FC000C1F901282ED1B6F5401F08D1344BD3F802
:101FD000C43003F04053B3F1405F3FF4B1ACB5F10E
:101FE000405F18D12E4BD3F8C82002F04052B2F116
:101FF000405F3FF4A5ACD3F8D82002F04052B2F1D4
:10200000405F3FF49DACD3F8EC3003F04053B3F1A4
:10201000405F3FF495AC0320FFF7EEF9003818BF9E
:1020200001208EE4022F7FF415ADFFF783F900281D
:102030007FF410AD0320FFF7C7F9EFE7B6F5801F77
:102040003FF47EACB5F1805F7FF405AE78E4B6F581
:10205000801F3FF4B7ACB5F1805F7FF4FCADB1E415
:10206000002E3FF46DAC002D7FF4A6AD68E4002E89
:102070003FF477AD002D3FF474AD9DE5B6F5001F3C
:102080003FF486ACB5F1005F7FF402AD80E4B6F5B5
:10209000001F3FF455ACB5F1005F7FF4F9AC4FE49D
:1020A00000800256224A10B5136A03F44013B3F5B8
:1020B000001F3AD005D8E3B1B3F5801F1FD0002030
:1020C0001CE0B3F5401FFAD1D2F8C400D2F8C430F6
:1020D000C0F3074003F04053B3F1005F00F1010487
:1020E00020D014D8CBB1B3F1805FE8D103F0A2FBCC
:1020F00015E0936C0F48C3F3C113D84010BD536C67
:102100000D4813F4007F0D4B08BF1846F6E7B3F1F6
:10211000405FD4D103F00EFC01E003F04BFBB0FBB9
:10212000F4F0EBE703F0C6FBF9E70548E6E700BF8C
:10213000008002560090D0030024F40000093D0006
:10214000006CDC02F8B5044608B90120F8BD03684C
:102150007F2B04D94FF46A719348FEF7BDFE2368C4
:102160001F0713D52369072B04D940F2AF318E48DE
:10217000FEF7B2FE8D4A2169536A03F007039942C4
:1021800081BF536A23F007030B4353622368DE06C3
:1021900016D5636933F0300306D0402B04D040F2EB
:1021A000B9318148FEF798FE804A6169536A03F0AD
:1021B0007003994281BF536A23F070030B4353624B
:1021C00023689D0617D5A36933F4405307D0B3F5B0
:1021D000804F04D040F2C3317348FEF77DFE734A4E
:1021E000A169536A03F4E043994281BF536A23F41F
:1021F000E0430B4353622368580617D5E36933F471
:10220000403307D0B3F5802F04D040F2CD3166487B
:10221000FEF762FE654AE169536A03F4E0239942DE
:1022200081BF536A23F4E0230B43536223685907A9
:1022300017D5E36833F4401307D0B3F5800F04D00B
:1022400040F2D7315848FEF747FE584AE168536AD2
:1022500003F4E003994281BF536A23F4E0030B4384
:1022600053622368DA072AD5636833F4403304D015
:1022700040F2E2314C48FEF72FFE6368B3F5003FB1
:1022800040F09A80494B5B68DB067FF55EAF474DB7
:1022900062682B6A41F2883723F4403313432B6280
:1022A000FEF7E2FB06462B6A626803F44013B3EBC9
:1022B000021F40F0B680FFF7F5FE3D4B1860236823
:1022C0009F0700F1B68023685E0700F159812368FB
:1022D000180713D52369072B04D940F28D413248E2
:1022E000FEF7FAFD314A2169536A03F00703994268
:1022F0003FBF536A23F007030B4353622368D90699
:1023000016D5636933F0300306D0402B04D040F279
:1023100097412548FEF7E0FD244A6169536A03F0BE
:10232000700399423FBF536A23F070030B4353621B
:1023300023689A0617D5A36933F4405307D0B3F541
:10234000804F04D040F2A1411748FEF7C5FD174A5F
:10235000A169536A03F4E04399423FBF536A23F4EF
:10236000E0430B43536223685B0617D5E36933F4FC
:10237000403307D0B3F5802F04D040F2AB410A4878
:10238000FEF7AAFD094AE169536A03F4E023994282
:102390003FBF536A23F4E0230B435362054B186895
:1023A000BDE8F84004F0E8BE96B200300080025666
:1023B000E8B40030F0B40030B3F5403F25D1236AD3
:1023C00033F0405304D040F2F1317A48FEF784FDF7
:1023D000636A013BFF2B04D940F2F2317548FEF7E6
:1023E0007BFD754D216AD5F8C40000F04050FFF721
:1023F0001FF901287FF4A9AE636A013B41EA03415A
:10240000C5F8C410C5F8400A41E7B3F5803F05D1CF
:10241000FEF770FF00287FF43AAF96E6FEF762FF02
:10242000F8E7FEF721FB801BB8427FF63CAF0320A4
:102430008CE6A36833F0407304D040F22B415D4832
:10244000FEF74AFDA368B3F1007F1ED15A4B5B68CB
:10245000DD067FF57AAE584DA2682B6A41F28837C7
:1024600023F0407313432B62FEF7FEFA06462B6AF5
:10247000A26803F04053B3EB021F3FF424AFFEF712
:10248000F3FA801BB842F2D9D1E7B3F1407F6DD1A6
:10249000A36A33F0405304D040F23A414548FEF776
:1024A0001BFDE36A013BFF2B04D940F23B4141484D
:1024B000FEF712FD236B33F0405304D040F23C4151
:1024C0003C48FEF709FD636B013BFF2B04D940F24A
:1024D0003D413848FEF700FDA36B33F0405304D074
:1024E00040F23E413348FEF7F7FCE36B013BFF2B24
:1024F00004D940F23F412F48FEF7EEFC2E4DA76A6B
:10250000D5F8C800394600F04050FFF791F801288F
:102510007FF41BAED5F8D800266B00F04050314652
:10252000FFF786F801287FF410AED5F8EC00A16B18
:1025300000F04050FFF77CF801287FF406AEE36A14
:10254000013B47EA0347C5F8C870636B013B46EAA5
:102550000346C5F8D860E36B013B41EA034140F212
:102560002243C5F8EC10C5F8403A74E72BB9FEF7E2
:10257000B9FE00287FF46FAFE7E5FEF7BBFEF8E792
:10258000E36833F4401307D0B3F5800F04D040F272
:1025900082410848FEF7A0FC074AE168536A03F449
:1025A000E00399423FBF536A23F4E0030B435362B5
:1025B0008DE600BF96B2003000800256224A10B568
:1025C000136A03F04053B3F1005F3AD005D8E3B18A
:1025D000B3F1805F1FD000201CE0B3F1405FFAD15F
:1025E000D2F8C800D2F8C830C0F3074003F0405317
:1025F000B3F1005F00F1010420D014D8CBB1B3F1E6
:10260000805FE8D103F016F915E0936C0F48C3F32F
:10261000C113D84010BD536C0D4813F4007F0D4B0F
:1026200008BF1846F6E7B3F1405FD4D103F082F952
:1026300001E003F0BFF8B0FBF4F0EBE703F03AF988
:10264000F9E70548E6E700BF008002560090D00396
:102650000024F40000093D00006CDC0208B5FFF71F
:10266000ADFF054B5A6A5B6AC2F30252D04003F0D9
:102670000703D84008BD00BF00800256024B5868CF
:10268000C0F30010704700BF00800256024B58682C
:10269000C0F3C000704700BF00800256024B58686C
:1026A000C0F38000704700BF00800256024B58689C
:1026B000C0F34000704700BF00800256074930B5A4
:1026C000C4B2C0F304256358020EAA40C0F3074009
:1026D00023EA0203A8400343635030BD44810256FD
:1026E000054BC2B2D158C0F30422030E93400B40F5
:1026F000D34040EA0340704744810256024BD3F86E
:102700004002C0F38010704700800256034BD3F89C
:10271000DC00C0F307400130704700BF0080025664
:10272000024BD3F84002C0F3C0107047008002563D
:10273000034BD3F8E000C0F307400130704700BFFF
:1027400000800256024BD3F84002C0F300207047CD
:1027500000800256034BD3F8E400C0F30740013079
:10276000704700BF00800256024BD3F84002C0F30E
:102770004030704700800256034BD3F8F800C0F396
:1027800007400130704700BF00800256024BD3F86B
:102790004002C0F38030704700800256034BD3F8EC
:1027A000FC00C0F307400130704700BF00800256B4
:1027B000024B5B6AC3F30253D84070470080025655
:1027C000B0F1005F08B523D005D848B1B0F1805F03
:1027D00011D0002008BDB0F1405FFAD10F48F9E7F1
:1027E000FFF754FF0028F4D00D4B0E489B6CC3F349
:1027F000C113D840EEE7FFF751FF0028E9D0084B9E
:1028000009485B6C13F4007F084B08BF1846E1E7EA
:10281000FFF734FF0028DCD00548DBE70080BB0071
:10282000008002560090D0030024F40000093D000F
:10283000006CDC0206EE102A07EE903A06EE900AD3
:10284000B8EE466AFAEEC47A07EE101A77EE867A88
:10285000F8EE666AB8EE477A67EEA67A87EE876A80
:10286000DDED007AF8EE677AC6EE276ADDED017AD3
:10287000F8EE677A86EEA77AFCEEC77A17EE900A32
:1028800070470000D0E9002323F07E431A4370B55F
:10289000044603D18D21BA48FEF71EFB23681A01B6
:1028A00040F18E80D4F8843123F40072B2F5807F39
:1028B0005AD0B3F5007F57D023F40052B2F5985F99
:1028C00052D023F48042B2F50C5F4DD023F4104275
:1028D000B2F5864F48D023F40042B2F5E64F43D01C
:1028E00023F44052B2F5034F3ED023F48031B1F5CA
:1028F000634F39D0A3498A4236D001F580418A42DC
:1029000032D001F580418A422ED023F4043001F503
:102910008041884228D023F4003001F5405188429C
:1029200022D001F580518A421ED001F580418A42B1
:102930001AD001F580418A4216D001F580418A42C1
:1029400012D001F580418A420ED001F580418A42C1
:102950000AD001F580418A4206D08B4A934203D0C7
:1029600093218748FEF7B8FA884BD4F88411D3F83E
:102970005C3113F4407341F09986B1F5807F09D141
:10298000FEF772F841F288360546FFF78FFE002801
:1029900001F09D86D4F884017C4A00F44071B1F5C1
:1029A000407F08D1D2F85C3120F4407023F47C33AE
:1029B0000343C2F85C31D2F85C311943C2F85C11B0
:1029C000002523685E0738D5D4F8B830072B03D923
:1029D000D9216B48FEF780FAD4F8B830042B41F0C7
:1029E0007F86A36A33F0405303D0DE216448FEF7AC
:1029F00073FAE36A013BFF2B03D9DF216048FEF73E
:102A00006BFA624AE16AD2F8D430A06A23F04353E9
:102A100023F47C130139034343EA0143C2F8D43061
:102A20001023C2F8403A594AD4F8B810D2F85C31B1
:102A300023F007030B43C2F85C316368580239D5B1
:102A4000D4F8AC30524A23F44033934204D040F2DD
:102A500029114B48FEF740FAD4F8AC304D4A934266
:102A600041F0FA86A36933F0405304D04FF49771D4
:102A70004348FEF731FAE369013BFF2B04D940F2EA
:102A80002F113F48FEF728FA404AE169D2F8CC30CE
:102A9000A06923F0435323F47C130139034343EA31
:102AA0000143C2F8CC300423C2F8403AD4F8AC0059
:102AB000FFF704FE6368190239D5D4F8B030364AFE
:102AC00023F44033934204D04FF4AB712C48FEF70B
:102AD00003FAD4F8B030314A934241F0ED86A3694D
:102AE00033F0405304D040F25B112548FEF7F4F96F
:102AF000E369013BFF2B04D94FF4AE712048FEF788
:102B0000EBF9224AE169D2F8CC30A06923F04353B3
:102B100023F47C130139034343EA0143C2F8CC3068
:102B20000423C2F8403AD4F8B000FFF7C7FD636849
:102B3000DA014FD5D4F8B430194A23F44033934224
:102B400004D040F283110E48FEF7C6F9D4F8B43031
:102B5000144A934241F0E086A36933F0405304D015
:102B60004FF4C4710648FEF7B7F9E369013BFF2B48
:102B70001AD940F289110248FEF7AEF914E000BFFD
:102B8000CEB200300003010000E3030000800256D3
:102B900014000003140002031404000314040203CD
:102BA0001408000314080203BE4AE169D2F8CC30CD
:102BB000A06923F0435323F47C130139034343EA10
:102BC0000143C2F8CC300423C2F8403AD4F8B40030
:102BD000FFF774FD23681B053CD5D4F8A83033F00B
:102BE000300304D04FF4D871AF48FEF775F9D4F82C
:102BF000A830202B41F0C086A36933F0405304D0A5
:102C000040F2B511A848FEF767F9E369013BFF2BD5
:102C100004D94FF4DB71A448FEF75EF9A14AE169DB
:102C2000D2F8CC30A06923F0435323F47C1301394C
:102C3000034343EA0143C2F8CC300423C2F8403ACC
:102C4000984AD4F8A810D2F84C3123F030030B4343
:102C5000C2F84C3123685E0039D5D4F82831934A44
:102C600023F44033934204D040F2DD118E48FEF746
:102C700033F9D4F828318E4A934241F0AB86236A67
:102C800033F0405304D04FF4F1718748FEF724F934
:102C9000636A013BFF2B04D940F2E3118248FEF73F
:102CA0001BF9804A616AD2F8D030206A23F043537E
:102CB00023F47C130139034343EA0143C2F8D030C3
:102CC0000823C2F8403AD4F82801FFF7F7FC23683C
:102CD000002B39DAD4F82C31764A23F4403393426E
:102CE00004D040F20A217048FEF7F6F8D4F82C31EF
:102CF000714A934241F09E86236A33F0405304D0D8
:102D000040F20F216848FEF7E7F8636A013BFF2BAA
:102D100004D94FF404716448FEF7DEF8614A616A31
:102D2000D2F8D030206A23F0435323F47C130139C6
:102D3000034343EA0143C2F8D0300823C2F8403AC3
:102D4000D4F82C01FFF7BAFC2368D8073ED5D4F895
:102D5000BC3033F0300306D0402B04D040F2372192
:102D60005148FEF7B9F8D4F8BC30202B41F09486D6
:102D7000A36B33F0405304D04FF40F714A48FEF771
:102D8000ABF8E36B013BFF2B04D940F23D214648F1
:102D9000FEF7A2F8434AE16BD2F8DC30A06B23F0D7
:102DA000435323F47C130139034343EA0143C2F83C
:102DB000DC304023C2F8403A3A4AD4F8BC10D2F88A
:102DC000443123F070030B43C2F844312368990760
:102DD0003BD5D4F8C030072B04D94FF419713248D1
:102DE000FEF77AF8D4F8C030022B41F09986A36B35
:102DF00033F0405304D040F269212B48FEF76CF8C1
:102E0000E36B013BFF2B04D940F26A212648FEF711
:102E100063F8244AE16BD2F8DC30A06B23F0435313
:102E200023F47C130139034343EA0143C2F8DC3045
:102E30004023C2F8403A1B4AD4F8C010D2F84431BB
:102E400023F007030B43C2F8443123681A0735D532
:102E5000D4F8903033F0405304D040F2912112481E
:102E6000FEF73AF8D4F89430013BFF2B04D940F236
:102E700092210D48FEF730F80A4AD4F89410D2F89F
:102E80000831D4F8900023F0435323F47C13013924
:102E9000034343EA0143C2F808314FF40033C2F858
:102EA000403A0BE000800256CEB200301C00000316
:102EB0001C0002031C0400031C0402032368DB063D
:102EC00042D5D4F8C43033F4401304D04FF4287101
:102ED000C348FEF701F8D4F8C430B3F5001F41F041
:102EE0004D86D4F8883033F0405304D040F2A52109
:102EF000BB48FDF7F1FFD4F88C30013BFF2B04D920
:102F000040F2A621B648FDF7E7FFB64AD4F88C1088
:102F1000D2F80431D4F8880023F0435323F47C130F
:102F20000139034343EA0143C2F804314FF48033CB
:102F3000C2F8403AAB4AD4F8C410D2F8443123F472
:102F400040130B43C2F8443123689E063ED5D4F8A3
:102F5000C83033F4405304D04FF43071A048FDF72B
:102F6000BBFFD4F8C830B3F5005F41F01086236E84
:102F700033F0405304D040F2C5219948FDF7ACFF2F
:102F8000636E013BFF2B04D940F2C6219448FDF744
:102F9000A3FF944A616ED2F8F030206E23F04353C1
:102FA00023F47C130139034343EA0143C2F8F030B0
:102FB0004FF40063C2F8403A8A4AD4F8C810D2F8F5
:102FC000483123F440530B43C2F848312368580674
:102FD00016D5D4F8CC3033F4803207D0B3F5802F37
:102FE00004D04FF438717E48FDF776FF7D4AD4F85F
:102FF000CC10D2F8483123F4E0230B43C2F8483117
:103000002368190613D5D4F8D03033F4801304D0D4
:1030100040F2EA217248FDF75FFF724AD4F8D010FF
:10302000D2F8483123F480130B43C2F848312368A7
:10303000DA0513D5D4F8D43033F0807304D04FF4CC
:103040003D716748FDF748FF664AD4F8D410D2F8BE
:10305000483123F080730B43C2F8483123689B0545
:1030600047D5D4F8D830032B04D940F2FE215C4870
:10307000FDF732FFD4F8DC30013B0F2B04D940F2CE
:10308000FF215748FDF728FFD4F8D830022B41F034
:103090008785A36E33F0405304D04FF441715048FC
:1030A000FDF71AFFE36E013BFF2B04D940F2053117
:1030B0004B48FDF711FF4B4AE16ED2F8F430A06E99
:1030C00023F0435323F47C130139034343EA0143C0
:1030D000C2F8F4304FF48053C2F8403A4149D4E981
:1030E0003603D1F84821034322F0F3021343C1F819
:1030F000483123685E0540D5D4F8E030032B04D96D
:103100004FF448713648FDF7E7FED4F8E030022B63
:1031100041F04E85D4F8983033F0405304D040F25B
:1031200025312F48FDF7D8FED4F89C30013BFF2B0A
:1031300004D940F226312A48FDF7CEFE294AD4F8B8
:103140009C10D2F80C31D4F8980023F0435323F4A8
:103150007C130139034343EA0143C2F80C314FF4B5
:103160008023C2F8403A1F4AD4F8E010D2F84C311C
:1031700023F003030B43C2F84C312368D8044AD52B
:10318000D4F8E430184A23F4403191420AD023F4B1
:10319000803302F58022934204D04FF450711048DE
:1031A000FDF79AFED4F8E430104A934241F00885C6
:1031B000236D33F0405304D040F245310848FDF709
:1031C0008BFE636D013BFF2B04D940F2463104486E
:1031D000FDF782FE034A616DD2F8E83008E000BFD7
:1031E000CEB20030008002560C0000070C0002072F
:1031F000206D23F0435323F47C130139034343EA46
:103200000143C2F8E8304FF40073C2F8403AD4F8F2
:10321000E400FFF753FA2368990440D5D4F8E83066
:10322000B94A23F4403191420AD023F4803302F5A5
:103230008022934204D040F26D31B448FDF74CFE39
:10324000D4F8E830B24A934241F0EB84236D33F076
:10325000405304D040F27231AC48FDF73DFE636D3F
:10326000013BFF2B04D940F27331A848FDF734FE2F
:10327000A84A616DD2F8E830206D23F0435323F45F
:103280007C130139034343EA0143C2F8E8304FF4A9
:103290000073C2F8403AD4F8E800FFF70FFA236849
:1032A0005A0440D5D4F8EC309B4A23F44031914283
:1032B0000AD023F4803302F58022934204D040F2F6
:1032C0009A319248FDF708FED4F8EC30934A9342C5
:1032D00041F0D884236D33F0405304D040F29F3145
:1032E0008A48FDF7F9FD636D013BFF2B04D94FF4CC
:1032F00068718648FDF7F0FD864A616DD2F8E830C6
:10330000206D23F0435323F47C130139034343EA34
:103310000143C2F8E8304FF40073C2F8403AD4F8E1
:10332000EC00FFF7CBF923681B0440D5D4F8F0304C
:103330007B4A23F4403191420AD023F4803302F5D2
:103340008022934204D040F2C7317048FDF7C4FD9B
:10335000D4F8F030734A934241F0C584236D33F0C2
:10336000405304D04FF473716848FDF7B5FD636DA9
:10337000013BFF2B04D940F2CD316448FDF7ACFD91
:10338000644A616DD2F8E830206D23F0435323F492
:103390007C130139034343EA0143C2F8E8304FF498
:1033A0000073C2F8403AD4F8F000FFF787F92368B9
:1033B000DE0340D5D4F8F4305B4A23F44031914227
:1033C0000AD023F4803302F58022934204D04FF4D4
:1033D0007D714E48FDF780FDD4F8F430534A934296
:1033E00041F0B284236D33F0405304D040F2F93100
:1033F0004648FDF771FD636D013BFF2B04D940F298
:10340000FA314248FDF768FD424A616DD2F8E83072
:10341000206D23F0435323F47C130139034343EA23
:103420000143C2F8E8304FF40073C2F8403AD4F8D0
:10343000F400FFF743F92368980340D5D4F8F83037
:103440003B4A23F4403191420AD023F4803302F501
:103450008022934204D040F221412C48FDF73CFDEC
:10346000D4F8F830334A934241F09F84236D33F00F
:10347000405304D040F226412448FDF72DFD636DF2
:10348000013BFF2B04D940F227412048FDF724FDE2
:10349000204A616DD2F8E830206D23F0435323F4C5
:1034A0007C130139034343EA0143C2F8E8304FF487
:1034B0000073C2F8403AD4F8F800FFF7FFF8236829
:1034C00059035DD5D4F8FC301B4A23F440319142B6
:1034D0000AD023F4803302F58022934204D040F2D4
:1034E0004E410A48FDF7F8FCD4F8FC30134A9342E9
:1034F00041F0A884A36F33F0405321D040F25341F0
:103500000248FDF7E9FC1BE00C040007CEB20030D6
:103510000C040207008002560C0800070C08020782
:103520000C0C00070C0C02070C1000070C10020713
:103530000C1400070C1402072C0800072C080207C3
:10354000E36F013BFF2B04D940F25441BA48FDF729
:10355000C3FCBA4AE16FD2F8FC30A06F23F04353AA
:1035600023F47C130139034343EA0143C2F8FC30DE
:103570004FF48043C2F8403AD4F8FC00FFF79EF8BD
:1035800023681A0340D5D4F80031AD4A23F4403102
:1035900091420AD023F4803302F58022934204D072
:1035A00040F26E41A448FDF797FCD4F80031A54ADB
:1035B000934241F05084A36F33F0405304D040F263
:1035C00073419D48FDF788FCE36F013BFF2B04D955
:1035D00040F274419848FDF77FFC984AE16FD2F8B9
:1035E000FC30A06F23F0435323F47C1301390343D1
:1035F00043EA0143C2F8FC304FF48043C2F8403A3A
:10360000D4F80001FFF75AF82368DB0240D5D4F85C
:1036100004318D4A23F4403191420AD023F480339F
:1036200002F58022934204D040F28E418248FDF799
:1036300053FCD4F80431854A934241F01584A36FBA
:1036400033F0405304D040F293417B48FDF744FCF3
:10365000E36F013BFF2B04D940F294417648FDF71C
:103660003BFC764AE16FD2F8FC30A06F23F0435365
:1036700023F47C130139034343EA0143C2F8FC30CD
:103680004FF48043C2F8403AD4F80401FFF716F82B
:1036900023689E0240D5D4F808316D4A23F44031A6
:1036A00091420AD023F4803302F58022934204D061
:1036B00040F2AE416048FDF70FFCD4F80831654A8E
:1036C000934241F0DA83A36F33F0405304D040F2C9
:1036D000B3415948FDF700FCE36F013BFF2B04D9D0
:1036E00040F2B4415448FDF7F7FB544AE16FD2F879
:1036F000FC30A06F23F0435323F47C1301390343C0
:1037000043EA0143C2F8FC304FF48043C2F8403A28
:10371000D4F80801FEF7D2FF2368580240D5D4F848
:103720000C314D4A23F4403191420AD023F48033C6
:1037300002F58022934204D040F2CE413E48FDF78C
:10374000CBFBD4F80C31454A934241F09F83A36FE1
:1037500033F0405304D040F2D3413748FDF7BCFB6F
:10376000E36F013BFF2B04D940F2D4413248FDF70F
:10377000B3FB324AE16FD2F8FC30A06F23F0435321
:1037800023F47C130139034343EA0143C2F8FC30BC
:103790004FF48043C2F8403AD4F80C01FEF78EFF94
:1037A000236819025CD5D4F8103133F440720CD080
:1037B00023F48072B2F5806F07D0B3F5C06F04D0E8
:1037C00040F2EE411C48FDF787FBD4F81031B3F509
:1037D000007F41F06483A36C33F0405304D040F287
:1037E000F3411548FDF778FBE36C013BFF2B04D94F
:1037F00040F2F4411048FDF76FFB104AE16CD2F83B
:10380000E430A06C23F0435323F47C1301390343C9
:1038100043EA0143C2F8E4304FF48073C2F8403AFF
:10382000064AD4F81011D2F8783123F4E0630B4340
:10383000C2F8783114E000BFCEB2003000800256EA
:103840002C0C00072C0C02072C1000072C10020770
:103850002C1400072C1402072C1800072C18020740
:103860002368DA0142D5D4F8143133F0407304D020
:1038700040F21B51C348FDF72FFBD4F81431B3F1CC
:10388000007F41F03D83D4F8803033F0405304D0C2
:103890004FF4A461BB48FDF71FFBD4F88430013B13
:1038A000FF2B04D940F22151B648FDF715FBB64A6B
:1038B000D4F88410D2F80031D4F8800023F04353B8
:1038C00023F47C130139034343EA0143C2F8003176
:1038D0004FF40043C2F8403AAB4AD4F81411D2F87E
:1038E000503123F040730B43C2F8503123689B01E1
:1038F00040D5D4F8183133F4403307D0B3F5802FD6
:1039000004D040F23B519F48FDF7E6FAD4F8183155
:10391000B3F5003F41F0FD82A36B33F0405304D078
:103920004FF4A8619748FDF7D7FAE36B013BFF2BF3
:1039300004D940F241519348FDF7CEFA924AE16B27
:10394000D2F8DC30A06B23F0435323F47C1301390D
:10395000034343EA0143C2F8DC304023C2F8403A53
:10396000894AD4F81811D2F8543123F4E0230B43D8
:10397000C2F8543123685E0141D5D4F81C3133F0CC
:10398000300304D04FF4AD617E48FDF7A5FAD4F8BA
:103990001C31202B41F0ED82D4F8A03033F040539D
:1039A00004D040F26D517748FDF796FAD4F8A43070
:1039B000013BFF2B04D940F26E517248FDF78CFA9F
:1039C000714AD4F8A410D2F81031D4F8A00023F032
:1039D000435323F47C130139034343EA0143C2F800
:1039E00010314FF40023C2F8403A674AD4F81C1152
:1039F000D2F85C3123F030030B43C2F85C3123680A
:103A0000D8003DD5D4F82031604A23F440339342A6
:103A100008D002F58022934204D04FF4B161594896
:103A2000FDF75AFAD4F82031594A934241F0A9825D
:103A3000A36B33F0405304D040F28D515148FDF751
:103A40004BFAE36B013BFF2B04D940F28E514D48FA
:103A5000FDF742FA4C4AE16BD2F8DC30A06B23F060
:103A6000435323F47C130139034343EA0143C2F86F
:103A7000DC304023C2F8403AD4F82001FEF71EFEA5
:103A8000236899003DD5D4F82431424A23F44033C9
:103A9000934208D002F58022934204D040F2B551FF
:103AA0003848FDF719FAD4F824313B4A934241F0E3
:103AB0009882A36B33F0405304D040F2BA5131489E
:103AC000FDF70AFAE36B013BFF2B04D940F2BB512F
:103AD0002C48FDF701FA2C4AE16BD2F8DC30A06BE0
:103AE00023F0435323F47C130139034343EA014396
:103AF000C2F8DC304023C2F8403AD4F82401FEF783
:103B0000DDFD6368DA0749D5D4F84831062B04D9BE
:103B100040F2E2511B48FDF7DFF9D4F84831022B9F
:103B200041F08F82A36B33F0405304D040F2E75151
:103B30001448FDF7D1F9E36B013BFF2B04D94FF497
:103B4000BD611048FDF7C8F90F4AE16BD2F8DC30CF
:103B5000A06B23F0435323F47C130139034343EA5E
:103B60000143C2F8DC304023C2F8403A064AD4F898
:103B70004811D2F8643123F007030B43C2F86431D3
:103B80000CE000BFCEB200300080025618140007CF
:103B900018140207181800071818020763689B0713
:103BA00043D5D4F83031BA4A23F4403191420ED093
:103BB00023F4803102F58022914208D002F50032D0
:103BC000934204D040F20F61B248FDF785F9D4F872
:103BD0003031B14A934241F06282236C33F040535A
:103BE00004D040F21461AB48FDF776F9636C013BF9
:103BF000FF2B04D940F21561A648FDF76DF9A74ADD
:103C0000616CD2F8E030206C23F0435323F47C1332
:103C10000139034343EA0143C2F8E0308023C2F88C
:103C2000403AD4F83001FEF749FD63685E0743D59A
:103C3000D4F834319A4A23F4403191420ED023F41F
:103C4000803102F58022914208D002F50032934281
:103C500004D040F23C618F48FDF73EF9D4F834318E
:103C6000904A934241F06682236C33F0405304D073
:103C700040F241618748FDF72FF9636C013BFF2B50
:103C800004D940F242618348FDF726F9834A616C0A
:103C9000D2F8E030206C23F0435323F47C13013935
:103CA000034343EA0143C2F8E0308023C2F8403ABC
:103CB000D4F83401FEF702FD6368180743D5D4F841
:103CC0003831794A23F4403191420ED023F48031C7
:103CD00002F58022914208D002F50032934204D0CE
:103CE00040F269616B48FDF7F7F8D4F838316F4A54
:103CF000934241F05082236C33F0405304D040F2A1
:103D00006E616448FDF7E8F8636C013BFF2B04D952
:103D100040F26F615F48FDF7DFF8604A616CD2F8EE
:103D2000E030206C23F0435323F47C130139034328
:103D300043EA0143C2F8E0308023C2F8403AD4F8A5
:103D40003801FEF7BBFC6368D90644D5D4F83C3192
:103D5000574A23F4403191420ED023F4803102F5CA
:103D60008022914208D002F50032934204D040F202
:103D700096614848FDF7B0F8D4F83C314D4A93427B
:103D800041F03A82A36C33F0405304D040F29B617F
:103D90004048FDF7A1F8E36C013BFF2B04D940F24A
:103DA0009C613C48FDF798F83C4AE16CD2F8E4305D
:103DB000A06C23F0435323F47C130139034343EAFB
:103DC0000143C2F8E4304FF48073C2F8403AD4F8AB
:103DD0003C01FEF773FC63689A0644D5D4F8403181
:103DE000354A23F4403191420ED023F4803102F55C
:103DF0008022914208D002F50032934204D040F272
:103E0000C3612448FDF768F8D4F840312B4A934247
:103E100041F02382A36C33F0405304D04FF4D961B6
:103E20001C48FDF759F8E36C013BFF2B04D940F225
:103E3000C9611848FDF750F8184AE16CD2F8E4302F
:103E4000A06C23F0435323F47C130139034343EA6A
:103E50000143C2F8E4304FF48073C2F8403AD4F81A
:103E60004001FEF72BFC63685B065ED5D4F8443155
:103E7000134A23F44031914229D023F4803102F5D2
:103E80008022914223D002F5003293421FD019E0E4
:103E900020040007CEB20030200402070080025642
:103EA0002008000720080207200C0007200C02074A
:103EB000201000072010020720140007201402071A
:103EC000201800074FF4DE61BA48FDF705F8D4F872
:103ED0004431B94A934241F0F181236C33F04053AD
:103EE00004D040F2F561B348FCF7F6FF636C013B88
:103EF000FF2B04D940F2F661AE48FCF7EDFFAF4A64
:103F0000616CD2F8E030206C23F0435323F47C132F
:103F10000139034343EA0143C2F8E0308023C2F889
:103F2000403AD4F84401FEF7C9FB6368DE0544D586
:103F3000D4F84C31A24A23F4403191420ED023F4FC
:103F4000803102F58022914208D002F5003293427E
:103F500004D040F21D719748FCF7BEFFD4F84C31F5
:103F6000984A934241F0DB81A36C33F0405304D074
:103F700040F222718F48FCF7AFFFE36C013BFF2B4F
:103F800004D940F223718B48FCF7A6FF8B4AE16C01
:103F9000D2F8E430A06C23F0435323F47C130139AE
:103FA000034343EA0143C2F8E4304FF48073C2F89C
:103FB000403AD4F84C01FEF781FB6368980544D57C
:103FC000D4F85031804A23F4403191420ED023F48A
:103FD000803102F58022914208D002F500329342EE
:103FE00004D040F24A717348FCF776FFD4F85031A0
:103FF000764A934241F0C481A36C33F0405304D01D
:1040000040F24F716B48FCF767FFE36C013BFF2BFD
:1040100004D94FF4EA616748FCF75EFF674AE16C38
:10402000D2F8E430A06C23F0435323F47C1301391D
:10403000034343EA0143C2F8E4304FF48073C2F80B
:10404000403AD4F85001FEF739FB6368590544D56E
:10405000D4F854315E4A23F4403191420ED023F417
:10406000803102F58022914208D002F5003293425D
:1040700004D040F277714F48FCF72EFFD4F854314A
:10408000544A934241F0CE81A36C33F0405304D0A4
:1040900040F27C714748FCF71FFFE36C013BFF2BAC
:1040A00004D940F27D714348FCF716FF434AE16CA6
:1040B000D2F8E430A06C23F0435323F47C1301398D
:1040C000034343EA0143C2F8E4304FF48073C2F87B
:1040D000403AD4F85401FEF7F1FA63681A0544D562
:1040E000D4F858313C4A23F4403191420ED023F4A5
:1040F000803102F58022914208D002F500329342CD
:1041000004D040F2A4712B48FCF7E6FED4F85831F5
:10411000324A934241F0B781A36C33F0405304D04C
:1041200040F2A9712348FCF7D7FEE36C013BFF2B5B
:1041300004D940F2AA711F48FCF7CEFE1F4AE16C79
:10414000D2F8E430A06C23F0435323F47C130139FC
:10415000034343EA0143C2F8E4304FF48073C2F8EA
:10416000403AD4F85801FEF7A9FA6368DB0460D539
:10417000D4F85C311A4A23F4403191420ED023F432
:10418000803102F58022914208D002F5003293423C
:1041900004D040F2D1710748FCF79EFED4F85C31A0
:1041A000104A934241F0A081A36C33F0405320D0D9
:1041B0001AE000BFCEB2003020180207008002567D
:1041C0003000000730000207300400073004020707
:1041D0003008000730080207300C0007300C0207D7
:1041E000301000073010020740F2D671BC48FCF7CF
:1041F00073FEE36C013BFF2B04D940F2D771B84842
:10420000FCF76AFEB74AE16CD2F8E430A06C23F008
:10421000435323F47C130139034343EA0143C2F8B7
:10422000E4304FF48073C2F8403AD4F85C01FEF7F2
:1042300045FA63689E0444D5D4F86031AA4A23F451
:10424000403191420ED023F4803102F58022914218
:1042500008D002F50032934204D040F2FE71A0482B
:10426000FCF73AFED4F86031A04A934241F06D81E8
:10427000A36C33F0405304D040F603019848FCF798
:104280002BFEE36C013BFF2B04D940F6040194485C
:10429000FCF722FE934AE16CD2F8E430A06C23F0E4
:1042A000435323F47C130139034343EA0143C2F827
:1042B000E4304FF48073C2F8403AD4F86001FEF75E
:1042C000FDF96368580444D5D4F86431884A23F46E
:1042D000403191420ED023F4803102F58022914288
:1042E00008D002F50032934204D040F62B017C48FE
:1042F000FCF7F2FDD4F864317E4A934241F05681D6
:10430000A36C33F0405304D04FF403617448FCF7BE
:10431000E3FDE36C013BFF2B04D940F6310170480B
:10432000FCF7DAFD6F4AE16CD2F8E430A06C23F0C0
:10433000435323F47C130139034343EA0143C2F896
:10434000E4304FF48073C2F8403AD4F86401FEF7C9
:10435000B5F96368190444D5D4F86831664A23F482
:10436000403191420ED023F4803102F580229142F7
:1043700008D002F50032934204D040F65801584864
:10438000FCF7AAFDD4F868315C4A934241F03F81C2
:10439000A36C33F0405304D040F65D015048FCF765
:1043A0009BFDE36C013BFF2B04D940F65E014C48BA
:1043B000FCF792FD4B4AE16CD2F8E430A06C23F09C
:1043C000435323F47C130139034343EA0143C2F806
:1043D000E4304FF48073C2F8403AD4F86801FEF735
:1043E0006DF96368DA0344D5D4F86C31444A23F498
:1043F000403191420ED023F4803102F58022914267
:1044000008D002F50032934204D040F685013448CA
:10441000FCF762FDD4F86C313A4A934241F02881AE
:10442000A36C33F0405304D040F68A012C48FCF7CB
:1044300053FDE36C013BFF2B04D940F68B01284868
:10444000FCF74AFD274AE16CD2F8E430A06C23F077
:10445000435323F47C130139034343EA0143C2F875
:10446000E4304FF48073C2F8403AD4F86C01FEF7A0
:1044700025F963689B035ED5D4F87031224A23F492
:10448000403191420ED023F4803102F580229142D6
:1044900008D002F50032934204D040F6B201104831
:1044A000FCF71AFDD4F87031184A934241F032817A
:1044B000A36C33F0405304D040F6B7010848FCF732
:1044C0000BFDE36C013BFF2B04D940F6B801044817
:1044D000FCF702FD034AE16CD2F8E43018E000BFBB
:1044E000CEB20030008002563014000730140207AC
:1044F0003018000730180207301C0007301C020774
:1045000034000007340002073404000734040207B3
:10451000A06C23F0435323F47C130139034343EA93
:104520000143C2F8E4304FF48073C2F8403AD4F843
:104530007001FEF7C3F863685E030FD5D4F87431D9
:10454000BC4A23F48033934204D040F6DF01BA48DA
:10455000FCF7C2FCD4F87401FEF7B0F86368D80227
:104560000FD5D4F87C31B54A23F48033934204D07C
:1045700040F6E901B048FCF7AFFCD4F87C01FEF747
:104580009DF8636819033AD5D4F87831AC4A23F41E
:104590004033934204D040F6F301A748FCF79CFC5B
:1045A000D4F87831A74A934241F0E580A36F33F005
:1045B000405304D040F6F8019F48FCF78DFCE36FB0
:1045C000013BFF2B04D940F6F9019B48FCF784FC22
:1045D0009D4AE16FD2F8FC30A06F23F0435323F4DF
:1045E0007C130139034343EA0143C2F8FC304FF422
:1045F0008043C2F8403AD4F87801FEF75FF8636868
:104600009A023AD5D4F88031904A23F44033934249
:1046100004D040F613118848FCF75EFCD4F88031D2
:104620008B4A934241F0B080A36F33F0405304D0E3
:1046300040F618118048FCF74FFCE36F013BFF2B5D
:1046400004D940F619117C48FCF746FC7E4AE16F1C
:10465000D2F8FC30A06F23F0435323F47C130139CC
:10466000034343EA0143C2F8FC304FF48043C2F8ED
:10467000403AD4F88001FEF721F863681B0611D593
:10468000D4F88831032B04D940F633116A48FCF77B
:1046900023FC6D4AD4F88811536A23F0407343EA2F
:1046A00001635362281E18BF012070BD01F44072DF
:1046B0009A423EF462A9674BDA6A42F00102DA627A
:1046C000DB6ADB073EF559A90125FEF77AB9FCF74D
:1046D000CBF9401BB0427EF658A90325FEF771B90D
:1046E000033B042B3EF69FA901A252F823F000BF22
:1046F000B142003047250030254200306B42003087
:1047000003430030236D33F0405303D0EB214A487C
:10471000FCF7E2FB636D013BFF2B03D9EC2146481C
:10472000FCF7DAFB484A616DD2F8E830206D23F0DF
:10473000435323F47C130139034343EA0143C2F892
:10474000E8304FF40073FEF76CB9A36F33F04053B9
:1047500003D0F8213848FCF7BFFBE36F013BFF2B88
:1047600003D9F9213448FCF7B7FB374AE16FD2F897
:10477000FC30A06F23F0435323F47C13013903432F
:1047800043EA0143C2F8FC304FF48043FEF749B9D5
:10479000D4F8983033F0405304D040F20511264845
:1047A000FCF79AFBD4F89C30013BFF2B04D94FF463
:1047B00083712148FCF790FB234AD4F89C10D2F86F
:1047C0000C31D4F8980023F0435323F47C130139BF
:1047D000034343EA0143C2F80C314FF48023FEF750
:1047E00020B9D4F8A03033F0405304D04FF489718D
:1047F0001148FCF771FBD4F8A430013BFF2B04D91E
:1048000040F213110C48FCF767FB0F4AD4F8A410D0
:10481000D2F81031D4F8A00023F0435323F47C13D2
:104820000139034343EA0143C2F810314FF4002336
:10483000FEF7F7B814100001CEB2003014180001D2
:10484000140C0003140C020300800256141400031D
:104850001414020300480256A64A934223D1236A45
:1048600033F0405304D040F23B11A348FCF734FB33
:10487000636A013BFF2B04D94FF49E719E48FCF7FD
:104880002BFB9E4A616AD2F8D030206A23F0435352
:1048900023F47C130139034343EA0143C2F8D030C7
:1048A0000823FEF701B9964A934202BF4022934B78
:1048B000C3F8482AFEF7FAB8924A934223D1236AF2
:1048C00033F0405304D04FF4B4718B48FCF704FB31
:1048D000636A013BFF2B04D940F269118648FCF75B
:1048E000FBFA864A616AD2F8D030206A23F043533B
:1048F00023F47C130139034343EA0143C2F8D03067
:104900000823FEF70EB9804A934202BF40227B4B38
:10491000C3F8482AFEF707B97C4A934223D1236A99
:1049200033F0405304D040F295117348FCF7D4FAA9
:10493000636A013BFF2B04D94FF4CB716E48FCF73F
:10494000CBFA6E4A616AD2F8D030206A23F0435322
:1049500023F47C130139034343EA0143C2F8D03006
:104960000823FEF731B96A4A934202BF4022634BE3
:10497000C3F8482AFEF72AB9302B23D1236A33F033
:10498000405304D04FF4E1715B48FCF7A5FA636A29
:10499000013BFF2B04D940F2C3115748FCF79CFAA6
:1049A000564A616AD2F8D030206A23F0435323F488
:1049B0007C130139034343EA0143C2F8D030082392
:1049C000FEF73CB9102B02BF40224C4BC3F8482ADB
:1049D000FEF736B94F4A934223D1A36A33F04053CE
:1049E00004D040F2EF114448FCF776FAE36A013B49
:1049F000FF2B04D94FF4F8713F48FCF76DFA3F4A9A
:104A0000E16AD2F8D430A06A23F0435323F47C1334
:104A10000139034343EA0143C2F8D4301023FEF7BF
:104A200050B93D4A934202BF4022344BC3F8482A52
:104A3000FEF749B9394A934223D1A36A33F0405370
:104A400004D04FF407712C48FCF746FAE36A013BA7
:104A5000FF2B04D940F21D212748FCF73DFA274AD5
:104A6000E16AD2F8D430A06A23F0435323F47C13D4
:104A70000139034343EA0143C2F8D4301023FEF75F
:104A80005DB9D4F82821244B9A4202BF40221B4B27
:104A9000C3F8482AFEF754B9302B23D1236C33F0E6
:104AA000405304D040F249211348FCF715FA636CD7
:104AB000013BFF2B04D940F24A210F48FCF70CFAC6
:104AC0000E4A616CD2F8E030206C23F0435323F49B
:104AD0007C130139034343EA0143C2F8E0308023E9
:104AE000FEF768B9102B02BF4022044BC3F8482AD6
:104AF000FEF762B914000303CEB200300080025604
:104B00001400010314040303140401031408030331
:104B1000140801031C0003031C0001031C0403030D
:104B2000032B23D1236C33F0405304D040F2762181
:104B3000B648FCF7D1F9636C013BFF2B04D940F276
:104B40007721B248FCF7C8F9B14A616CD2F8E0307D
:104B5000206C23F0435323F47C130139034343EACD
:104B60000143C2F8E0308023FEF763B9012B02BF96
:104B70004022A74BC3F8482AFEF75DB9B3F5801F62
:104B800002BF4022A24BC3F8482AFEF7D3B9B3F5BF
:104B9000805F02BF40229E4BC3F8482AFEF70CBA42
:104BA000012B02BF40229A4BC3F8482AFEF796BA5F
:104BB000012B02BF4022964BC3F8482AFEF7D3BA16
:104BC000944A934224D1A36F33F0405304D040F26F
:104BD00052318E48FCF780F9E36F013BFF2B04D97B
:104BE00040F253318948FCF777F9894AE16FD2F8EE
:104BF000FC30A06F23F0435323F47C1301390343AB
:104C000043EA0143C2F8FC304FF48043FEF7FDBA9B
:104C1000814A934202BF40227D4BC3F8482AFEF7E7
:104C2000F6BA7E4A934224D1A36F33F0405304D0A6
:104C300040F27F317548FCF74FF9E36F013BFF2BE2
:104C400004D94FF460717148FCF746F9704AE16F7E
:104C5000D2F8FC30A06F23F0435323F47C130139C6
:104C6000034343EA0143C2F8FC304FF48043FEF7AC
:104C700010BB6B4A934202BF4022654BC3F8482ADF
:104C8000FEF709BB674A934224D1A36F33F0405328
:104C900004D04FF46B715D48FCF71EF9E36F013BE4
:104CA000FF2B04D940F2AD315848FCF715F9584AAA
:104CB000E16FD2F8FC30A06F23F0435323F47C1350
:104CC0000139034343EA0143C2F8FC304FF4804307
:104CD000FEF723BB544A934202BF40224C4BC3F819
:104CE000482AFEF71CBB514A934224D1A36F33F0EC
:104CF000405304D040F2D9314448FCF7EDF8E36F5B
:104D0000013BFF2B04D940F2DA314048FCF7E4F8CC
:104D10003F4AE16FD2F8FC30A06F23F0435323F4F5
:104D20007C130139034343EA0143C2F8FC304FF4DA
:104D30008043FEF736BB3E4A934202BF4022344BCB
:104D4000C3F8482AFEF72FBB3A4A934224D1A36FF7
:104D500033F0405304D040F206412C48FCF7BCF835
:104D6000E36F013BFF2B04D940F207412748FCF7D2
:104D7000B3F8274AE16FD2F8FC30A06F23F0435319
:104D800023F47C130139034343EA0143C2F8FC30A6
:104D90004FF48043FEF749BB274A934202BF4022AB
:104DA0001B4BC3F8482AFEF742BB244A934224D146
:104DB000A36F33F0405304D040F233411348FCF763
:104DC0008BF8E36F013BFF2B04D940F234410F48CD
:104DD000FCF782F80E4AE16FD2F8FC30A06F23F0A6
:104DE000435323F47C130139034343EA0143C2F8DC
:104DF000FC304FF48043FEF75CBB114A934202BF84
:104E00004022034BC3F8482AFEF755BBCEB2003010
:104E1000008002560C0003070C0001070C04030776
:104E20000C0401070C0803070C0801070C0C03070E
:104E30000C0C01070C1003070C1001070C140307DE
:104E40000C140107AE4A934202BF4022AD4BC3F897
:104E5000482AFEF791BBAC4A934202BF4022A94BBD
:104E6000C3F8482AFEF7CCBBA84A934202BF4022AF
:104E7000A44BC3F8482AFEF707BCA54A934202BFD9
:104E80004022A04BC3F8482AFEF742BCA14A9342F5
:104E900002BF40229B4BC3F8482AFEF77DBCB3F506
:104EA000407F24D1236F33F0405304D04FF4A061EE
:104EB0009948FCF711F8636F013BFF2B04D940F2CE
:104EC00001519548FCF708F88E4A616FD2F8F83026
:104ED000206F23F0435323F47C130139034343EA47
:104EE0000143C2F8F8304FF40053FEF797BCB3F516
:104EF000807F02BF4022834BC3F8482AFEF790BC54
:104F0000B3F1807F02BF40227E4BC3F8482AFEF7F0
:104F1000E3BCB3F5403F23D1236C33F0405304D0BE
:104F200040F24D517C48FBF7D7FF636C013BFF2BF0
:104F300004D940F24E517848FBF7CEFF714A616CBC
:104F4000D2F8E030206C23F0435323F47C13013972
:104F5000034343EA0143C2F8E0308023FEF7FEBC7E
:104F6000B3F5803F02BF4022664BC3F8482AFEF7E4
:104F7000F7BC102B02BF4022624BC3F8482AFEF751
:104F800034BD664A934223D1236C33F0405304D09E
:104F900040F29A516048FBF79FFF636C013BFF2B87
:104FA00004D940F29B515C48FBF796FF554A616C6F
:104FB000D2F8E030206C23F0435323F47C13013902
:104FC000034343EA0143C2F8E0308023FEF752BDB9
:104FD000534A934202BF40224A4BC3F8482AFEF785
:104FE0004BBD504A934223D1236C33F0405304D03D
:104FF00040F2C7514848FBF76FFF636C013BFF2B42
:1050000004D94FF4B9614448FBF766FF3D4A616C2F
:10501000D2F8E030206C23F0435323F47C130139A1
:10502000034343EA0143C2F8E0308023FEF763BD47
:105030003D4A934202BF4022324BC3F8482AFEF752
:105040005CBD032B23D1236C33F0405304D040F2DA
:10505000F4513148FBF740FF636C013BFF2B04D94F
:1050600040F2F5512C48FBF737FF264A616CD2F825
:10507000E030206C23F0435323F47C1301390343C5
:1050800043EA0143C2F8E0308023FEF76DBD012BF7
:1050900002BF40221B4BC3F8482AFEF767BD234AD4
:1050A000934224D1A36C33F0405304D040F22161E9
:1050B0001948FBF711FFE36C013BFF2B04D940F2C9
:1050C00022611548FBF708FF0E4AE16CD2F8E43084
:1050D000A06C23F0435323F47C130139034343EAC8
:1050E0000143C2F8E4304FF48073FEF798BD104AD4
:1050F000934202BF4022034BC3F8482AFEF791BDFA
:105100002C080107008002562C0C01072C10010707
:105110002C1401072C180107CEB200301814030715
:1051200018140107181803071818010720040307AB
:1051300020040107AB4A934224D1A36C33F04053BF
:1051400004D040F24E61A848FBF7C6FEE36C013B79
:10515000FF2B04D940F24F61A348FBF7BDFEA34AE1
:10516000E16CD2F8E430A06C23F0435323F47C13B9
:105170000139034343EA0143C2F8E4304FF480733A
:10518000FEF794BD9A4A934202BF4022974BC3F860
:10519000482AFEF78DBD974A934224D1A36C33F081
:1051A000405304D040F27B618F48FBF795FEE36CDF
:1051B000013BFF2B04D940F27C618B48FBF78CFE4E
:1051C0008A4AE16CD2F8E430A06C23F0435323F414
:1051D0007C130139034343EA0143C2F8E4304FF43E
:1051E0008073FEF7AABD844A934202BF40227F4BE0
:1051F000C3F8482AFEF7A3BD804A934224D1236F07
:1052000033F0405304D04FF4D5617748FBF764FE88
:10521000636F013BFF2B04D940F2A9617248FBF791
:105220005BFE724A616FD2F8F830206F23F043536F
:1052300023F47C130139034343EA0143C2F8F830F5
:105240004FF40053FEF7C1BD6D4A934202BF4022A6
:10525000664BC3F8482AFEF7BABD6A4A934224D186
:10526000236F33F0405304D040F2D5615E48FBF722
:1052700033FE636F013BFF2B04D940F2D6615A48DD
:10528000FBF72AFE594A616FD2F8F830206F23F0FD
:10529000435323F47C130139034343EA0143C2F827
:1052A000F8304FF40053FEF7D8BD574A934202BF7F
:1052B00040224E4BC3F8482AFEF7D1BD534A9342D1
:1052C00024D1A36C33F0405304D040F2027146481D
:1052D000FBF702FEE36C013BFF2B04D940F20371A4
:1052E0004148FBF7F9FD414AE16CD2F8E430A06C8B
:1052F00023F0435323F47C130139034343EA01436E
:10530000C2F8E4304FF48073FEF709BE404A93427E
:1053100002BF4022354BC3F8482AFEF702BE3D4A81
:10532000934224D1236F33F0405304D040F22F71C5
:105330002D48FBF7D1FD636F013BFF2B04D94FF4E0
:10534000E6612948FBF7C8FD284A616FD2F8F830BA
:10535000206F23F0435323F47C130139034343EAC2
:105360000143C2F8F8304FF40053FEF720BE2A4A3A
:10537000934202BF40221D4BC3F8482AFEF719BED4
:10538000264A934224D1236F33F0405304D040F295
:105390005C711548FBF7A0FD636F013BFF2B04D93F
:1053A00040F25D711048FBF797FD104A616FD2F82B
:1053B000F830206F23F0435323F47C130139034367
:1053C00043EA0143C2F8F8304FF40053FEF737BE0A
:1053D000134A934202BF4022044BC3F8482AFEF707
:1053E00030BE00BF20080307CEB200300080025656
:1053F00020080107200C0307200C010720100307D9
:1054000020100107201403072014010720180307A8
:10541000201801073000030730000107300403079C
:1054200030040107AB4A934224D1236F33F0405339
:1054300004D040F28971A848FBF74EFD636F013B31
:10544000FF2B04D940F28A71A348FBF745FDA34A1C
:10545000616FD2F8F830206F23F0435323F47C13AC
:105460000139034343EA0143C2F8F8304FF40053D3
:10547000FEF72DBE9A4A934202BF4022974BC3F8D3
:10548000482AFEF726BE974A934224D1236F33F071
:10549000405304D040F2B6718F48FBF71DFD636F97
:1054A000013BFF2B04D940F2B7718B48FBF714FD89
:1054B0008A4A616FD2F8F830206F23F0435323F407
:1054C0007C130139034343EA0143C2F8F8304FF437
:1054D0000053FEF744BE844A934202BF40227F4BF2
:1054E000C3F8482AFEF73DBE804A934224D1236F79
:1054F00033F0405304D040F2E3717748FBF7ECFC03
:10550000636F013BFF2B04D940F2E4717248FBF753
:10551000E3FC724A616FD2F8F830206F23F04353F6
:1055200023F47C130139034343EA0143C2F8F83002
:105530004FF40053FEF777BE6D4A934202BF4022FC
:10554000664BC3F8482AFEF770BE6A4A934224D1DC
:10555000236F33F0405304D04FF401615E48FBF7F2
:10556000BBFC636F013BFF2B04D940F611015A4885
:10557000FBF7B2FC594A616FD2F8F830206F23F084
:10558000435323F47C130139034343EA0143C2F834
:10559000F8304FF40053FEF78EBE574A934202BFD5
:1055A00040224E4BC3F8482AFEF787BE534A934227
:1055B00024D1236F33F0405304D040F63D014648D8
:1055C000FBF78AFC636F013BFF2B04D940F63E01D9
:1055D0004148FBF781FC414A616FD2F8F830206FF7
:1055E00023F0435323F47C130139034343EA01437B
:1055F000C2F8F8304FF40053FEF7A5BE404A93427C
:1056000002BF4022354BC3F8482AFEF79EBE3D4AF2
:10561000934224D1236F33F0405304D040F66A0103
:105620002D48FBF759FC636F013BFF2B04D940F673
:105630006B012948FBF750FC284A616FD2F8F8301B
:10564000206F23F0435323F47C130139034343EACF
:105650000143C2F8F8304FF40053FEF7BCBE2A4AAB
:10566000934202BF40221D4BC3F8482AFEF7B5BE45
:10567000264A934224D1236F33F0405304D040F69E
:1056800097011548FBF728FC636F013BFF2B04D9FA
:1056900040F698011048FBF71FFC104A616FD2F8E2
:1056A000F830206F23F0435323F47C130139034374
:1056B00043EA0143C2F8F8304FF40053FEF7D3BE7B
:1056C000134A934202BF4022044BC3F8482AFEF714
:1056D000CCBE00BF30080307CEB2003000800256B7
:1056E00030080107300C0307300C010730100307A6
:1056F0003010010730140307301401073018030776
:1057000030180107301C0307301C01073400030761
:1057100034000107214A934224D1236F33F04053D0
:1057200004D040F6C4011E48FBF7D6FB636F013B73
:10573000FF2B04D940F6C5011948FBF7CDFB194AE8
:10574000616FD2F8F830206F23F0435323F47C13B9
:105750000139034343EA0143C2F8F8304FF40053E0
:10576000FEF7E3BE104A934202BF40220D4BC3F83E
:10577000482AFEF7DCBE0D4A934202BF4022094B85
:10578000C3F8482AFEF737BF094A934202BF4022B6
:10579000044BC3F8482AFEF76CBF00BF340403076C
:1057A000CEB200300080025634040107140C01030D
:1057B0001414010337B51E4C6368D90506D5D4F817
:1057C00088305A000FD4002003B030BDD4F88030A8
:1057D0001B01F8D5D4F8800000F0E04003B0BDE82C
:1057E0003040FCF7EDBFD4F8800000F0E040FCF75B
:1057F000E7FF0028E7D0D4F8803013F07C7FC3F3B4
:105800000551E0D0D4F88020D4F88430D4F8885002
:10581000D4F88840C5F3C265C4F3026401940095CE
:1058200023F07F43C2F30B22FDF704F8CCE700BF5F
:105830000080025637B51E4C6368990506D5D4F82A
:1058400098305A000FD4002003B030BDD4F8903007
:105850001B01F8D5D4F8900000F0E04003B0BDE89B
:105860003040FCF7ADBFD4F8900000F0E040FCF70A
:10587000A7FF0028E7D0D4F8903013F07C7FC3F363
:105880000551E0D0D4F89020D4F89430D4F8985052
:10589000D4F89840C5F3C265C4F30264019400953E
:1058A00023F07F43C2F30B22FCF7C4FFCCE700BF19
:1058B0000080025637B51E4C6368590506D5D4F8EA
:1058C000A8305A000FD4002003B030BDD4F8A03067
:1058D0001B01F8D5D4F8A00000F0E04003B0BDE80B
:1058E0003040FCF76DBFD4F8A00000F0E040FCF7BA
:1058F00067FF0028E7D0D4F8A03013F07C7FC3F313
:105900000551E0D0D4F8A020D4F8A430D4F8A850A1
:10591000D4F8A840C5F3C265C4F3026401940095AD
:1059200023F07F43C2F30B22FCF784FFCCE700BFD8
:105930000080025637B51E4C6368190506D5D4F8A9
:10594000B8305A000FD4002003B030BDD4F8B030C6
:105950001B01F8D5D4F8B00000F0E04003B0BDE87A
:105960003040FCF72DBFD4F8B00000F0E040FCF769
:1059700027FF0028E7D0D4F8B03013F07C7FC3F3C2
:105980000551E0D0D4F8B020D4F8B430D4F8B850F1
:10599000D4F8B840C5F3C265C4F30264019400951D
:1059A00023F07F43C2F30B22FCF744FFCCE700BF98
:1059B000008002563E4B10B5D3F84822520635D52A
:1059C000D3F85C2102F00702013A062A05D8DFE885
:1059D00002F00E1346182F3B5200FCF757FE28B377
:1059E000334B34489B6CC3F3C113D8401FE0FCF722
:1059F00055FED8B130481AE0FCF740FEB0B12F4850
:105A000015E0D3F84022D40610D5D3F8D400D3F84B
:105A1000D430C0F30740441C03F04053B3F1005F9F
:105A200043D034D8CBB3B3F1805F3BD0002010BD5E
:105A3000D3F840229005F9D5D3F8E800D3F8E83040
:105A4000C0F30740441CE7E7FCF7A0FE0028EDD0B8
:105A5000FCF7A4FE164B0446D3F8FC30DCE7D3F881
:105A600040225103E2D5D3F80C01D3F80C31C0F336
:105A70000740441CD0E7D3F840221203D6D5D3F810
:105A80001001D3F81031C0F30740441CC4E7B3F150
:105A9000405FCBD1FFF74EFF01E0FFF78BFEB0FB7D
:105AA000F4F0C4E7FFF7C6FEF9E7FFF703FFF6E7F8
:105AB000008002560090D00300093D00006CDC021B
:105AC00038B52D4DD5F8643103F00703062B24D8E3
:105AD000DFE803F0040D112A49404F00FCF76EFD8A
:105AE000FCF766FE6B6A03F00703D84016E0BDE8DA
:105AF0003840FFF75FBFFCF701FE70B1FCF706FE10
:105B00000446D5F8DC3003F04053B3F1005F1ED0FB
:105B100014D8CBB1B3F1805F01D0002038BDFFF7BE
:105B200089FEB0FBF4F0F9E7FCF7FAFD0028F4D0A9
:105B3000FCF7FEFDD5F8E0300446E4E7B3F1405F42
:105B4000EBD1FFF7F7FEECE7FFF734FEE9E7FFF7ED
:105B5000B1FEE6E7FCF79AFD0028DED0AB6C074803
:105B6000C3F3C113C1E7FCF799FD0028D5D0044861
:105B7000D4E70448D2E700BF008002560090D0036B
:105B800000093D000080BB0010B5FCF7A9FD374BB4
:105B9000984228D01BD8A3F58033984213D00BD855
:105BA00020F48062A3F580339A424BD003F5006362
:105BB000984247D0002010BD2D4B984203D003F5EA
:105BC00080639842F6D1BDE81040FFF7F3BE294B41
:105BD000984229D021D8A3F57C43984203D003F5FD
:105BE00080639842E6D1244BD3F8400210F00400C1
:105BF000E1D0D3F8CC00D3F8CC30C0F30740441C3C
:105C000003F04053B3F1005F2DD021D833B3B3F18B
:105C1000805FCFD1FFF70EFE22E0184B984203D0F1
:105C200003F580639842C5D1134BD3F8400210F0BE
:105C30000800C0D0D3F8D000D3F8D030C0F307406C
:105C4000441CDDE7FCF7BAFCBDE81040FCF7B0BD32
:105C5000B3F1405FAED1FFF76DFE01E0FFF7AAFDA3
:105C6000B0FBF4F0A7E7FFF725FEF9E71400020305
:105C700014040103140003030080025614040303F8
:105C800010B5FCF72DFD704B984239D053D8A3F5D1
:105C90000033984200F0B68013D8A3F6FC73984204
:105CA00000F0B0800BD8A3F20443984200F0AA8021
:105CB00003F58063984200F0AF80002010BD634B75
:105CC000F8E7634B98420CD00FD8A3F6FC739842C8
:105CD00007D08EBF5F4B20F48060A3F2044398424C
:105CE000EBD1BDE81040FFF765BE5B4B984207D093
:105CF0008EBF5A4B20F48060A3F204439842DCD15B
:105D0000FCF720FD0028D8D0FCF724FD0446544BB6
:105D1000D3F8E43003F04053B3F1005F00F091801A
:105D200000F28380002B00F08780B3F1805FC4D144
:105D3000FFF780FD82E04B4B984245D033D8A3F566
:105D40008033984228D01CD8A3F57B43FC3B984273
:105D500006D010D820F48060A3F204439842ACD15E
:105D6000FCF702FD0028A8D0FCF706FD3C4B0446DA
:105D7000D3F8F830CEE73C4B9842F1D003F54063BE
:105D8000ECE73A4B984207D08EBF394B20F0040025
:105D9000A3F58063984290D1FCF788FC003818BFC7
:105DA0000120C0038AE7334B984220D013D8A3F5D3
:105DB0007843984208D08EBF2F4B20F00400A3F503
:105DC000806398427FF479AFFCF768FC00283FF4C9
:105DD00074AF2A4872E72A4B984208D08EBF294BED
:105DE00020F00400A3F5806398427FF466AFFCF7CF
:105DF0004DFC00283FF461AF194B23489B6CC3F363
:105E0000C11307E0FCF7DAFBFCF7D2FC144B5B6A2A
:105E1000C3F30213D84051E7FCF7D0FBFCF7C8FCF2
:105E20000F4B5B6A03F00703F4E7B3F1405F7FF4C5
:105E300044AFFFF77FFD01E0FFF7BCFCB0FBF4F0DF
:105E40003CE7FFF737FDF9E7301402073008000799
:105E50003014010730080107340402073008020734
:105E60000080025630000507300803073008040799
:105E700030140407300006073014050700093D0000
:105E800030080607301406070090D00310B5FCF761
:105E900027FC794B98423ED05AD8A3F5003398425C
:105EA00000F0C78014D8754B984200F0CC80013BBD
:105EB00098420BD920F4006203F6FD739A4200F079
:105EC000B880A3F58063984200F0B380002010BD35
:105ED0006B4B98420DD012D8A3F54063984208D07E
:105EE0000BD8A3F6FC73984203D003F6FC33984218
:105EF000ECD1BDE81040FFF75DBD624BF7E7624BA8
:105F0000984208D022D8A3F6FC73984203D003F637
:105F1000FC339842DAD1FCF715FC0028D6D0FCF708
:105F200019FC0446594BD3F8E43003F04053B3F165
:105F3000005F00F09D8000F28F80002B00F09380C6
:105F4000B3F1805FC2D1FFF775FC8EE0504BE0E704
:105F5000504B98424AD036D8A3F58033984229D086
:105F60001CD8A3F57043043B984208D012D8A3F67E
:105F7000FC73984203D003F6FC339842A6D1FCF799
:105F8000F3FB0028A2D0FCF7F7FB404B0446D3F804
:105F9000F830CAE7404B20F48060EEE73F4B984270
:105FA00008D00ED8A3F54063984203D003F5806370
:105FB00098428BD1FCF77AFB003818BF0120C00350
:105FC00085E7374BF4E7374B984225D017D8A3F530
:105FD0006843043B984209D00FD8A3F54063984228
:105FE00004D003F5806398427FF470AFFCF756FB52
:105FF00000283FF46BAF2C4869E72C4BF3E72C4BA0
:10600000984209D013D8A3F54063984204D003F511
:10601000806398427FF45AAFFCF738FB00283FF4C6
:1060200055AF1A4B23489B6CC3F3C11309E0224BB5
:10603000EFE7FCF7C3FAFCF7BBFB144B5B6A03F01A
:106040000703D84043E7FCF7B9FAFCF7B1FB0F4B65
:106050005B6AC3F30213F4E7B3F1405F7FF436AF3A
:10606000FFF768FC01E0FFF7A5FBB0FBF4F02EE7BB
:10607000FFF720FCF9E700BF301C020734000007DF
:10608000301C01073018010730100207008002564B
:1060900030180207340005073018030730180407CA
:1060A000301C04073400060700093D00301C0507BA
:1060B000301806070090D003301C060710B5FCF717
:1060C0000FFB8B4B984255D065D8A3F53C339842D3
:1060D00000F0CA801ED8A3F54063984200F0BA8051
:1060E0000AD8A3F5006398420BD003F58063984269
:1060F00000F0B080002010BD7E4B20F480609842FC
:10610000F8D1FCF75BFAFCF753FB7B4B5B6AC3F3FC
:106110000213A7E0794B984200F0AF801DD8A3F599
:10612000784398420AD00DD8A3F50063984205D071
:1061300020F40060A3F580639842DBD1BDE81040F5
:10614000FFF738BC6E4B9842F8D003F56C43984289
:1061500000F09380A3F57043EEE76A4B984209D0B4
:1061600013D8A3F50063984200F0878003F580639D
:106170009842BFD1FCF7E6FA0028BBD0FCF7EAFA58
:106180005D4B0446D3F8E43082E05F4B984274D014
:1061900003F56C43ECE75D4B984243D030D8A3F550
:1061A000FA339842E6D008D820F48062A3F5006361
:1061B0009A427BD0A3F58063DAE7554B98420DD025
:1061C00014D8A3F50063984208D00DD8A3F5006356
:1061D000984203D003F5806398428BD1FCF75EFAB6
:1061E000002887D04B4886E74B4BF5E74B4B98424E
:1061F00018D003F58063984214D0A3F57043EBE701
:10620000474B98426DD01ED8A3F54063984218D0F2
:1062100020F4806311D8434A934203D0424B984202
:106220007FF468AFFCF732FA00283FF463AF324BDB
:106230003E489B6CC3F3C11314E03D4A93427FF484
:1062400059AF3C4857E73C4B98424AD003F580632E
:106250009842F4E7FCF7B2F9FCF7AAFA264B5B6A1E
:1062600003F00703D84046E7FCF7A8F9FCF7A0FACB
:10627000214B5B6AC3F30233F4E7FCF751FA0028C1
:106280003FF438AFFCF754FA04461B4BD3F8E03028
:1062900003F04053B3F1005F20D013D8CBB1B3F17A
:1062A000805F7FF427AFFFF7C5FA14E0FCF75CFAD4
:1062B00000283FF41FAFFCF75FFA0F4B0446D3F8FA
:1062C000F830E5E7B3F1405F7FF414AFFFF732FB3E
:1062D00001E0FFF76FFAB0FBF4F00CE7FFF7EAFA22
:1062E000F9E7FCF7CBF900283FF404AF134802E7C5
:1062F000200803072010000700800256200802072C
:10630000201801072014020720180207200C050797
:106310002014040700093D0020100407200405078D
:106320002010060720100507201805070090D0034D
:10633000200806070080BB0020140607006CDC0262
:1063400010B5FCF7CDF94B4B984250D03FD8A3F590
:106350000033984221D015D8A3F5803398420DD050
:1063600009D8A3F58033984254D003F5806398424E
:1063700050D0002010BD404B9842FAD1BDE81040EB
:10638000FFF718BB3D4B98424ED003F5806398420F
:106390004AD0A3F580339842EBD1FCF7AFF900283F
:1063A000E7D0FCF7B3F90446354BD3F8DC3003F003
:1063B0004053B3F1005F4BD041D8002B45D0B3F12F
:1063C000805FD6D1FFF736FAB0FBF4F0D2E72D4B61
:1063D00098421DD011D8A3F5803398423BD003F5E5
:1063E0008063984237D0A3F580339842C1D1FCF73F
:1063F00055F90028BDD02448BCE7244B984234D03E
:1064000003F58063984230D0A3F580339842B0D131
:106410001F48AFE7FCF7D2F8FCF7CAF9184B5B6AE4
:10642000C3F30213D840A5E7FCF77AF90028A0D0FF
:10643000FCF77EF9124B0446D3F8E030B7E7B3F12E
:10644000405F96D1FFF776FABEE7FFF7B3F9BBE7F7
:10645000FFF730FAB8E7FCF719F9002889D0084BA4
:106460000C489B6CC3F3C113DCE7BDE81040FFF799
:1064700027BB00BF181404071818010718140307D6
:10648000008002561814060700093D00181407077B
:106490000080BB000090D00310B5FCF721F93F4B02
:1064A000984261D031D8A3F5FE33984258D00DD828
:1064B000A3F58033984249D003F57C4398424FD0EE
:1064C000A3F58033984241D0002010BD344B20F416
:1064D00080609842F8D1334BD3F840229205F3D52F
:1064E000D3F8E800D3F8E830C0F30740441C03F0C9
:1064F0004053B3F1005F4DD041D8002B45D0B3F1EC
:10650000805FE1D1FFF796F941E0274B984208D030
:106510000DD8A3F58033984226D003F57C439842EA
:10652000D2D1FCF7BBF80028CED02048CDE7204BD5
:1065300020F480609842C7D1FCF7A8F80028C3D0A7
:10654000184B1C489B6CC3F3C11307E0FCF736F8EB
:10655000FCF72EF9134B5B6A03F00703D840B4E74E
:10656000BDE81040FFF726BAFCF710F90028ABD0C1
:10657000FCF714F90B4B0446D3F8FC30B7E7B3F142
:10658000405FA1D1FFF7D6F901E0FFF713F9B0FBA7
:10659000F4F09AE7FFF78EF9F9E700BF0C10030754
:1065A0000C100207008002560C14040700093D007D
:1065B0000C1005070090D00310B5FCF791F82E4B96
:1065C00098421DD013D8A3F5803398420BD007D83A
:1065D00020F48060A3F5803398422BD0002010BDBA
:1065E000264B9842FAD1BDE81040FFF7E3B9244B9F
:1065F00020F480629A4223D0A3F57C439842EDD1E7
:10660000204BD3F8400210F00800E8D0D3F8D000B7
:10661000D3F8D030C0F30740441C03F04053B3F12B
:10662000005F26D01AD8FBB1B3F1805FD6D1FFF757
:1066300001F91BE0FBF7C2FFBDE81040FCF7B8B85A
:10664000104BD3F8400210F01000C8D0D3F8D4009B
:10665000D3F8D430C0F30740441CDEE7B3F1405F09
:10666000BCD1FFF767F901E0FFF7A4F8B0FBF4F045
:10667000B5E7FFF71FF9F9E71C0002031C0401034B
:106680001C0003030080025610B5FCF729F8514B9B
:10669000984256D044D8A3F5FC33984212D015D86E
:1066A000A3F57C4398427CD020F4806307D84A4A03
:1066B000934276D0494B984273D0002010BD484A8F
:1066C0009342FAD1BDE81040FFF774B9454B9842A8
:1066D00008D021D8A3F578439842F3D003F574434A
:1066E0009842EAD1404BD3F840229205E5D5D3F841
:1066F000E800D3F8E830C0F30740441C03F04053EF
:10670000B3F1005F63D056D8002B5BD0B3F1805F4C
:10671000D3D1FFF78FF857E0344B20F48060DFE7E8
:10672000334B98421DD022D8A3F57C43984208D021
:1067300012D8A3F50063984203D003F58063984212
:10674000BBD1FCF723F80028B7D0FCF727F8264B7D
:106750000446D3F8FC30D1E7264B20F48060984201
:10676000ABD1FBF79BFF0028A7D02348A6E7234B1C
:10677000984208D011D8A3F578439842F1D003F598
:106780007443984299D1FBF781FF002895D0164BAE
:106790001B489B6CC3F3C1130BE01A4B20F48060C1
:1067A000EFE7FBF70BFFFCF703F80F4B5B6A03F017
:1067B0000703D84082E7B3F1405F7FF47EAFFFF775
:1067C000B9F801E0FEF7F6FFB0FBF4F076E7FFF76B
:1067D00071F8F9E70C0003070C0000070C0800072C
:1067E0000C0001070C040207008002560C08020787
:1067F0000C0804070C00040700093D000C04050701
:106800000090D0030C08050710B5FBF769FF644B37
:1068100098423AD051D8A3F5FE33984200F0A880B0
:1068200013D8A3F54063984200F09880013B98424A
:1068300009D903F20143984200F09A8003F580637E
:10684000984200F09580002010BD564B984215D01C
:1068500008D820F48062A3F500639A420ED0A3F515
:106860007043EDE7504B98420FD00BD8A3F574431B
:10687000984203D003F580639842E4D1BDE810400C
:10688000FFF798B8494B9842DDD1FBF77FFF00280E
:10689000D9D0FBF783FF464B0446D3F8FC3003F016
:1068A0004053B3F1005F78D06BD8002B70D0B3F1B8
:1068B000805FC8D1FEF7BEFF6CE03E4B984234D0FB
:1068C00024D8A3F57C4398420FD015D8A3F50063D4
:1068D00098420AD006D8A3F574439842D5D003F560
:1068E0008063D0E7344B9842ADD1FBF7DFFE003830
:1068F00018BF0120C003A7E7304B9842F5D003F53D
:106900007043984211D0A3F57443ECE72C4B9842A6
:1069100015D01BD8A3F57443984206D00CD820F4A8
:106920008060A3F5006398428DD1214B5B68DB0743
:1069300089D54FF4FA4087E7224B984283D1FBF781
:106940003DFE1B4B5B6AC3F301630FE01E4B20F45B
:1069500080629A42F3D003F50063EEE7FBF72EFE68
:10696000FBF726FF124B5B6A03F00703D8406BE787
:10697000FBF724FEFBF71CFF0D4B5B6AC3F30233EE
:10698000F4E7B3F1405F7FF45EAFFEF7D3FF01E0C1
:10699000FEF710FFB0FBF4F056E7FEF78BFFF9E7C8
:1069A0002C1002072C1001072C0802072C0C0207E0
:1069B000008002562C0C04072C0C03072C1803072C
:1069C0002C0C05072C0805072C10050738B500F11D
:1069D00060430B4300F08083BE4B984271F100038B
:1069E00080F0CB80A0F500330B4300F08E82BA4BD1
:1069F000984271F1000361D2A0F500630B4300F0EF
:106A0000518240F60103984271F1000332D2A0F1A5
:106A100008030B4300F00082092871F1000309D23A
:106A2000431E0B4300F07C810238084300F0DB81F9
:106A3000002038BDA0F110030B4300F0FB81A0F54E
:106A400080600843F4D1A54DD5F84C3103F0030321
:106A5000022B00F01382032B00F01D82012B00F0AB
:106A6000F981FBF7ABFDFBF7A3FE6B6A03F00703AD
:106A7000D840DEE7A0F580430B4300F0428244F2A9
:106A80000103984271F100030AD2A0F580530B4331
:106A900000F03282A0F500500843C9D190482CE2A2
:106AA000A0F500430B4300F02E82A0F58030084390
:106AB000BED18C48BDE83840FFF7EEBCA0F500031E
:106AC0000B4300F02D82884B984271F100031FD2D6
:106AD000A0F580130B4300F01F82844B984271F1A4
:106AE00000030AD2A0F580230B4300F01082A0F52A
:106AF000002008439CD17E480AE2A0F500130B4316
:106B000000F00C82A0F58000084391D17948FFE1A4
:106B100000F17C430B4300F0B282774B984271F155
:106B2000000320D200F17F430B4300F03E8200F1CE
:106B30007E4008437FF47CAF684DD5F8543103F4B0
:106B4000E023B3F5802F00F0408100F27882B3F5A6
:106B5000003F00F0858200F26382002B00F010817C
:106B6000B3F5803F74E100F1704008437FF460AFFB
:106B70006248BDE83840FFF7E3BB00234FF4806272
:106B8000914208BF984200F0C28283428A414DD3AD
:106B90000822914208BF984200F0AE8283428A41A7
:106BA00021D30122914208BF984200F09C82834287
:106BB0008A410CD300F140420A4300F08F8299428F
:106BC00008BFB0F1004F7FF433AF4D4887E2022990
:106BD00008BF984200F08B82042908BF98427FF4D6
:106BE00027AF484884E24022914208BF984200F013
:106BF000878283428A410BD3102908BF984200F054
:106C00007D82202908BF98427FF412AF3E486FE290
:106C1000B1F5807F08BF984200F07482B1F5007F23
:106C200008BF98427FF404AF38486CE24FF48032DA
:106C3000914208BF984200F0758283428A4125D371
:106C40004FF40052914208BF984200F0678283429D
:106C50008A410DD3B1F5006F08BF984200F0598208
:106C6000B1F5805F08BF98427FF4E2AE284851E258
:106C7000B1F5804F08BF984200F05282B1F5004F45
:106C800008BF98427FF4D4AE224843E24FF400029A
:106C9000914208BF984200F0498283428A4110D352
:106CA000B1F5003F08BF984200F03E82B1F5800F79
:106CB00008BF98427FF4BCAE1748BDE83840FEF7E5
:106CC00063BFB1F1807F08BF98427FF4B1AE134833
:106CD000F3E700BF0100002001000200008002561F
:106CE0000C0400070C1000070100800001001000D8
:106CF0002C0C00072C1800070100000418140007D2
:106D00001C040003200800072014000730040007BB
:106D100030100007301C00071400000314080003A3
:106D2000B44BD3F8443103F07003402B4DD014D84A
:106D3000202B2BD002D81BB3102B89E0302B7FF4F3
:106D400077AEFBF7EDFC00283FF472AEFBF7F0FCEA
:106D5000A84B0446D3F8E03023E0602B00F0E88134
:106D6000702B39D0502B7FF463AEFBF78FFC0028DB
:106D70003FF45EAE9F4B9B6C9F48C3F3C11377E615
:106D8000FBF71CFCBDE83840FBF712BDFBF7B6FC77
:106D900000283FF44DAEFBF7B9FC0446954BD3F801
:106DA000DC3003F04053B3F1005F00F0928100F259
:106DB0008681002B00F08A81B3F1805F7FF438AECA
:106DC000FEF738FDB0FBF4F033E6FBF767FC002874
:106DD0003FF42EAE89482CE6FBF7F0FB854B5B6A4F
:106DE000C3F3016344E6834DD5F8443103F0070350
:106DF000013B062BC4D801A252F823F0756900307C
:106E0000816B0030496B0030EB680030736B0030F1
:106E1000516C0030976B0030764BD3F840229203D0
:106E20007FF506AED3F80801D3F80831C0F3074068
:106E3000441CB6E76F4DD5F8443103F44013B3F565
:106E4000001F0ED00AD8002B00F0BF80B3F5801FC2
:106E50007FF4EEADBDE83840FEF7ACBDB3F5401FA2
:106E600081E7D5F84032DB037FF5E2ADD5F80401C8
:106E7000D5F80431C0F30740441C92E7D5F84032FE
:106E80005C037FF5D5ADD5F80C01D5F80C31C0F316
:106E90000740441C85E7FBF7F1FB00283FF4C8AD31
:106EA0005748C6E5534BD3F84C2102F03002202A54
:106EB00015D004D8002A3FF463AF102AC8E7302A5F
:106EC0007FF4B6ADD3F8402211077FF5B1ADD3F80A
:106ED000D000D3F8D030C0F30740441C61E7D3F8AA
:106EE000402250077FF5A4ADD3F8CC00D3F8CC30C6
:106EF000C0F30740441C54E74248BDE83840FFF760
:106F0000C3BB4148F9E74148F7E74148D2E541486A
:106F1000BDE83840FFF778BC3F48F9E73F48F7E75E
:106F2000344AD2F8783103F4E063B3F5407F31D0CE
:106F300011D8B3F5807F8DD0B3F5007F1ED0002B24
:106F40007FF476ADFBF73AFBFBF732FC294B5B6A2B
:106F5000C3F302338CE5B3F5A06F3FF436AFB3F55E
:106F6000C06F3FF402AFB3F5806F7FF461ADFBF704
:106F70009DFB003818BF0120C0035AE5FBF7E2FB78
:106F800000283FF455ADFBF7E5FB1A4B0446D3F858
:106F9000E43006E7FBF7E8FB00283FF449ADFBF7D8
:106FA000EBFBD2F8F8300446FBE6124DD5F8503131
:106FB00003F04073B3F1007F0FD003D82BB1B3F1CE
:106FC000807F45E7B3F1407FCDE6FBF7F7FAFBF7AB
:106FD000EFFB6B6AC3F302434AE5D5F840321A046B
:106FE0007FF526ADD5F80001D5F80031C0F3074094
:106FF000441CD6E6008002560090D00300093D00F4
:10700000006CDC020C0000070C0800070C0C0007E9
:107010000C1400072C0800072C1000072C14000784
:10702000B3F5403F7FF404ADFBF77AFB00283FF453
:10703000FFACFBF77DFBD5F8E0300446B1E6B3F5D5
:10704000C02F75D0B3F5E02F15D0B3F5A02F7FF486
:10705000EFACFBF71BFB00283FF4EAACAB6C8BE614
:10706000FBF74CFB00283FF4E3ACFBF74FFBD5F8F4
:10707000DC30044695E6FBF7A1FA6B6AB0E62D4AD0
:10708000D2F85C3103F03003202B0BD07FF653AEE7
:10709000302B7FF4CDACFBF7F9FA00283FF4C8ACF5
:1070A000936C69E6D2F840321B037FF5C1ACD2F88D
:1070B0001001D2F81031C0F30740441C71E6B3F15F
:1070C000405F7FF4B5ACFEF735FC7BE6FEF772FB64
:1070D00078E6FEF7EFFB75E617484AE51748BDE886
:1070E0003840FFF769BABDE83840FEF7E9BC1448FC
:1070F000BDE83840FEF7E2BF1248F9E71248F7E76B
:107100001248F5E71248BDE83840FEF7B9BD11480E
:10711000F9E71148BDE83840FEF7B8BE0F48F2E77E
:107120000F48F7E70F48F5E70F48ECE70F48C4E5CD
:107130000F487EE400800256181800071C00000368
:1071400020040007200C000720100007201800076B
:107150003000000730080007300C0007301400072B
:10716000301800073400000734040007140400033B
:107170000080BB007047000038B50F4B05461A78F9
:107180000AB9012038BD4FF47A73B3FBF2F30B4A0E
:107190001068B0FBF3F0FAF791F804460028F0D13C
:1071A0000F2DEED8024629464FF0FF30FAF742F88D
:1071B000034B20461D60E5E7ECB40030E8B4003036
:1071C000F0B4003010B50320FAF716F8F9F712FF03
:1071D0000F20FFF7D1FF044618B9FFF7CBFF204679
:1071E00010BD0124FBE7000038B50446F9F73CFC6C
:1071F0000546631C1EBF044B1B78E418F9F734FCEA
:10720000431BA342FAD338BDECB400304FF0E02268
:10721000136923F002031361704710B5EFF3108474
:10722000012282F3108801680B6823F490730B60CD
:1072300084F31088EFF3108182F31088026893685A
:1072400023F0805323F00103936081F31088C36E11
:10725000012B0AD1EFF3108183F3108802681368C1
:1072600023F01003136081F310882023C0F88C30C2
:107270000023C366436710BD38B5054600286DD0AE
:107280000368374A93424ED002F1704293424AD08B
:10729000344A934247D002F17042934243D0324A7B
:1072A000934240D002F1704293423CD02F4A934225
:1072B00039D002F17042934235D0B3F1502F32D021
:1072C00002F5806293422ED0294A93422BD002F1DC
:1072D0007042934227D0274A934224D002F1704251
:1072E000934220D0244A93421DD002F1704293422F
:1072F00019D0224A934216D002F17042934212D022
:107300001F4A93420FD002F1704293420BD01D4AA4
:10731000934208D002F17042934204D040F283219C
:107320001948F9F7D9FD24230024C5F888302B68C3
:1073300028461A6822F001021A601C605C609C609A
:10734000F9F77AFB2046C5F8904085F88440C5F8E7
:107350008840C5F88C40EC662C6738BD0120FCE7FE
:10736000001000520044005000480050004C0050F3
:107370000014005200780050007C005000180052A9
:10738000001C0052000C005609B30030F8B54268EA
:10739000B04B04469A4204D940F63641AE48F9F75C
:1073A0009BFDA368B3F1805F07D033F4805304D012
:1073B00040F63741A848F9F78FFD2268A749E368EE
:1073C0008A4204D001F170418A4240F0AF8033F428
:1073D000005304D040F63A419F48F9F77DFD2369F8
:1073E00033F4806207D0B3F5C06F04D040F6424159
:1073F0009948F9F771FD636933F00C0200D123B9A4
:1074000040F643419448F9F767FDA36933F44073AC
:1074100004D040F644419048F9F75EFDE36933F447
:10742000004304D040F645418B48F9F755FD636AA7
:107430000B2B04D940F646418748F9F74DFD2169E9
:10744000A26823680A4361691868E5690A438449A8
:107450002A4301400A431A605A68E16822F4405204
:107460000A435A607D4AA169934205D002F17042F5
:1074700093421CBF226A11439A6822F06E4222F4A2
:1074800030620A439A60DA6A616A22F00F020A43A4
:10749000DA62744A93427AD0734A934200F09C8035
:1074A00002F58062934200F09B8002F58062934275
:1074B00000F09A80B3F1502F00F09A806B4A93420B
:1074C00000F09A806A4A934200F09A8002F5806246
:1074D000934200F09980674A934200F0998002F548
:1074E0008062934200F098805C4A93422ED002F171
:1074F000704293424FF000004FF000014AD1FFF775
:1075000065FA002841D0616A5B4A656832F811204B
:1075100005EB4501B0FBF2F399421BD901204FF076
:107520000113A3660023C4E91D33F8BD33F44053AF
:1075300004D040F63E414848F9F7CEFC236A33F4C4
:1075400000633FF44CAF40F63F4145E74FF4000085
:107550000021D4E7B3EB053FE0D800231946F8F744
:10756000BFFF06460F4656EA0F27680830182A461E
:107570004FF0000347F10001F8F7B2FF3F4BA0F5D1
:1075800040729A42CAD82368D8600020C7E700201A
:107590004FF48071B5F5004F42D1FFF717FA00287C
:1075A000F3D0616A344B626833F81130B0FBF3F00A
:1075B000530803EB4003B3FBF2F34FF6EF72A3F172
:1075C00010019142AAD823F00F02216892B2C3F3AE
:1075D00042031343CB60D8E700204FF40071D9E792
:1075E00000204FF48061D5E700204FF40061D1E71F
:1075F00000204FF48051CDE700204FF40051C9E73F
:1076000000204FF48041C5E700204FF40041C1E75E
:1076100000204FF48031BDE700204FF40031B9E77E
:10762000FFF7D4F90028B0D0616A134B626833F8D1
:107630001130B0FBF3F303EB5203B3FBF2F34FF65D
:10764000EF72A3F1100191423FF668AF2268D36058
:107650009BE700BF1FBCBE0009B30030000C005602
:10766000F369FFCF00100052004400500014005294
:10767000007800500018005242B30030FFFC0F00A9
:10768000836A10B5FF2B044604D940F6CB417E48EF
:10769000F9F722FCA36A18070FD5A36B33F4004354
:1076A00004D04FF44D617848F9F716FC2268A16BBD
:1076B000536823F400430B435360A36AD9070FD5E3
:1076C000E36A33F4003304D040F6D7416E48F9F74B
:1076D00003FC2268E16A536823F400330B435360D0
:1076E000A36A9A070FD5236B33F4803304D040F696
:1076F000DE416548F9F7F0FB2268216B536823F4FB
:1077000080330B435360A36A5B070FD5636B33F47D
:10771000802304D040F6E5415B48F9F7DDFB2268A1
:10772000616B536823F480230B435360A36AD8062C
:107730000FD5E36B33F4805304D040F6EC4152484C
:10774000F9F7CAFB2268E16B936823F480530B437B
:107750009360A36A99060FD5236C33F4005304D0C9
:1077600040F6F4414848F9F7B7FB2268216C93686A
:1077700023F400530B439360A36A5A066FD5236822
:10778000424A934247D002F17042934243D0404A6A
:10779000934240D002F1704293423CD03D4A934222
:1077A00039D002F17042934235D03B4A934232D0F5
:1077B00002F1704293422ED0B3F1502F2BD002F53C
:1077C0008062934227D0354A934224D002F170421E
:1077D000934220D0324A93421DD002F1704293422C
:1077E00019D0304A934216D002F17042934212D01F
:1077F0002D4A93420FD002F1704293420BD02B4A94
:10780000934208D002F17042934204D040F6FC410A
:107810001D48F9F761FB636C33F4801304D040F624
:10782000FD411948F9F758FB2168626C4B68B2F5C5
:10783000801F23F4801343EA02034B600FD1A36C33
:1078400033F4C00304D040F602510F48F9F744FB6B
:107850002268A16C536823F4C0030B435360A36AEE
:107860001B060FD5E36C33F4002304D040F60A5115
:107870000548F9F731FB2268E16C536823F40023D3
:107880000B43536010BD00BF09B30030001000521D
:107890000044005000480050004C005000140052BA
:1078A00000780050007C005000180052001C00526C
:1078B0002DE9F84304460D4617469846DDF820901A
:1078C0002268D36935EA03030CBF01230023BB42BE
:1078D00001D0002022E0B9F1FF3FF2D0F9F7C4F85F
:1078E000A0EB0800484529D8B9F1000F26D021683F
:1078F0000B685A07E4D5802DE2D0402DE0D0CE6948
:1079000016F008060CD0082520460D62FFF785FC0E
:1079100000230120C4F8905084F88430BDE8F88337
:10792000CB691B05CCD54FF4006320460B62FFF7F3
:1079300074FC202384F88460C4F890300320EDE7C1
:107940002DE9F7431F46D0F888300446202B0D461A
:10795000164648D1002948D0002A46D021234FF0AE
:107960000009C0F89090C0F88830F9F77DF8A36856
:10797000A4F85460B3F5805FA4F8566080464E4684
:1079800004D123694B4504BF2E461D46B4F856204A
:10799000434692B2009742B940212046FFF788FF44
:1079A000202348B9C4F8883009E00022802120460D
:1079B000FFF77EFF30B120230320C4F8883003B0E6
:1079C000BDE8F08322685DB936F8023BC3F30803D3
:1079D0009362B4F85620013A92B2A4F85620D5E743
:1079E00015F8013BF4E70220E9E70120E7E773B56A
:1079F00000260446C0F89060F9F736F8236805467B
:107A00001B681A071FD56FF07E43324600934FF470
:107A1000001103462046FFF74BFFA0B1EFF31081A2
:107A2000012383F310882268136823F08003136016
:107A300081F310882023C4F888300320002384F8C1
:107A4000843002B070BD23681B685B0725D56FF0DA
:107A50007E43002200934FF480012B462046FFF71F
:107A600027FFD0B1EFF31080012282F31088216844
:107A70000B6823F490730B6080F31088EFF3108190
:107A800082F310882268936823F00103936081F3E6
:107A900010882023C4F88C30CFE720230020C4F8BE
:107AA0008830C4F88C30E0662067C7E710B504461C
:107AB000002800F0D08081690368684A00297CD0E2
:107AC00093424ED002F1704293424AD0644A9342AC
:107AD00047D002F17042934243D0624A934240D071
:107AE00002F1704293423CD05F4A934239D002F196
:107AF0007042934235D0B3F1502F32D002F58062FC
:107B000093422ED0594A93422BD002F170429342B5
:107B100027D0574A934224D002F17042934220D09A
:107B2000544A93421DD002F17042934219D0524AF6
:107B3000934216D002F17042934212D04F4A9342C0
:107B40000FD002F1704293420BD04D4A934208D0BD
:107B500002F17042934204D04FF4A0714948F9F702
:107B6000BBF9D4F8883023B9204684F88430F8F77C
:107B70002DFF24232268C4F88830136823F0010302
:107B80001360A36A13B12046FFF77AFD2046FFF782
:107B9000FDFB01285FD023682046BDE810405A68ED
:107BA00022F490425A609A6822F02A029A601A6877
:107BB00042F001021A60FFF71ABF9342D1D0324A55
:107BC0009342CED0264A9342CBD002F170429342E8
:107BD000C7D0244A9342C4D002F170429342C0D02D
:107BE000214A9342BDD002F170429342B9D0B3F121
:107BF000502FB6D002F580629342B2D01B4A934216
:107C0000AFD002F170429342ABD0194A9342A8D050
:107C100002F170429342A4D0164A9342A1D002F1DD
:107C2000704293429DD0144A93429AD002F170421E
:107C3000934296D0114A934293D002F170429342FC
:107C40008FD00F4A93428CD002F17042934288D079
:107C500040F2451182E7012010BD00BF0010005224
:107C60000044005000480050004C005000140052E6
:107C700000780050007C005000180052001C005298
:107C8000000C005609B30030001000422DE9F84FF7
:107C9000484B044698420E4654D003F17043984234
:107CA00050D0454B98424DD003F17043984249D093
:107CB000424B984246D003F17043984242D0404B29
:107CC00098423FD003F1704398423BD03D4B9842DD
:107CD00038D003F17043984234D03B4B984231D0B6
:107CE00003F1704398422DD0384B98422AD003F1CB
:107CF0007043984226D0364B984223D003F170430C
:107D000098421FD0334B98421CD003F170439842E5
:107D100018D0314B984215D003F17043984211D0DE
:107D20002E4B98420ED003F1704398420AD02C4B50
:107D3000984207D003F17043984203D0AD212948FF
:107D4000F9F7CAF833689AB212B1B3F5803F03D39A
:107D5000AE212448F9F7C0F87368012B14D9B3F5A4
:107D6000041F11D01DD8B3F5881F0DD009D8032BDF
:107D70000AD9113B012B07D9AF211A48F9F7ACF802
:107D800002E0B3F5901FF7D14FF000094F46DFF83E
:107D90002480DFF854A0356835FA07F326D1BDE812
:107DA000F88FB3F5441FEFD023F48013B3F5081F09
:107DB000E9E700BF00000256000402560008025620
:107DC000000C02560010025600140256001802560B
:107DD000001C02560034025600380256003C02567F
:107DE000004002565AB30030005002564FF0010BCB
:107DF0000BFA07FB1BEA050500F03081736803F0FE
:107E00000303013B012B1AD8F368032B03D9BE21CE
:107E10009E48F9F761F80323A26803FA09F322EAFE
:107E20000302F36803FA09F31343A36073686268FB
:107E3000C3F3001322EA0B02BB4013436360D6E98D
:107E4000013203F00303032B02D1012A00F08280E8
:107E5000022A03D9D1218D48F9F73EF80323E268BD
:107E600003FA09F322EA0302B36803FA09F313439E
:107E7000E360736803F00303022B6BD1444553D0D6
:107E8000834B9C4250D0834B9C424DD003F17043B6
:107E90009C4249D0804B9C4246D003F170439C42A7
:107EA00042D07E4B9C423FD003F170439C423BD07A
:107EB0007B4B9C4238D003F170439C4234D0794BC9
:107EC0009C4231D003F170439C422DD0764B9C42B2
:107ED0002AD003F170439C4226D0744B9C4223D09D
:107EE00003F170439C421FD0714B9C421CD003F1A4
:107EF00070439C4218D06F4B9C4215D003F17043E5
:107F00009C4211D06C4B9C420ED003F170439C42BA
:107F10000AD06A4B9C4207D003F170439C4203D0C5
:107F2000DE215A48F8F7D8FF33690F2B03D9DF2138
:107F30005648F8F7D1FF0F23FA0804EB820207F046
:107F40000701106A89008B4020EA030033698B40E7
:107F5000034313620323206803FA09F220EA0200B4
:107F6000726802EA030101FA09F1014312F4403F89
:107F7000216073D04FF00F0E27F0030101F1AC41E7
:107F800001F5143107EA0300D1F860C098400EFAF9
:107F900000FE44452CEA0E0C64D0DFF8F8E074458E
:107FA00062D00EF5806E744560D00EF5806E74451B
:107FB00020D03B4B9C425BD003F580639C4259D060
:107FC00003F580639C4257D003F580639C4255D0F3
:107FD00003F5C0539C4253D003F580639C4251D0BB
:107FE00003F580639C424FD003F580639C4214BF2D
:107FF00010230B23834043EA0C030B66DAF880302E
:1080000012F4803F23EA050143EA050308BF0B464B
:10801000CAF88030DAF8843012F4003F23EA050110
:1080200043EA050308BF0B46CAF88430DAF800308B
:1080300012F4801F23EA050143EA050308BF0B463B
:10804000CAF80030DAF8043012F4001F23EA050100
:1080500045EA030508BF0D46CAF80450013709F187
:10806000020998E60023C5E70123C3E70223C1E71D
:108070000423BFE70523BDE70623BBE70723B9E7D2
:108080000823B7E70923B5E70A23B3E75AB300305B
:10809000000002460004025600080256000C025678
:1080A000001002560014025600180256001C025618
:1080B0000034025600380256003C02560040025678
:1080C0002DE9F84F874B044698420D4655D003F1F1
:1080D0007043984251D0844B98424ED003F1704384
:1080E00098424AD0814B984247D003F1704398425E
:1080F00043D07F4B984240D003F1704398423CD02C
:108100007C4B984239D003F17043984235D07A4B7A
:10811000984232D003F1704398422ED0774B984268
:108120002BD003F17043984227D0754B984224D04E
:1081300003F17043984220D0724B98421DD003F156
:108140007043984219D0704B984216D003F1704397
:10815000984212D06D4B98420FD003F17043984271
:108160000BD06B4B984208D003F17043984204D077
:1081700040F22D116748F8F7AFFEABB213B1B5F579
:10818000803F04D34FF497716248F8F7A5FE0022B0
:108190004FF0010A4FF00F084FF0030B5E4835FA1D
:1081A00002F301D1BDE8F88F0AFA02FC1CEA0506C9
:1081B0007FD022F0030101F1AC4101F5143102F04E
:1081C00003070B6EFF0008FA07F909EA030E454B97
:1081D0009C4270D003F580639C426ED003F58063AF
:1081E0009C426CD003F580639C426AD003F58063A7
:1081F0009C4268D003F580639C4266D003F580639F
:108200009C4264D003F580639C4262D003F5C05366
:108210009C4260D003F580639C425ED003F580638E
:108220009C425CD003F580639C420CBF0B2310235F
:10823000BB40734517D1D0F8803023EA0603C0F85D
:108240008030D0F8843023EA0603C0F88430036815
:1082500023EA06030360436823EA060343600B6EC8
:1082600023EA09030B66236856000BFA06F633432C
:108270002360D30804EB830302F007011F6A89001F
:1082800008FA01F127EA01071F62A76827EA060733
:10829000A760676827EA0C076760E76827EA0607B0
:1082A000E7601E6C26EA01061E649E6C26EA010148
:1082B0009964013273E70023BAE70123B8E7022388
:1082C000B6E70323B4E70423B2E70523B0E70623A8
:1082D000AEE70723ACE70823AAE70923A8E70A23A8
:1082E000A6E700BF0000025600040256000802562E
:1082F000000C0256001002560014025600180256D6
:10830000001C02560034025600380256003C025649
:10831000004002565AB3003000500256042838B5C7
:1083200005460C4612D94FF45B711D48F8F7D4FD91
:10833000012C15D940F26D311948F8F7CDFD042D07
:108340000ED8DFE805F0060E151C24000129F6D929
:10835000F0E7144AD36B23F0807343EA0463D363DA
:1083600038BD104AD36B23F0007343EA4463F6E749
:108370000C4AD36B23F0806343EA8463EFE7094A36
:10838000536B23F0807343EA04635363E8E7054AC1
:10839000936B23F0807343EA04639363E0E700BFC9
:1083A00093B3003000480256024AD36B43F4007383
:1083B000D36370470048025602682DE9F8431368FA
:1083C000064623F04053136083680C467BB94B6824
:1083D00033F0404304D040F69F416C48F8F77CFDF1
:1083E00032686168136823F040430B4313602368CD
:1083F0003168022B4DD101F5C07201F5C47001F551
:10840000C87501F5D073A76C1760E76A67B1A76AF2
:108410001F60676BE36AD2F800C03B43276B3B43A6
:108420002CF47C173B4313600368676C23F01F0335
:108430003B430360D4F838E0BEF1000F04D023685A
:1084400013B9E36B013B0B64E368D4F81C90002B79
:1084500079D0D4E904C8B9F1000F4AD0D4E90807AB
:10846000BEF1000F29D04EEA030343EA090343EAB1
:10847000080343EA0C033B430343206C16680343A1
:108480004348304003431360A3682B60A3698B64A7
:1084900043E0032B01BF01F5A07201F5A47001F5C3
:1084A000A87501F5B0731FBF01F5807201F58470E6
:1084B00001F5887501F59073A5E743EA0903D2F841
:1084C00000E043EA080343EA0C033B432EF47C5EDE
:1084D00003432EF03F0E43EA0E031360F36AB3F139
:1084E000805FD1D16369082BCED1136843F000635C
:1084F000C9E71168BEF1000F12D04EEA0303206CE9
:1085000043EA080343EA0C0321F07061034321F0BE
:108510003F010B431360A3682B600020BDE8F88384
:1085200043EA080343EA0C0321F03F010B431360C5
:10853000F36AB3F1805FEED16369082BEBD1136866
:1085400043F00063E6E7B9F1000F1BD0D4E90860FF
:10855000BEF1000F0DD04EEA090315680343206CED
:108560003343034325F0706020F47C5003431360D1
:108570008CE7136840EA0900304323F47C53184326
:10858000106083E708230120F365C7E7CEB300300E
:10859000C0C0FFF02DE9F04104460E4615461F46C7
:1085A000DDF818802268136A334214BF01230023C8
:1085B000AB4201D1002012E0B8F1FF3FF3D0F8F751
:1085C00053FAC01B404502D8B8F1000FEAD14FF46E
:1085D00000730320A365E36D43F00103E365BDE889
:1085E000F0817047F7B50446F8F73EFA0646002CCE
:1085F00000F02A81A36833F0400304D04FF4B07137
:108600009248F8F769FCE36833F0407209D023F030
:108610000073B3F1806F04D040F261118B48F8F71A
:108620005BFC23691F2B04D94FF4B1718748F8F71D
:1086300053FC6369013B3F2B04D940F2631183482B
:10864000F8F74AFCA36933F0020304D04FF4B27187
:108650007E48F8F741FCE369012B04D940F265112B
:108660007A48F8F739FC236A33F400320CD0B3F5BA
:10867000403F09D023F48033B3F5802F04D04FF46A
:10868000B3717248F8F728FC636AFF2B04D940F2F3
:1086900067116E48F8F720FCA36A33F0804304D0DA
:1086A0004FF4B4716948F8F717FCE36A33F080536C
:1086B00004D040F269116548F8F70EFC236B1F2BBC
:1086C00004D94FF4B5716148F8F706FC6368013BC3
:1086D0003F2B04D940F26B115C48F8F7FDFB636B4C
:1086E000FF2B04D94FF4B6715848F8F7F5FBE36B4C
:1086F00033F0807304D040F26D115448F8F7ECFB6E
:10870000236C33F4001304D04FF4B7714F48F8F7DB
:10871000E3FB0023E365A76D002F40F08780204630
:10872000FFF75FFF41F28832E369E56821681D4386
:108730002369886845EA0345454B226603401D438B
:108740006369206A013B45EA03258D60CB6823F409
:10875000E0230343CB600B69206B23F4F81343EA57
:1087600000430B610B69606B23F0FF0303430B6154
:10877000A36B60684B610B68013823F47C5343EAB8
:1087800000230B602046009233463A462021FFF733
:1087900001FF002856D12368616ADA6822F0FF02DF
:1087A0000A43DA602B4A934242D002F1704293426C
:1087B0003ED0294A93423BD002F17042934237D0D7
:1087C000264A934234D002F17042934230D023685B
:1087D000E06B1968A26821F08071024321F040012A
:1087E0000A431A60D3F80811D4E90A2021F0A04105
:1087F00002430A43C3F808211A6842F001021A60D2
:10880000A269022A03D19A6842F002029A60226C9D
:10881000B2F5001F02BF9A6842F400129A60E36842
:10882000B3F1806F0CBF01230223A365002009E090
:10883000236E00220093202133462046FFF7AAFE34
:108840000028C4D003B0F0BD0120FBE7CEB3003058
:10885000FCC0E0F80050025800A0025800D00258B6
:10886000704710B5044668B103681A6822F0010227
:108870001A609A6822F002029A60FFF7F1FF002066
:10888000A06510BD0120FCE7F7B50C46054617466C
:10889000F8F7EAF823680646032B04D940F23D3185
:1088A0008448F8F719FBAB6843B9636833F0404379
:1088B00004D04FF450717F48F8F70EFBE368042BA7
:1088C00004D940F243317B48F8F706FBE3688BB1EB
:1088D000236933F0300304D040F246317548F8F78D
:1088E000FBFA636933F0080304D040F24731714862
:1088F000F8F7F2FAE36903B323F40072B2F5807F6C
:108900000DD1236A33F440532CD1636A33F40063EE
:1089100013D040F24E316748F8F7DEFA0DE0B3F5B8
:10892000007FEED0B3F5806FEBD040F24A31614862
:10893000F8F7D2FAE369002BE3D1E36A33B323F407
:108940000032B2F5803F13D1236B33F440133DD195
:10895000636B33F4002319D040F255315548F8F7D2
:10896000BBFA13E040F24D315248F8F7B5FACCE7C4
:10897000B3F5003FE8D0B3F5802FE5D040F2513198
:108980004C48F8F7A9FAE36A002BDDD1EB68A16B3C
:10899000B3F1806F20D189B321F08071B1F1806F84
:1089A00024D12368002B3DD0236C33F0006304D026
:1089B0004FF458713F48F8F78FFA636C1F2B1DD99D
:1089C00040F261313B48F8F787FA17E04FF45571F0
:1089D0003848F8F781FABBE781B121F00073B3F1B1
:1089E000807FDED0B1F1007FD6D1DAE74FF4567147
:1089F0003048F8F771FAA36B002BD2D1A36C33F097
:108A0000005304D04FF459712A48F8F765FAAB6D5A
:108A1000022B10D1EB68B3F1806F12D1102301202B
:108A2000EB6528E0E36B002BBED140F25E312148BC
:108A3000F8F752FAB8E7142B1FD12368023B012B39
:108A4000ECD833460022202128460097FFF7A2FDEC
:108A500070BBE86521462846FFF7AEFC58B9A36B0A
:108A60009BB933460122022128460097FFF792FD69
:108A700002222B685A6203B0F0BD242BCED12368AA
:108A800023F00203012BC9D1DBE723680BB90423D0
:108A900005E0012B05D1AB6D242BF8D01423AB6579
:108AA000E9E7022BE7D1AB6D142BF0D02423F6E7D6
:108AB0000220E0E7CEB300302DE9F34104468846BA
:108AC0001646F7F7D1FF27680546B8F1000F03D126
:108AD00008230120E3652EE0A36D042B2ED13B6C0F
:108AE000C4F844800133E364E36CA3643B6823F07F
:108AF00040533B602B460122042120460096FFF79D
:108B000049FDC0B9636C1B7887F85030636C013342
:108B10006364E36C013BE364E36C002BEAD12B4616
:108B20000122022120460096FFF734FD18B90223E6
:108B300022685362A36502B0BDE8F0811023C8E744
:108B40002DE9F341044616468846F7F78DFF256860
:108B50000746AA6CD5F81001B8F1000F03D108231D
:108B60000120E36535E0A36D042B3DD12B6CC4F8E7
:108B700044800133E364E36CA3642968E36821F073
:108B8000405141F08051B3F1806F296024D1AA6433
:108B90003B460122062120460096FFF7FBFCC0B9A8
:108BA00095F85020636C1A70636C01336364E36C56
:108BB000013BE364E36C002BEAD13B460122022136
:108BC00020460096FFF7E6FC18B90223226853629C
:108BD000A36502B0BDE8F081D5F8003113F4E06F71
:108BE000D5D1C5F81001D3E71023B9E72DE9F34734
:108BF00004460D461746F7F737FF23680646D3F8B5
:108C00004880D3F81091D3F840A0AB6833F4000348
:108C100004D040F232713248F8F75EF9EB6833F471
:108C2000800304D040F233712D48F8F755F92B69D1
:108C3000B3F5803F04D340F234712948F8F74CF97A
:108C4000BAF1030F04D940F235712548F8F744F919
:108C5000A36D042B3ED1EB68B3F5800F3AD13346B8
:108C60000022202120460097FFF794FC002835D1F0
:108C70002B682168C1F888306B68C1F880302B6997
:108C8000C1F890300A68D5E902351D4322F04353FC
:108C90001D43E36845F00055B3F1806F0D6011D1BD
:108CA000C1F8488033460122082120460097FFF78B
:108CB00071FC20B9082223685A620223A36502B01E
:108CC000BDE8F087D1F8003113F4E06FE8D1C1F8C6
:108CD0001091E7E710230120E365F0E70220EEE7BB
:108CE000CEB3003073B50C460546F7F7BDFE2368DA
:108CF000064633F0080304D040F2C6712F48F8F757
:108D0000EBF8A36833F0007304D040F2C7712B482E
:108D1000F8F7E2F8AB6D042B4BD12B6E00220093D9
:108D2000202133462846FFF735FC064658BB8823EA
:108D3000AB65A368B3F1007F28D12A68136843F0BC
:108D4000007313602368082B12D16368B3F5803F6A
:108D500004D340F2E3711948F8F7BEF82B68626853
:108D6000C3F8302110225A621A6842F480121A6045
:108D70002A682168136823F0405323F008030B434B
:108D800043F040531360304602B070BDE36833F0E7
:108D9000806304D040F2DB710848F8F79DF8D4E90D
:108DA0000230296803430A6822F0C06213430B6053
:108DB000C8E710230126EB65E5E700BFCEB300301E
:108DC00073B50446F7F750FEA36D054613F00C0F7C
:108DD00041D023681A6852070DD51A68206D22F019
:108DE00004021A6000F0D2FC08B10423E365606D50
:108DF00000F0CCFC30BB00202268136A13F0200F77
:108E0000136822D043F002031360236E0122009303
:108E100002212B462046FFF7BDFB88B902262368B6
:108E200002465E62236E2021009320462B46FFF708
:108E3000B1FB28B92268136823F040531360A6657C
:108E400002B070BD0423E365D6E723F040531360FE
:108E50000223A365F4E710230120E365F0E7000097
:108E6000FF2938B504460D4604D940F69521094836
:108E7000F8F732F8A06D10F0080007D1226865629B
:108E8000D36823F0FF032B43D36038BD10230120A8
:108E9000E365FAE7CEB30030036810B5B3F1A44F31
:108EA00004467DD0B3F1844F7AD0B3F1A04F77D090
:108EB000B3F1804F74D0534A934271D002F17042A3
:108EC00093426DD0504A93426AD002F1704293426D
:108ED00066D04E4A934263D002F1704293425FD013
:108EE0004B4A93425CD002F17042934258D0494AB7
:108EF000934255D002F17042934251D0464A934278
:108F00004ED002F1704293424AD0444A934247D035
:108F100002F17042934243D0414A934240D002F161
:108F2000704293423CD03F4A934239D002F17042A2
:108F3000934235D03C4A934232D002F17042934280
:108F40002ED03A4A93422BD002F17042934227D05E
:108F5000374A934224D002F17042934220D0354ADE
:108F600093421DD002F17042934219D0324A93428B
:108F700016D002F17042934212D0304A93420FD081
:108F800002F1704293420BD02D4A934208D002F175
:108F90007042934204D04FF4A8712A48F7F79CFF1F
:108FA000022341F2111284F83D302368196A1142FC
:108FB00008D144F24442196A114202BF1A6822F0F1
:108FC00001021A602046F7F777FD002084F8480078
:108FD00084F83C0084F83E0084F83F0084F84000A8
:108FE00084F8410084F8420084F8430084F8440087
:108FF00084F8450084F8460084F8470084F83D0072
:1090000010BD00BF0004005000080050000C0050CC
:10901000001000500014005000040052004C005298
:10902000003000500034005000180050001C005068
:1090300000200050004000520044005200480052FE
:10904000003C005207B40030036810B5B3F1A44FE0
:1090500004467DD0B3F1844F7AD0B3F1A04F77D0DE
:10906000B3F1804F74D0654A934271D002F17042DF
:1090700093426DD0624A93426AD002F170429342A9
:1090800066D0604A934263D002F1704293425FD04F
:109090005D4A93425CD002F17042934258D05B4AE1
:1090A000934255D002F17042934251D0584A9342B4
:1090B0004ED002F1704293424AD0564A934247D072
:1090C00002F17042934243D0534A934240D002F19E
:1090D000704293423CD0514A934239D002F17042DF
:1090E000934235D04E4A934232D002F170429342BD
:1090F0002ED04C4A93422BD002F17042934227D09B
:10910000494A934224D002F17042934220D0474A08
:1091100093421DD002F17042934219D0444A9342C7
:1091200016D002F17042934212D0424A93420FD0BD
:1091300002F1704293420BD03F4A934208D002F1B1
:109140007042934204D04FF4CE713C48F7F7C4FE0E
:1091500094F83D30012B4ED1022384F83D30236832
:10916000B3F1A44F39D0B3F1844F36D0B3F1A04F4F
:1091700033D0B3F1804F30D0204A93422DD002F14A
:109180007042934229D01E4A934226D002F1704287
:10919000934222D01B4A93421FD002F17042934265
:1091A0001BD01B4A934218D002F17042934214D054
:1091B000184A934211D002F1704293420DD0184ADE
:1091C00093420AD002F17042934206D0174A93426A
:1091D00003D002F17042934207D19968184A0A40BD
:1091E000062A06D0B2F5803F03D01A6842F0010289
:1091F0001A60002010BD0120FCE700BF00040050F1
:1092000000080050000C00500010005000140050E6
:1092100000040052004C0052003000500034005056
:1092200000180050001C0050002000500040005268
:109230000044005200480052003C005207B4003085
:1092400007000100036810B5B3F1A44F04467DD0B8
:10925000B3F1844F7AD0B3F1A04F77D0B3F1804F00
:1092600074D0444A934271D002F1704293426DD05F
:10927000414A93426AD002F17042934266D03F4A1B
:10928000934263D002F1704293425FD03C4A9342D2
:109290005CD002F17042934258D03A4A934255D082
:1092A00002F17042934251D0374A93424ED002F1BC
:1092B000704293424AD0354A934247D002F17042FD
:1092C000934243D0324A934240D002F170429342DB
:1092D0003CD0304A934239D002F17042934235D0AB
:1092E0002D4A934232D002F1704293422ED02B4A43
:1092F00093422BD002F17042934227D0284A9342E6
:1093000024D002F17042934220D0264A93421DD0CD
:1093100002F17042934219D0234A934216D002F1CF
:109320007042934212D0214A93420FD002F1704210
:1093300093420BD01E4A934208D002F170429342EE
:1093400004D040F2C1111B48F7F7C6FD41F21112DB
:109350002368196A114208D144F24442196A114241
:1093600002BF1A6822F001021A60012384F83D301E
:10937000002010BD0004005000080050000C0050F8
:10938000001000500014005000040052004C005225
:10939000003000500034005000180050001C0050F5
:1093A000002000500040005200440052004800528B
:1093B000003C005207B40030B0F1A44F036824D041
:1093C000B0F1844F21D0B0F1A04F1ED0B0F1804F4A
:1093D0001BD0534A904218D002F17042904214D0F0
:1093E000504A904211D002F1704290420DD04E4A44
:1093F00090420AD002F17042904206D04B4A90420D
:1094000003D002F1704290422CD14A6823F07003DD
:10941000B0F1A44F43EA020347D0B0F1844F44D0E7
:10942000B0F1A04F41D0B0F1804F3ED03C4A9042C5
:109430003BD002F17042904237D03A4A904234D049
:1094400002F17042904230D0374A90422DD002F162
:109450007042904229D0354A904226D002F17042A3
:10946000904222D0324A90421FD002F17042904284
:109470001BD0304A904218D002F17042904214D072
:109480002D4A904211D002F1704290420DD02B4AE9
:1094900090420AD002F17042904206D0284A90428F
:1094A00003D002F17042904203D1CA6823F44073A2
:1094B00013434A6923F08003134303608B68B0F1C0
:1094C000A44FC3620B6883621ED0B0F1844F1BD0DF
:1094D000164B984218D003F17043984214D0164BA3
:1094E000984211D003F1704398420DD0134B98422B
:1094F0000AD003F17043984206D0114B984203D032
:1095000003F17043984201D10B6903630123436166
:109510000369DB0742BF036923F00103036170475E
:109520000004005000080050000C005000040052DD
:10953000004C0052001800500040005200440052FD
:109540000048005210B50446002800F0FB80036874
:10955000B3F1A44F7DD0B3F1844F7AD0B3F1A04FD3
:1095600077D0B3F1804F74D0774A934271D002F133
:10957000704293426DD0754A93426AD002F17042B4
:10958000934266D0724A934263D002F17042934292
:109590005FD0704A93425CD002F17042934258D03F
:1095A0006D4A934255D002F17042934251D06B4ABA
:1095B00093424ED002F1704293424AD0684A93429D
:1095C00047D002F17042934243D0664A934240D062
:1095D00002F1704293423CD0634A934239D002F187
:1095E0007042934235D0614A934232D002F17042C8
:1095F00093422ED05E4A93422BD002F170429342A6
:1096000027D05C4A934224D002F17042934220D08A
:10961000594A93421DD002F17042934219D0574AE1
:10962000934216D002F17042934212D0544A9342B0
:109630000FD002F1704293420BD0524A934208D0AD
:1096400002F17042934204D04FF48D714E48F7F707
:1096500043FCA36833F010020AD023F04002202A12
:1096600006D0402B04D040F21B114748F7F734FCDA
:10967000236933F4807207D0B3F5007F04D04FF430
:109680008E714148F7F728FC2368E268B3F1A04FD8
:1096900017D0B3F1804F14D02B498B4211D001F178
:1096A00070418B420DD029498B420AD001F17041A3
:1096B0008B4206D026498B4203D001F170418B4288
:1096C00006D152B940F21D112F48F7F705FC04E00E
:1096D0004FF6FE73013A9A42F4D8A36933F080033F
:1096E00004D04FF48F712848F7F7F6FB94F83D301B
:1096F00003F0FF0223B9204684F83C20F7F7BCF9B9
:109700000223206884F83D30211DFFF755FE012318
:10971000002084F8483084F83E3084F83F3084F8E4
:10972000403084F8413084F8423084F8433084F883
:10973000443084F8453084F8463084F8473084F863
:109740003D3010BD0120FCE700040050000800502F
:10975000000C005000100050001400500004005293
:10976000004C0052003000500034005000180050EF
:10977000001C0050002000500040005200440052E5
:1097800000480052003C005207B4003038B504468F
:10979000F7F76AF9054644B194F85430022B06D025
:1097A0002023A365002384F84C30012038BD2268B3
:1097B000536943F004035361052384F8543023684C
:1097C0001A69900419D55A69216D42F002025A6152
:1097D000042284F854204FF4FE42DA600122090684
:1097E00048BF616F84F854204FF0000042BF0A73F5
:1097F00000229A6484F84C00D8E7F7F735F9401B4B
:109800000528DCD9A36D43F01003A365032384F876
:109810005430236D1D06C5D50122636F1A73C1E74D
:1098200038B50C46054630B119B102681E4B9A4254
:1098300003D001236B60012038BD0B68B3F5340FF2
:109840000DD0B3F5A20F0AD0B3F50A0F07D0B3F5C8
:10985000DE0F04D040F222611448F7F73DFB636845
:109860003BB1B3F1344F04D040F223610F48F7F716
:1098700033FBA3683BB1B3F5344F04D040F224610D
:109880000A48F7F729FB2368626803F47F0302F0B4
:109890007F421343A268002002F47F4213432A68E8
:1098A000C2F88C3EC8E700BF009000563FB40030BD
:1098B00038B50D46044628B102680C4B9A4203D0D5
:1098C00001234360012038BD31B1B42904D040F2F6
:1098D00069610748F7F700FB22680020D2F8903E44
:1098E00023F0FF032B43C2F8903EECE700900056B4
:1098F0003FB4003030B119B10368064A934203D037
:109900000123436001207047D3F8903E0020DBB272
:109910000B60704700900056044B82B0C3F85C0A9D
:10992000D3F85C320193019B02B07047008002566D
:1099300030B5204C85B0A27861781F4800F00CFC4F
:1099400018B16FF0040005B030BD00904FF44073C3
:10995000A2786178184800F079FC0028F1D1A2784B
:109960006178154800F0F8FB03460028E9D101258D
:109970000095A2786178104800F068FC0446002841
:10998000DFD12820FDF730FC224629460A4800F0A6
:10999000C2FA03460028D4D103AA009229460246FF
:1099A000054800F0AAFC0028CBD19DF80C30AB4252
:1099B000C9D0C6E730B6003034B6003030B5274DD8
:1099C000274C85B02046AA78697800F0C5FB18B10D
:1099D0006FF0040005B030BD00904FF44073204696
:1099E000AA78697800F032FC0028F1D12046AA78E4
:1099F000697800F0B1FB03460028E9D10222009209
:109A00002046AA78697800F021FC0028E0D12820BF
:109A1000FDF7EAFB4FF08073E3604FF08053204680
:109A2000E362FEF7DFFDA8B901222046114600F0EF
:109A300072FA03460028CBD103AA009201222046E5
:109A4000114600F05AFC0028C2D19DF80C30022BC0
:109A5000C0D0BDE76FF00300BCE700BF30B60030F8
:109A600034B6003001230F4A4FF0020CC0E9002346
:109A70000B684A68036100234262C3628A68C0E9D6
:109A800005C3C361036383600362CB688262012BF9
:109A90004FF08073C36004BF4FF08053C362FEF782
:109AA000A1BD00BF00A00258014610B5B0B90D4CD1
:109AB0000D48FFF7D5F9A37861785BB901220A4810
:109AC00000F08DFA10B16FF0040010BD02230020E9
:109AD0002370FAE7044800F0EFFAF3E76FF00100B3
:109AE000F3E700BF30B6003034B6003010B550B9DF
:109AF000094C2378022B09D10848FFF761F940B9D6
:109B00000123237010BD6FF00100FBE76FF01A0016
:109B1000F8E76FF00300F5E730B6003034B60030F8
:109B200038B5002855D12C4D2B781C46002B47D03A
:109B3000022B47D0002329482B706B70AB70FEF7C7
:109B400090FE40210028264814BF6FF00304002433
:109B5000FEF7B6FA01212248FEF7B2FA02212048A8
:109B6000FEF7AEFA04211E48FEF7AAFA08211C48A7
:109B7000FEF7A6FA10211A48FEF7A2FA202118488B
:109B8000FEF79EFA4FF480711548FEF799FA4FF4EC
:109B900000711348FEF794FA4FF480611048FEF705
:109BA0008FFA4FF400610E48FEF78AFA4FF48053A3
:109BB0000C4AC2F8203A1A44C2F82032C2F8603285
:109BC000204638BDFFF792FF0028B3D06FF00404A1
:109BD000F6E76FF00104F3E730B6003034B600303A
:109BE00000340256008002562DE9FF410D4616460C
:109BF00000285DD1314C2378022B5CD06378012B97
:109C00004DD10129A27809D1964207D10123002024
:109C100023706570A67004B0BDE8F081284F012163
:109C2000384600F099FA0346B0B90090ADF80C0040
:109C3000A2783846617800F009FB804660B9282098
:109C4000FDF7D2FAA378012B09D000221C48114657
:109C500000F061F9034670B16FF00400DBE73846AD
:109C6000C7F80C80C7F82C80FEF7BCFC0028ECD0AD
:109C70006FF00300CFE703AA0146009202461048A6
:109C800000F03BFB0028E7D19DF80C30002BE3D11E
:109C9000012DBBD1A37833B9FFF790FE05E0012970
:109CA000B4D1002AF8D1FFF743FE0028B3D1ADE7C5
:109CB0006FF00100AFE76FF01900ACE730B600308D
:109CC00034B600302DE9F04789460446814E8EB007
:109CD000002840F0F880DFF8088298F8003053B18F
:109CE00000256420002100FB0460FFF7B9F8284636
:109CF0000EB0BDE8F0874FF48053774A4FF48020D0
:109D0000C2F8603AD2F86012092500910099C2F8B1
:109D1000203A1A44C2F82032FFF7FEFDFEF744FB5A
:109D200001210220FEF7FAFA4FF40050FFF7F4FD8C
:109D30000127FFF7F1FDFFF7EFFDFFF7EDFDFFF75F
:109D4000EBFDFFF7E9FDFFF7E7FDFFF7E5FDFFF7A7
:109D5000E3FDFFF7E1FDFFF7DFFD02235F4805A903
:109D6000CDE90533CDE907730995FDF78FFF5B4812
:109D700005A905970995FDF789FF4023574805A9CF
:109D8000059307940995FDF781FF0423534805A91E
:109D900005930995FDF77AFF0823504805A9059317
:109DA0000995FDF773FF10234FF0200A4B4805A9D2
:109DB00005930995FDF76AFF484805A9CDF814A059
:109DC0000995FDF763FF4FF48073444805A9059397
:109DD0000995FDF75BFF4FF40073404805A9059313
:109DE0000995FDF753FF4FF480633C4805A905939F
:109DF0000995FDF74BFF4FF4006305A9374805931C
:109E00000995FDF743FF05A800F06CF803230293C2
:109E1000059B93FAA3F3002BB3FA83F208BF5246D3
:109E200099F80130304601A9019203940493FFF799
:109E300019FE00284AD122462146304600F0BDFADC
:109E400010B16FF004054CE722462146304600F081
:109E5000E5FA0028F5D122463946304600F0ADFA41
:109E60000028EED122463946304600F0D7FA0028C5
:109E7000E7D13A463946304600F09FFA0028E0D153
:109E80003A463946304600F0C9FA0028D9D1642054
:109E900088F8007088F8014088F80240FDF7A4F9BE
:109EA000304698F8022098F8011000F034F80028A5
:109EB000C7D199F8012099F80010FFF795FE002806
:109EC0003FF40EAFBDE76FF001050AE76FF0030541
:109ED00007E700BF34B60030008002560034025657
:109EE00030B600304FF000624FF48033C0E90023F9
:109EF0004FF480524FF40063C0E902324FF4004344
:109F00004FF48071C0E9043283614FF40023C0E94B
:109F100007130020704770B50D4698B00021064623
:109F2000144605A84C2200F0E5FC142200216846E6
:109F300000F0E0FC35B901239C4204D14FF0FF3022
:109F400018B070BD0423601E089343424341DA00F9
:109F5000002D0A9214BF012200224FEA02114FEA9B
:109F600082220C924FEAC3220E924FF440520D927D
:109F70000CBF4FF080724FF08062099140F2FA51AD
:109F800008BF052113924FEAC36228460791159234
:109F900003D0012C0CBF052004205B07179301237D
:109FA000012C0CBF02220122102101934FF48003E7
:109FB0001690CDE903311492304641F2883205A95A
:109FC000FEF762FC0028B9D141F28832694630467A
:109FD000FEF70CFE003818BF01204042B0E770B514
:109FE0000C4698B000210646154605A84C2200F004
:109FF00081FC1022002101A800F07CFC012C05D17D
:10A0000004233DB94FF0FF3018B070BD002C14BFD1
:10A01000042301230122002C089314BF13460023BC
:10A020004FEA03130592099340D1002D0CBF0B2377
:10A030000C23002C07930CBF4FF480734FF4806304
:10A04000002D0C930CBF4FF400534FF44053002CE1
:10A050000D930CBF4FF080734FF0806313930CBFD0
:10A060000823062341F28832304605A91693FEF7ED
:10A070000BFC0028C6D102230593D4B9002D18BFCC
:10A0800012230793002341F28832304605A9169324
:10A09000FEF7FAFB0028B5D1019001A93046FEF782
:10A0A00021FE003818BF01204042ADE74EF61343B1
:10A0B000BFE741F2ED23E4E730B5102599B004463F
:10A0C0003C22002106A800F015FC2A46002101A828
:10A0D00000F010FC01230593042308930823CDE925
:10A0E00009534EF6116307934FF480634FF4006EEB
:10A0F0000C934FF44053CDE90D3E4FF080634FF089
:10A10000006113930623CDE915134FF0005341F27C
:10A110008832204605A91793FEF7B6FB18B14FF019
:10A12000FF3019B030BD0223059341F2ED23CDE994
:10A13000160041F28832204605A90793FEF7A4FBDA
:10A140000028ECD1019001A92046FEF7CBFD003894
:10A1500018BF01204042E4E72DE9F0410E4698B0D7
:10A1600000210746154605A84C2200F0C3FB142227
:10A170000021684600F0BEFB3EB901239D4205D197
:10A180004FF0FF3018B0BDE8F0810423691E4C4247
:10A190004C41002E14BF4FF001084FF00008089307
:10A1A0004FEAC4030A934FEA0813099340F2F96394
:10A1B00008BF062341F28832384605A90793FEF707
:10A1C00063FB0028DCD1002E40F2FA5308BF0523C0
:10A1D00007934FEA88230C934FEAC4230E934FF45E
:10A1E00040530D930CBF4FF080734FF08063139377
:10A1F0004FEAC46332460B90159303D0012D0CBF78
:10A2000005220422012D0CBF0223012316926407AC
:10A2100041F28832384605A914931794FEF734FBAF
:10A220000028ADD102231022CDE900334FF4800382
:10A230000290CDE90332694641F288323846FEF792
:10A24000D5FC003818BF012040429BE7F0B50E4610
:10A2500095B00546144600214C2201A81F4600F087
:10A2600049FB36B901239C4204D14FF0FF3015B0B1
:10A27000F0BD04230493631E5A425A41D300002EBA
:10A28000069314BF012300234FEA0313059347F2FB
:10A290008D2308BF722303930CBF4FF480734FF4D8
:10A2A000806308934FEAC2230A934FF44053099303
:10A2B0000CBF4FF080734FF080634FEAC262079784
:10A2C0000F93119217D0012C14BF0123022341F2E6
:10A2D0008832284601A91093FEF7D6FA0028C4D187
:10A2E00041F2883228461AA9FEF7E6FB003818BF6B
:10A2F00001204042BBE70123E9E72DE9F0410E468A
:10A3000094B00746154600214C2201A8984600F05B
:10A31000F1FA3EB901239D4205D14FF0FF3014B050
:10A32000BDE8F081042304936B1E5C425C41E300B2
:10A33000002E069314BF012300234FEA0313059355
:10A3400047F28E1308BF712303930CBF4FF4807341
:10A350004FF4806308934FEAC4230A934FF44053A9
:10A3600009930CBF4FF080734FF080630F934FEA57
:10A37000C4633246CDF81C80119303D0012D0CBF6D
:10A3800005220422012D0CBF02230123129264072F
:10A3900041F28832384601A910931394FEF774FAFB
:10A3A0000028BAD141F2883238461A99FEF7C8FB24
:10A3B000003818BF01204042B1E770B50D4694B097
:10A3C0000646144600214C2201A800F093FA05BB72
:10A3D000012C20D00123621E54425441002D0493CD
:10A3E00014BF012300234FEA0313059346F2996338
:10A3F00008BF662341F288323046E40001A9069482
:10A400000393FEF741FA003818BF0120404214B010
:10A4100070BD0423DFE74FF0FF30F8E770B50D465D
:10A4200094B00646144600214C2201A800F062FABE
:10A4300005BB012C20D00123621E54425441002D43
:10A44000049314BF012300234FEA0313059349F635
:10A45000661308BF992341F288323046E40001A90F
:10A4600006940393FEF710FA003818BF012040420B
:10A4700014B070BD0423DFE74FF0FF30F8E70000B1
:10A480001FB514461A46094B05461B68D86854B9CF
:10A49000074B1C4600910749CDE901342B4600F0DB
:10A4A000B1F800F0AFFA044BF4E700BF00B500309C
:10A4B000B1B1003085B4003078B40030002310B55D
:10A4C00004468360818119464366C2810822836104
:10A4D000C0E90033C0E904335C3000F00BFA0D4BE7
:10A4E000246263620C4BA3620C4BE3620C4B23634C
:10A4F0000C4B9C4206D003F16802944202D0D03348
:10A500009C4205D104F15800BDE8104000F06ABA41
:10A5100010BD00BF65A2003087A20030BFA200308E
:10A52000E3A2003098B60030024A0349034800F025
:10A530007BB800BFF4B40030D5AD003004B50030B6
:10A5400041680C4B994210B5044601D000F0B2FEB0
:10A55000A168094B994202D0204600F0ABFEE168A9
:10A56000064B994204D02046BDE8104000F0A2BE40
:10A5700010BD00BF98B6003000B7003068B700309B
:10A5800010B50B4B04210B4C0B4A20461A600022DD
:10A59000FFF794FF04F1680001220921FFF78EFF05
:10A5A00004F1D00002221221BDE81040FFF786BF5F
:10A5B000D0B7003098B6003049A00030014800F014
:10A5C00012BA00BFD9B70030014800F00DBA00BF81
:10A5D000D9B7003010B50446FFF7F0FF236A1BB16E
:10A5E000BDE81040FFF7F0BF044B2362044B1B682B
:10A5F000002BF5D1FFF7C4FFF2E700BF61A00030E8
:10A60000D0B700300EB403B503AB0146054853F88C
:10A61000042B0068019300F01FFB02B05DF804EB0F
:10A6200003B0704700B500302DE9F843074688466F
:10A6300014460026D4E90195B9F1010905D524682D
:10A64000002CF7D13046BDE8F883AB89012B07D940
:10A65000B5F90E30013303D029463846C0470643CA
:10A660006835E9E70FB407B5064904AB086853F845
:10A67000042B8168019300F0EFFA03B05DF804EB5E
:10A6800004B0704700B50030036A70B505460E4649
:10A6900084680BB9FFF79EFF636EDB0705D4A389BF
:10A6A000980502D4A06D00F09EF9A389190702D580
:10A6B0002369002B35D12146284600F0C5F880B328
:10A6C0004FF0FF35636EDA0705D4A3899B0502D4EA
:10A6D000A06D00F089F9284670BD002B04DAA2694C
:10A6E0009A4217DC0A2915D023685A1C2260197077
:10A6F000A36816F8011F013BA3600029EDD1002BD0
:10A7000011DA22460A21284600F05FF80130D7D03E
:10A710000A25D7E72246284600F057F80130E7D14E
:10A72000CEE7013EE4E723685A1C22600A221A7031
:10A73000EEE70000024B01461868FFF7A5BF00BF17
:10A7400000B5003010B50C46B1F90E1000F0FCF861
:10A750000028ABBF636DA3891B1823F48053ACBFE3
:10A760006365A38110BD2DE9F0411F468B89054625
:10A770000C46DB05164605D502230022B1F90E1062
:10A7800000F0D0F8A3893246B4F90E10284623F41D
:10A790008053A3813B46BDE8F04100F0E7B810B517
:10A7A0000C46B1F90E1000F0BDF8431CA38915BF8B
:10A7B000606523F4805343F48053A38118BFA381C1
:10A7C00010BDB1F90E1000F09DB8F8B50E46144654
:10A7D000054618B1036A0BB9FFF7FCFEA369A36035
:10A7E000A3891A0701D5236943B92146284600F0F9
:10A7F0002BF818B14FF0FF373846F8BD2368F6B292
:10A8000022693746981A6369834205DC2146284647
:10A8100000F050FD0028EDD1A368013BA360236840
:10A820005A1C22601E70431C62699A4204D0A3899C
:10A83000DB07E1D50A2EDFD12146284600F03AFD9C
:10A840000028D9D0D6E7000038B5294B05460C467C
:10A85000186818B1036A0BB9FFF7BCFEB4F90C30E5
:10A86000190722D4DA0607D409222A6043F04003EC
:10A870004FF0FF30A38133E0580712D5616B41B12F
:10A8800004F14403994202D0284600F0C3F80023A3
:10A890006363A38923F02403A381002363602369F6
:10A8A0002360A38943F00803A38123694BB9A389DB
:10A8B00003F42073B3F5007F03D02146284600F04F
:10A8C00046FDB4F90C3013F001020AD00022A26058
:10A8D00062695242A261226942B913F08000C5D177
:10A8E00038BD990758BF6269A260F4E70020F7E716
:10A8F00000B5003002440346934200D1704703F88C
:10A90000011BF9E738B50023054D044608462B60C6
:10A9100000F0DEFD431C02D12B6803B1236038BD7B
:10A92000D4B7003038B50446064D0846114600221B
:10A930002A601A4600F0F4FD431C02D12B6803B1D3
:10A94000236038BDD4B7003038B50446064D0846FC
:10A95000114600222A601A4600F0EAFD431C02D18B
:10A960002B6803B1236038BDD4B7003038B5044636
:10A97000064D0846114600222A601A46F6F70CF8E2
:10A98000431C02D12B6803B1236038BDD4B700301B
:10A99000014B1868704700BF00B5003070B50D4D11
:10A9A00000260D4C641BA410A64209D10B4D0026B5
:10A9B0000B4C00F0D5FD641BA410A64205D170BD60
:10A9C00055F8043B01369847EEE755F8043B01364D
:10A9D0009847F2E7000000000000000000000000BF
:10A9E000000000007047704770470A44431E9142C0
:10A9F00000D1704710B511F8014B914203F8014F97
:10AA0000F9D110BD062008B500F006FD012000F0C8
:10AA1000A5FD000038B50546002941D051F8043C99
:10AA20000C1F002BB8BFE41800F0E0F81D4A1368B3
:10AA300033B9636014602846BDE8384000F0DCB8E4
:10AA4000A34208D9206821188B4201BF19685B68AE
:10AA500009182160EDE71A465B680BB1A342FAD9E9
:10AA600011685018A0420BD12068014450181160A1
:10AA70008342E0D118685B68084453601060DAE7ED
:10AA800002D90C232B60D6E7206821188B4202BF25
:10AA900019685B680918636008BF21605460CAE7E1
:10AAA00038BD00BFE0B7003070B50F4E0C4605460C
:10AAB000316811B900F0EEFC30602146284600F004
:10AAC000E9FC431C03D14FF0FF34204670BDC41C89
:10AAD00024F00304A042F8D0211A284600F0DAFC42
:10AAE0000130F2D1EFE700BFDCB700302DE9F843C9
:10AAF000CD1C064625F0030508350C2D38BF0C2566
:10AB0000002D01DBA94204D90C2333600020BDE8ED
:10AB1000F883DFF8D48000F069F8D8F800301C46DC
:10AB200044BB29463046FFF7BFFF431C044658D1BB
:10AB3000D8F800402746002F43D1002C4BD0236883
:10AB40003946304604EB030900F0A4FC814542D1AC
:10AB5000216830466D1A2946FFF7A6FF01303AD02A
:10AB600023682B442360D8F800305A6862BBC8F8C9
:10AB700000700FE02268521B20D40B2A17D96119EC
:10AB8000A342256018BF5960636808BFC8F8001069
:10AB900062514B60304600F02FF804F10B00231D8A
:10ABA00020F00700C21A1CBF1B1AA350AFE762684F
:10ABB000A3420CBFC8F800205A60EBE72346646844
:10ABC000AEE73C467F68B6E71A465B68A342FBD116
:10ABD00000235360DEE70C233046336000F00CF8AE
:10ABE00094E70560D6E700BFE0B700300148FFF703
:10ABF000FABE00BFD8B700300148FFF7F5BE00BF6E
:10AC0000D8B700309368013B002B936010B408DA8A
:10AC10009469A34201DB0A2903D15DF8044BFFF7D5
:10AC2000D4BD1368581C1060084619705DF8044BB9
:10AC30007047F8B506460F461446D518AC4201D108
:10AC4000002007E03A4614F8011B3046FFF7DAFF10
:10AC5000431CF3D1F8BD00002DE9F04F0D469DB027
:10AC600014469846064618B1036A0BB9FFF7B2FCC2
:10AC70006B6ED90705D4AB899A0502D4A86DFFF78E
:10AC8000B2FEAB891B0701D52B699BB9294630461B
:10AC9000FFF7DAFD70B16B6EDC0704D54FF0FF30C3
:10ACA0001DB0BDE8F08FAB899805F7D4A86DFFF70C
:10ACB0009BFEF3E70023CDF80C804FF00109DFF88D
:10ACC000B481099320238DF8293030238DF82A3060
:10ACD00023469A4613F8012B0AB1252AF9D1BAEB7B
:10ACE000040B0BD05B46224629463046FFF7A1FFF6
:10ACF000013000F0A780099A5A4409929AF800306E
:10AD0000002B00F09F8000234FF0FF320AF1010A70
:10AD1000049307938DF853301A93CDE905235446D5
:10AD20000522544814F8011B00F0C4FB049AD8B95A
:10AD3000D10644BF20238DF85330130744BF2B2383
:10AD40008DF853309AF800302A2B15D0079A5446C4
:10AD500000204FF00A0C214611F8013B303B092B33
:10AD60004BD9B0B1079214E0A0EB0803A24609FA50
:10AD700003F313430493D2E7039B191D1B68002BB5
:10AD80000391BBBF5B4242F0020207930793B8BF37
:10AD9000049223782E2B0AD163782A2B32D1039B7D
:10ADA00002341A1D1B6843EAE37303920593DFF82C
:10ADB000D4A003222178504600F07CFB38B1A0EBF0
:10ADC0000A004022049B013482401343049314F888
:10ADD000011B062228488DF8281000F06BFB002884
:10ADE0003FD0264B1BBB039B073323F007030833DD
:10ADF0000393099B3B4409936AE70CFB02320C4620
:10AE00000120A8E7002301344FF00A0C19460593EE
:10AE1000204610F8012B303A092A03D9002BC6D05E
:10AE20000591C4E70CFB012104460123F0E703ABC5
:10AE30002A4604A930460093114BAFF30080074621
:10AE4000781CD6D16B6ED90705D4AB899A0502D48C
:10AE5000A86DFFF7C9FDAB895B063FF51FAF0998E9
:10AE60001EE703AB2A4604A930460093044B00F0CA
:10AE70007DF8E4E7B4B40030BEB400300000000058
:10AE800053A70030BAB400302DE9F0471646984673
:10AE90008A6807460B690C46DDF820909342B8BFDC
:10AEA0001346336091F843200AB1013333602368BD
:10AEB000990642BF336802333360256815F00605F2
:10AEC00006D104F1190AE36832689B1AAB422BDC05
:10AED00094F843302268003B18BF0123920630D417
:10AEE00004F1430241463846C847013023D0236865
:10AEF0001A3454F80A2C03F00603042B0ABF54F842
:10AF00000E5C002533684FF0000608BFED1A54F8B8
:10AF1000123C08BF25EAE5759342C4BF9B1AED18A1
:10AF2000B5421AD1002008E0012352464146384676
:10AF3000C847013003D14FF0FF30BDE8F08701353D
:10AF4000C1E7E1185A1C30200233224481F8430043
:10AF500094F8451082F84310C2E701232246414687
:10AF60003846C8470130E6D00136D9E72DE9FF471A
:10AF70000F7E914680460C46782F9A460C9E01F132
:10AF8000430207D8622F0AD8002F00F0D280582F32
:10AF900000F0B98004F1420684F842703AE0A7F16B
:10AFA0006303152BF6D801A151F823F025AB00302F
:10AFB00039AB0030B5AA0030B5AA0030B5AA0030D0
:10AFC000B5AA003039AB0030B5AA0030B5AA0030C0
:10AFD000B5AA0030B5AA003039AC003063AB003000
:10AFE000F3AB0030B5AA0030B5AA00305BAC00303E
:10AFF000B5AA003063AB0030B5AA0030B5AA003066
:10B00000FBAB003033681A1D1B68326004F1420646
:10B0100084F8423001239DE033682068191D3160B7
:10B02000060601D51D6803E04506FBD5B3F90050BF
:10B03000002D03DA2D236D4284F8433059480A234A
:10B0400011E021683368080653F8045B02D449060E
:10B0500048BFADB26F2F3360524814BF0A23082394
:10B06000002184F843106668002EA660A2BF216804
:10B0700021F0040121600DB9002E4BD01646B5FB1E
:10B08000F3F103FB1157C75D06F8017D2F460D460E
:10B09000BB42F4D9082B0BD12368DF0708D52369FD
:10B0A00061689942DEBF302306F8013C06F1FF36A5
:10B0B000921B22614B4603AA21464046CDF800A0D0
:10B0C000FFF7E2FE01304AD14FF0FF3004B0BDE897
:10B0D000F087236843F020032360782732482368F1
:10B0E00084F845701F06316851F8045B02D45F068E
:10B0F00048BFADB23160D90744BF43F0200323609D
:10B100001DB11023ACE72748E9E7236823F02003AB
:10B110002360F6E71646BDE733682568181D6169A8
:10B1200030602E061B6801D5196002E06806FBD569
:10B130001980002316462361BCE7336800211A1DDD
:10B1400032601E686268304600F0B4F908B1801BB6
:10B15000606063682361002384F84330AAE72369B1
:10B16000324649464046D0470130ADD023689B0760
:10B1700013D4E068039B9842B8BF1846A6E70123A2
:10B18000324649464046D04701309DD00135E368FC
:10B1900003995B1AAB42F2DCEBE7002504F11906D8
:10B1A000F5E700BFC5B40030D6B40030B1F90C20CB
:10B1B0002DE9F041160705460C4654D44B68002B88
:10B1C00002DC0B6C002B48DDE66A002E45D0002324
:10B1D00012F480522F68216A2B6030D0626DA389EF
:10B1E000590705D56368D21A636B0BB1236CD21A69
:10B1F0000023E66A216A2846B047431CA38906D18A
:10B2000029681D292BD82A4A0A41D60727D40022AB
:10B21000D90462602269226004D5421C01D12B68E6
:10B2200003B96065616B2F60B9B104F144039942C1
:10B2300002D02846FFF7EEFB002363630DE00123F5
:10B240002846B0470246501CC9D12B68002BC6D0F7
:10B250001D2B01D0162B1DD12F60002021E043F0C3
:10B2600040031BB21AE00F69002FF6D093070E6857
:10B270000F600CBF4B690023A6EB07088B60B8F189
:10B28000000FEADD43463A46216A2846A66AB047DF
:10B29000002808DCB4F90C3043F040034FF0FF30D5
:10B2A000A381BDE8F0810744A8EB0008E7E700BFF1
:10B2B000FEFFBFDF38B50B6905460C4613B9002504
:10B2C000284638BD18B1036A0BB9FFF783F9B4F902
:10B2D0000C30002BF3D0626ED00704D4990502D451
:10B2E000A06DFFF780FB28462146FFF75FFF636EE6
:10B2F0000546DA07E4D4A3899B05E1D4A06DFFF7E6
:10B3000073FBDDE770B50C46B1F90E1096B015462B
:10B3100000291E460CDAA389002113F0800F14BF08
:10B3200040234FF48063002031602B6016B070BD65
:10B330006A4600F079F80028EDDB019901F47041CC
:10B34000A1F50053594259414FF48063EBE78B89D3
:10B35000F7B59D0706460C4607D504F14703236061
:10B3600023610123636103B0F0BD01AB6A46FFF7BF
:10B37000C9FF009F054630463946FFF7B7FB48B97D
:10B38000B4F90C309A05EED423F0030343F0020322
:10B39000A381E2E7A389206043F08003A381019B9E
:10B3A000C4E904075BB1B4F90E10304600F04EF862
:10B3B00028B1A38923F0030343F00103A381A389E8
:10B3C0001D43A581CFE71F2938B505460C4604D992
:10B3D000162303604FF0FF3038BDC26B12B152F834
:10B3E00021304BB9284600F053F822460146284642
:10B3F000BDE8384000F03AB8012B0AD0591C03D1FF
:10B40000162303600120E7E70021204642F82410BC
:10B4100098470020E0E70000024B01461868FFF75C
:10B42000D2BF00BF00B5003038B50023064D04463A
:10B43000084611462B6000F053F8431C02D12B68DC
:10B4400003B1236038BD00BFD4B7003038B5002346
:10B45000054D044608462B6000F052F8431C02D10B
:10B460002B6803B1236038BDD4B7003038B5002352
:10B47000064D0446084611462B6000F049F8431C6F
:10B4800002D12B6803B1236038BD00BFD4B70030B0
:10B4900000F02EB838B50023054D044608462B6051
:10B4A00000F04EF8431C02D12B6803B1236038BD75
:10B4B000D4B70030C9B20346024410B593421846CF
:10B4C00001D1002003E0047801338C42F6D110BD95
:10B4D000024B58224FF0FF301A607047D4B700304B
:10B4E000024B58224FF0FF301A607047D4B700303B
:10B4F000024B58224FF0FF301A607047D4B700302B
:10B50000024B582200201A60704700BFD4B70030A9
:10B51000024B58224FF0FF301A607047D4B700300A
:10B52000024B58224FF0FF301A607047D4B70030FA
:10B53000024B58224FF0FF301A607047D4B70030EA
:10B54000044A0346116809B90349116010680344AD
:10B5500013607047E4B70030E8B70030FEE7000042
:10B56000F8B500BFF8BC08BC9E467047F8B500BFF0
:10B57000F8BC08BC9E467047984FFF7F0100000052
:10B580007FE97FE9F5F726BE00000000000000001B
:10B5900000000000000000000000000000000000AB
:10B5A000726574203D3D204253505F4552524F52C8
:10B5B0005F4E4F4E45005372632F6D61696E2E636F
:10B5C000006875617274203D3D2026687561727453
:10B5D00031006874696D203D3D202674696D32002C
:10B5E000726574203D3D2048414C5F4F4B007265B1
:10B5F00074203D3D2030005F5F48414C5F52434323
:10B600005F425345435F49535F434C4B5F454E4157
:10B61000424C4544282900426F6F7420686561647C
:10B620006572207625642E256420646574656374D4
:10B6300065640A00426F6F742068656164657220FA
:10B640006973204E4F542070726573656E740043A9
:10B650006F70792066726F6D20257020746F2025C1
:10B660007020666F722025642062797465730A0009
:10B670004A756D7020746F206170706C69636174BD
:10B68000696F6E20257020287370203D2025702959
:10B690000A0054494D325F4465496E697400434F56
:10B6A0004E534F4C455F4465496E69740042535098
:10B6B0005F4465496E6974006F70656E5F646562B2
:10B6C0007567004150505F52756E004253505F499C
:10B6D0006E697400434F4E534F4C455F496E697419
:10B6E0000054494D325F496E697400537973746533
:10B6F0006D436C6F636B5F436F6E666967004841B3
:10B700004C5F54494D5F426173655F4D7370446592
:10B71000496E69740048414C5F54494D5F42617302
:10B72000655F4D7370496E69740048414C5F5541C7
:10B7300052545F4D7370496E69740046772F44729E
:10B7400069766572732F53544D33324E3678785F75
:10B7500048414C5F4472697665722F5372632F7350
:10B76000746D33326E3678785F68616C5F636F72C8
:10B770007465782E630046772F447269766572731C
:10B780002F53544D33324E3678785F48414C5F44E6
:10B7900072697665722F5372632F73746D33326ED4
:10B7A0003678785F68616C5F7263632E63004677FA
:10B7B0002F447269766572732F53544D33324E366F
:10B7C00078785F48414C5F4472697665722F537296
:10B7D000632F73746D33326E3678785F68616C5F97
:10B7E0007263635F65782E630046772F44726976D3
:10B7F0006572732F53544D33324E3678785F48411B
:10B800004C5F4472697665722F5372632F73746D47
:10B8100033326E3678785F68616C5F756172742E52
:10B820006300010002000400060008000A000C008A
:10B830001000200040008000000146772F4472690C
:10B84000766572732F53544D33324E3678785F4895
:10B85000414C5F4472697665722F5372632F737423
:10B860006D33326E3678785F68616C5F6770696FD0
:10B870002E630046772F447269766572732F535496
:10B880004D33324E3678785F48414C5F447269766A
:10B8900065722F5372632F73746D33326E367878FE
:10B8A0005F68616C5F7077725F65782E63004677C2
:10B8B0002F447269766572732F53544D33324E366E
:10B8C00078785F48414C5F4472697665722F537295
:10B8D000632F73746D33326E3678785F68616C5F96
:10B8E000787370692E630046772F447269766572AB
:10B8F000732F53544D33324E3678785F48414C5F46
:10B900004472697665722F5372632F73746D33328C
:10B910006E3678785F68616C5F74696D2E6300467F
:10B92000772F447269766572732F53544D33324EBC
:10B930003678785F48414C5F4472697665722F5360
:10B9400072632F73746D33326E3678785F68616C12
:10B950005F627365632E63002C2066756E63746985
:10B960006F6E3A2000617373657274696F6E202286
:10B97000257322206661696C65643A2066696C658E
:10B9800020222573222C206C696E65202564257386
:10B9900025730A00232D302B2000686C4C0065664F
:10B9A0006745464700303132333435363738394110
:10B9B0004243444546003031323334353637383926
:10B9C00061626364656600000090D00301000000BE
:10B9D00010000000000000000300000098B60030D6
:10B9E00004B500300000000098B6003000B7003009
:10B9F00068B70030000000000000000000000000F8
:10BA00000000000000000000000000000000000036
:10BA10000000000000000000000000000000000026
:10BA20000000000000000000000000000000000016
:10BA30000000000000000000000000000000000006
:040000057000000087
:00000001FF
